table,column,kind,resolution,label_key,label_text,proposed_label_if_missing,label_confidence,label_evidence,type
accounts,id,technical,hide: row identity (the trail names the record in its heading),,,ID,,,uuid
accounts,code,text,verbatim,,,Code,,,text
accounts,name_en,text,verbatim,dict.f.nameEn,Name (EN),,text-only,,text
accounts,name_zh,text,verbatim,dict.f.nameZh,Name (ZH),,text-only,,text
accounts,account_type,enum,"message keys finance.accountType.<v> (registered in scripts/check-i18n.mjs, build-checked)",,,Account type,,,text
accounts,is_active,boolean,words: Yes / No (common.yes/common.no if present) or a column-specific phrase,assets.status.active,Active,,text-only,,boolean
accounts,notes,text,verbatim,expense.form.notes,Notes,,high,app/finance/expenses/new/NewExpenseForm.tsx:416,text
accounts,created_by,audit_std,hide: the trail entry already says who and when,,,Created by,,,uuid
accounts,updated_by,audit_std,hide: the trail entry already says who and when,,,Updated by,,,uuid
accounts,created_at,audit_std,hide: the trail entry already says who and when,,,Created on,,,timestamp with time zone
accounts,updated_at,audit_std,hide: the trail entry already says who and when,,,Updated on,,,timestamp with time zone
accounts,is_system,boolean,words: Yes / No (common.yes/common.no if present) or a column-specific phrase,permissions.systemRole,system,,text-only,,boolean
accounts,is_monetary,boolean,words: Yes / No (common.yes/common.no if present) or a column-specific phrase,,,Monetary,,,boolean
accounts,is_cash,boolean,words: Yes / No (common.yes/common.no if present) or a column-specific phrase,,,Cash,,,boolean
accounts,cash_flow_section,enum,message keys finance.cashflow<V> (2/2 values; key exists; not seen on a page that reads this table),,,Cash flow section,,,text
approval_log,id,technical,hide: row identity (the trail names the record in its heading),,,ID,,,uuid
approval_log,seq,technical,hide,,,Seq,,,bigint
approval_log,subject_type,enum,message keys finance.approvals.subject_<v> (23/23 values; key exists; not seen on a page that reads this table),,,Subject type,,,text
approval_log,subject_id,uuid_nofk,"polymorphic / soft reference: resolve by the paired type column, else hide",,,Subject,,,uuid
approval_log,subject_code,text_code,"text code without FK: resolve via its dictionary or message keys if one exists, else show verbatim",,,Subject code,,,text
approval_log,decision,enum,NO message keys found for values submitted/approved/rejected/acknowledged/countersigned/auto_approved/approval_voided,finance.selfApproved.colDecision,Decision,,text-only,,text
approval_log,level,number,"number with unit (qty kg, %, rate); Intl en-US grouping",,,Level,,,smallint
approval_log,actor_user_id,actor,bare auth-account uuid (no FK) → person name via loadActorNames (app/components/ActorName.tsx:49),,,Actor user,,,uuid
approval_log,decided_at,timestamp_audit,"formatAuditStamp (lib/dates.ts:251) → ""2026-09-01 14:33"" today; DD/MM/YYYY HH:MM if Tim confirms",finance.paymentRequests.decidedAt,Decided,,text-only,,timestamp with time zone
approval_log,note,text,verbatim,attendance.colNote,Note,,text-only,,text
approval_log,amount_ccy,money,"formatAmount(n, row.currency) (lib/format.ts:32)",assets.detail.colAmountCcy,Amount,,text-only,,numeric
approval_log,currency,currency,"show the ISO code (currencies.code; every page shows the code, e.g. ""SGD"")",assets.history.field.currency,Currency,,text-only,,text
approval_log,fx_rate,number,"number with unit (qty kg, %, rate); Intl en-US grouping",hr.colFxRate,FX rate,,text-only,,numeric
approval_log,amount_base,money,"formatAmount(n, base currency from getBaseCurrency lib/currency.ts:16) (lib/format.ts:32)",assets.detail.colAmountCcy,Amount,,text-only,,numeric
approval_log,is_reconstructed,boolean,words: Yes / No (common.yes/common.no if present) or a column-specific phrase,,,Reconstructed,,,boolean
approval_log,reconstruction_note,text,verbatim,,,Reconstruction note,,,text
approval_log,created_at,audit_std,hide: the trail entry already says who and when,,,Created on,,,timestamp with time zone
approval_log,self_decided,boolean,words: Yes / No (common.yes/common.no if present) or a column-specific phrase,,,Self decided,,,boolean
assay_result_metals,assay_result_id,fk_document,"assay_results.code (document number, prefix ASY)",search.docType.assay_result,Assay results,,text-only,,uuid
assay_result_metals,metal,dict,substances.name_en (via code),assay.colMetal,Metal,,high,app/output/[id]/assays/[assayId]/AssayTables.tsx:30,text
assay_result_metals,content_pct,number,"number with unit (qty kg, %, rate); Intl en-US grouping",,,Content %,,,numeric
assay_result_metals,created_at,audit_std,hide: the trail entry already says who and when,,,Created on,,,timestamp with time zone
assay_results,id,technical,hide: row identity (the trail names the record in its heading),,,ID,,,uuid
assay_results,code,text,verbatim,,,Assay result number,,,text
assay_results,inbound_batch_id,fk_document,"inbound_batches.code (document number, prefix IN)",deleted.kind.inbound_batch,Inbound batch,,text-only,,uuid
assay_results,assay_date,date,"formatDate (lib/dates.ts:193) → today ""01 Sep 2026""; Tim now asks DD/MM/YYYY",assay.colDate,Assay date,,high,app/inbound/[id]/assays/[assayId]/page.tsx:232,date
assay_results,lab_name,dict,laboratories.name_en (via code),,,Lab name,,,text
assay_results,certificate_ref,text,verbatim,assay.colCertificate,Certificate ref,,high,app/inbound/[id]/assays/[assayId]/page.tsx:265,text
assay_results,sample_ref,text,verbatim,assay.colSample,Sample ref,,high,app/inbound/[id]/assays/[assayId]/page.tsx:271,text
assay_results,is_final,boolean,words: Yes / No (common.yes/common.no if present) or a column-specific phrase,assay.kindFinal,Final,,high,app/inbound/[id]/assays/[assayId]/page.tsx:280,boolean
assay_results,notes,text,verbatim,output.form.notes,Notes,,high,app/output/[id]/edit/EditOutputForm.tsx:196,text
assay_results,applied_at,timestamp_audit,"formatAuditStamp (lib/dates.ts:251) → ""2026-09-01 14:33"" today; DD/MM/YYYY HH:MM if Tim confirms",assay.applied,Applied,,high,app/inbound/[id]/assays/[assayId]/page.tsx:289,timestamp with time zone
assay_results,applied_by,actor,bare auth-account uuid (no FK) → person name via loadActorNames (app/components/ActorName.tsx:49),,,Applied by,,,uuid
assay_results,superseded_by,fk_document,"assay_results.code (document number, prefix ASY)",,,Superseded by,,,uuid
assay_results,deleted_at,timestamp_audit,"formatAuditStamp (lib/dates.ts:251) → ""2026-09-01 14:33"" today; DD/MM/YYYY HH:MM if Tim confirms",changeHistory.op.DELETE,Deleted,,text-only,,timestamp with time zone
assay_results,created_at,audit_std,hide: the trail entry already says who and when,,,Created on,,,timestamp with time zone
assay_results,created_by,audit_std,hide: the trail entry already says who and when,,,Created by,,,uuid
assay_results,updated_at,audit_std,hide: the trail entry already says who and when,,,Updated on,,,timestamp with time zone
assay_results,updated_by,audit_std,hide: the trail entry already says who and when,,,Updated by,,,uuid
assay_results,output_batch_id,fk_document,"output_batches.code (document number, prefix OUT)",deleted.kind.output_batch,Output batch,,text-only,,uuid
assay_results,weight_basis,enum,"message keys assay.basis_<v> (registered in scripts/check-i18n.mjs, build-checked)",assay.weightBasis,Weight basis,,high,app/inbound/[id]/assays/[assayId]/page.tsx:238,text
assay_results,moisture_pct,number,"number with unit (qty kg, %, rate); Intl en-US grouping",,,Moisture %,,,numeric
assay_results,result_party,enum,"message keys contracts.settlement.party.<v> | assay.party_<v> (registered in scripts/check-i18n.mjs, build-checked)",assay.resultParty,Whose result,,high,app/inbound/[id]/assays/[assayId]/page.tsx:244,text
asset_disposal_requests,id,technical,hide: row identity (the trail names the record in its heading),,,ID,,,uuid
asset_disposal_requests,status,enum,"message keys assetDisposal.status.<v> (registered in scripts/check-i18n.mjs, build-checked)",assets.history.field.status,Status,,text-only,,text
asset_disposal_requests,label,text,verbatim,batchLabel.col,Label,,text-only,,text
asset_disposal_requests,asset_id,fk_document,"fixed_assets.code (document number, prefix FA)",assetDisposal.asset,Asset,,text-only,,uuid
asset_disposal_requests,proceeds_base,money,"formatAmount(n, base currency from getBaseCurrency lib/currency.ts:16) (lib/format.ts:32)",assetDisposal.proceeds,Proceeds,,text-only,,numeric
asset_disposal_requests,bank_account,text,verbatim,bank.bankAccount,Bank account,,text-only,,text
asset_disposal_requests,reason,text,verbatim,assay.unapplyReason,Reason,,text-only,,text
asset_disposal_requests,snapshot,jsonb,no generic rendering: needs a per-column renderer or hide (never raw JSON),breadcrumb.snapshot,Snapshot,,text-only,,jsonb
asset_disposal_requests,estimate,jsonb,no generic rendering: needs a per-column renderer or hide (never raw JSON),processing.cost.estimateLabel,Estimate,,text-only,,jsonb
asset_disposal_requests,amount_base,money,"formatAmount(n, base currency from getBaseCurrency lib/currency.ts:16) (lib/format.ts:32)",assets.detail.colAmountCcy,Amount,,text-only,,numeric
asset_disposal_requests,decided_at,timestamp_audit,"formatAuditStamp (lib/dates.ts:251) → ""2026-09-01 14:33"" today; DD/MM/YYYY HH:MM if Tim confirms",finance.paymentRequests.decidedAt,Decided,,text-only,,timestamp with time zone
asset_disposal_requests,decided_by,actor,bare auth-account uuid (no FK) → person name via loadActorNames (app/components/ActorName.tsx:49),finance.selfApproved.colDecider,Decided by,,text-only,,uuid
asset_disposal_requests,decision_notes,text,verbatim,leave.decisionNotes,Decision notes,,text-only,,text
asset_disposal_requests,executed_at,timestamp_audit,"formatAuditStamp (lib/dates.ts:251) → ""2026-09-01 14:33"" today; DD/MM/YYYY HH:MM if Tim confirms",,,Executed on,,,timestamp with time zone
asset_disposal_requests,disposal_date,date,"formatDate (lib/dates.ts:193) → today ""01 Sep 2026""; Tim now asks DD/MM/YYYY",assetDisposal.date,Disposal date,,text-only,,date
asset_disposal_requests,result_entry_id,fk_document,"journal_entries.code (document number, prefix JE)",,,Result entry,,,uuid
asset_disposal_requests,result,jsonb,no generic rendering: needs a per-column renderer or hide (never raw JSON),,,Result,,,jsonb
asset_disposal_requests,withdrawn_at,timestamp_audit,"formatAuditStamp (lib/dates.ts:251) → ""2026-09-01 14:33"" today; DD/MM/YYYY HH:MM if Tim confirms",assetDisposal.status.withdrawn,withdrawn,,text-only,,timestamp with time zone
asset_disposal_requests,withdrawn_by,actor,bare auth-account uuid (no FK) → person name via loadActorNames (app/components/ActorName.tsx:49),,,Withdrawn by,,,uuid
asset_disposal_requests,withdraw_reason,text,verbatim,,,Withdraw reason,,,text
asset_disposal_requests,created_at,audit_std,hide: the trail entry already says who and when,,,Created on,,,timestamp with time zone
asset_disposal_requests,created_by,audit_std,hide: the trail entry already says who and when,,,Created by,,,uuid
attendance_lines,id,technical,hide: row identity (the trail names the record in its heading),,,ID,,,uuid
attendance_lines,period_id,fk_document,"attendance_periods.code (document number, prefix ATT)",bank.colPeriod,Period,,text-only,,uuid
attendance_lines,employee_id,fk_person,"employees.id → person name: loadActorNames(…, employeeIds) space=""employee"" (app/components/ActorName.tsx:49,119); employee_lookup view for readers without hr.view",attendance.colEmployee,Employee,,text-only,,uuid
attendance_lines,ot_normal_hours,number,"number with unit (qty kg, %, rate); Intl en-US grouping",,,Ot normal hours,,,numeric
attendance_lines,ot_rest_day_hours,number,"number with unit (qty kg, %, rate); Intl en-US grouping",,,Ot rest day hours,,,numeric
attendance_lines,ot_public_holiday_hours,number,"number with unit (qty kg, %, rate); Intl en-US grouping",,,Ot public holiday hours,,,numeric
attendance_lines,note,text,verbatim,attendance.colNote,Note,,high,app/hr/attendance/[id]/AttendanceGrid.tsx:120,text
attendance_lines,recorded_at,timestamp_audit,"formatAuditStamp (lib/dates.ts:251) → ""2026-09-01 14:33"" today; DD/MM/YYYY HH:MM if Tim confirms",search.sectionRecords,Records,,text-only,,timestamp with time zone
attendance_lines,recorded_by,actor,bare auth-account uuid (no FK) → person name via loadActorNames (app/components/ActorName.tsx:49),,,Recorded by,,,uuid
attendance_lines,unpaid_days,number,"number with unit (qty kg, %, rate); Intl en-US grouping",attendance.colUnpaidDays,Unpaid days,,high,app/me/MyAttendancePanel.tsx:48,numeric
attendance_lines,active_from,date,"formatDate (lib/dates.ts:193) → today ""01 Sep 2026""; Tim now asks DD/MM/YYYY",,,Active from,,,date
attendance_lines,active_to,date,"formatDate (lib/dates.ts:193) → today ""01 Sep 2026""; Tim now asks DD/MM/YYYY",assets.status.active,Active,,text-only,,date
attendance_lines,frozen_at,timestamp_audit,"formatAuditStamp (lib/dates.ts:251) → ""2026-09-01 14:33"" today; DD/MM/YYYY HH:MM if Tim confirms",cashForecast.colFrozen,Frozen,,text-only,,timestamp with time zone
attendance_periods,id,technical,hide: row identity (the trail names the record in its heading),,,ID,,,uuid
attendance_periods,code,text,verbatim,,,Attendance period number,,,text
attendance_periods,period_month,date,"formatDate (lib/dates.ts:193) → today ""01 Sep 2026""; Tim now asks DD/MM/YYYY",,,Period month,,,date
attendance_periods,status,enum,message keys attendance.status.<v> (2/2 values; key exists; not seen on a page that reads this table),expenseClaims.colStatus,Status,,high,app/me/MyExpenseClaimsPanel.tsx:135,text
attendance_periods,opened_at,timestamp_audit,"formatAuditStamp (lib/dates.ts:251) → ""2026-09-01 14:33"" today; DD/MM/YYYY HH:MM if Tim confirms",attendance.status.open,Open,,text-only,,timestamp with time zone
attendance_periods,opened_by,actor,bare auth-account uuid (no FK) → person name via loadActorNames (app/components/ActorName.tsx:49),,,Opened by,,,uuid
attendance_periods,completed_at,timestamp_audit,"formatAuditStamp (lib/dates.ts:251) → ""2026-09-01 14:33"" today; DD/MM/YYYY HH:MM if Tim confirms",hr.colCompletedDate,Completed,,text-only,,timestamp with time zone
attendance_periods,completed_by,actor,bare auth-account uuid (no FK) → person name via loadActorNames (app/components/ActorName.tsx:49),,,Completed by,,,uuid
attendance_periods,reopened_at,timestamp_audit,"formatAuditStamp (lib/dates.ts:251) → ""2026-09-01 14:33"" today; DD/MM/YYYY HH:MM if Tim confirms",bank.unreconcile,Reopen,,text-only,,timestamp with time zone
attendance_periods,reopened_by,actor,bare auth-account uuid (no FK) → person name via loadActorNames (app/components/ActorName.tsx:49),,,Reopened by,,,uuid
attendance_periods,reopen_reason,text,verbatim,attendance.reopenReason,Reason for reopening,,high,app/hr/attendance/[id]/AttendanceGrid.tsx:217,text
bank_import_profiles,id,technical,hide: row identity (the trail names the record in its heading),,,ID,,,uuid
bank_import_profiles,bank_account_code,enum,message keys finance.bank.<v> (2/2 values; used on a page that reads this table),bank.bankAccount,Bank account,,text-only,,text
bank_import_profiles,name,text,verbatim,bank.mappingName,Mapping name,,medium,app/finance/bank/import/ImportStatementForm.tsx:518,text
bank_import_profiles,mapping,jsonb,no generic rendering: needs a per-column renderer or hide (never raw JSON),,,Mapping,,,jsonb
bank_import_profiles,deleted_at,timestamp_audit,"formatAuditStamp (lib/dates.ts:251) → ""2026-09-01 14:33"" today; DD/MM/YYYY HH:MM if Tim confirms",changeHistory.op.DELETE,Deleted,,text-only,,timestamp with time zone
bank_import_profiles,created_at,audit_std,hide: the trail entry already says who and when,,,Created on,,,timestamp with time zone
bank_import_profiles,created_by,audit_std,hide: the trail entry already says who and when,,,Created by,,,uuid
bank_import_profiles,updated_at,audit_std,hide: the trail entry already says who and when,,,Updated on,,,timestamp with time zone
bank_import_profiles,updated_by,audit_std,hide: the trail entry already says who and when,,,Updated by,,,uuid
bank_line_matches,id,technical,hide: row identity (the trail names the record in its heading),,,ID,,,uuid
bank_line_matches,statement_line_id,fk_other,bank_statement_lines: composed description (see target table),,,Statement line,,,uuid
bank_line_matches,journal_line_id,fk_other,journal_lines: composed description (see target table),,,Journal line,,,uuid
bank_line_matches,matched_amount,money,"formatAmount(n, journal_lines.currency via journal_line_id) (lib/format.ts:32)",,,Matched amount,,,numeric
bank_line_matches,created_at,audit_std,hide: the trail entry already says who and when,,,Created on,,,timestamp with time zone
bank_line_matches,created_by,audit_std,hide: the trail entry already says who and when,,,Created by,,,uuid
bank_reconciliation_variance_items,id,technical,hide: row identity (the trail names the record in its heading),,,ID,,,uuid
bank_reconciliation_variance_items,reconciliation_id,fk_other,bank_reconciliations: composed description (see target table),,,Reconciliation,,,uuid
bank_reconciliation_variance_items,item_no,number,"number with unit (qty kg, %, rate); Intl en-US grouping",,,Item number,,,integer
bank_reconciliation_variance_items,item_kind,enum,"message keys bank.varianceKind.<v> (registered in scripts/check-i18n.mjs, build-checked)",,,Item kind,,,text
bank_reconciliation_variance_items,amount,money,"formatAmount(n, bank_reconciliations.currency via reconciliation_id) (lib/format.ts:32)",bank.colAmount,Amount,,high,app/finance/bank/statements/[id]/StatementLinesTable.tsx:70,numeric
bank_reconciliation_variance_items,note,text,verbatim,attendance.colNote,Note,,text-only,,text
bank_reconciliation_variance_items,created_at,audit_std,hide: the trail entry already says who and when,,,Created on,,,timestamp with time zone
bank_reconciliation_variance_items,created_by,audit_std,hide: the trail entry already says who and when,,,Created by,,,uuid
bank_reconciliations,id,technical,hide: row identity (the trail names the record in its heading),,,ID,,,uuid
bank_reconciliations,statement_id,fk_document,"bank_statements.code (document number, prefix BS)",chases.subject_statement,Statement,,text-only,,uuid
bank_reconciliations,as_of,date,"formatDate (lib/dates.ts:193) → today ""01 Sep 2026""; Tim now asks DD/MM/YYYY",finance.asOf,As of,,text-only,,date
bank_reconciliations,currency,currency,"show the ISO code (currencies.code; every page shows the code, e.g. ""SGD"")",assets.history.field.currency,Currency,,text-only,,text
bank_reconciliations,bank_closing_balance,money,"formatAmount(n, row.currency) (lib/format.ts:32)",bank.balancePanel.bankClosing,Bank closing balance,,text-only,,numeric
bank_reconciliations,book_balance,money,"formatAmount(n, row.currency) (lib/format.ts:32)",bank.balancePanel.bookBalance,Book balance,,text-only,,numeric
bank_reconciliations,difference,money,"formatAmount(n, row.currency) (lib/format.ts:32)",bank.balancePanel.difference,Difference,,text-only,,numeric
bank_reconciliations,matched_lines,number,"number with unit (qty kg, %, rate); Intl en-US grouping",,,Matched lines,,,integer
bank_reconciliations,ignored_lines,number,"number with unit (qty kg, %, rate); Intl en-US grouping",,,Ignored lines,,,integer
bank_reconciliations,reconciled_at,timestamp_audit,"formatAuditStamp (lib/dates.ts:251) → ""2026-09-01 14:33"" today; DD/MM/YYYY HH:MM if Tim confirms",bank.status.reconciled,Reconciled,,text-only,,timestamp with time zone
bank_reconciliations,reconciled_by,actor,bare auth-account uuid (no FK) → person name via loadActorNames (app/components/ActorName.tsx:49),,,Reconciled by,,,uuid
bank_reconciliations,superseded_at,timestamp_audit,"formatAuditStamp (lib/dates.ts:251) → ""2026-09-01 14:33"" today; DD/MM/YYYY HH:MM if Tim confirms",cashForecast.superseded,Superseded,,text-only,,timestamp with time zone
bank_reconciliations,superseded_reason,text,verbatim,,,Superseded reason,,,text
bank_reconciliations,created_at,audit_std,hide: the trail entry already says who and when,,,Created on,,,timestamp with time zone
bank_statement_lines,id,technical,hide: row identity (the trail names the record in its heading),,,ID,,,uuid
bank_statement_lines,statement_id,fk_document,"bank_statements.code (document number, prefix BS)",chases.subject_statement,Statement,,text-only,,uuid
bank_statement_lines,line_no,number,"number with unit (qty kg, %, rate); Intl en-US grouping",bank.colLineNo,Line,,high,app/finance/bank/statements/[id]/StatementLinesTable.tsx:44,integer
bank_statement_lines,line_date,date,"formatDate (lib/dates.ts:193) → today ""01 Sep 2026""; Tim now asks DD/MM/YYYY",,,Line date,,,date
bank_statement_lines,description,text,verbatim,bank.colDescription,Description,,high,app/finance/bank/statements/[id]/StatementLinesTable.tsx:56,text
bank_statement_lines,reference,text,verbatim,finance.transfer.reference,Bank reference,,high,app/finance/bank/TransferForm.tsx:76,text
bank_statement_lines,amount,money,"formatAmount(n, bank_statements.currency via statement_id) (lib/format.ts:32)",bank.balancePanel.amount,Amount,,high,app/finance/bank/statements/[id]/reconcile/ReconcileWorkspace.tsx:440,numeric
bank_statement_lines,match_status,enum,"message keys bank.lineStatus.<v> (registered in scripts/check-i18n.mjs, build-checked)",,,Match status,,,text
bank_statement_lines,ignore_reason,text,verbatim,bank.ignoreReason,Ignore reason,,high,app/finance/bank/statements/[id]/StatementLinesTable.tsx:122,text
bank_statement_lines,notes,text,verbatim,assay.notes,Notes,,text-only,,text
bank_statement_lines,created_at,audit_std,hide: the trail entry already says who and when,,,Created on,,,timestamp with time zone
bank_statements,id,technical,hide: row identity (the trail names the record in its heading),,,ID,,,uuid
bank_statements,code,text,verbatim,,,Bank statement number,,,text
bank_statements,bank_account_code,enum,"message keys finance.bank.<v> (registered in scripts/check-i18n.mjs, build-checked)",bank.bankAccount,Bank account,,text-only,,text
bank_statements,currency,currency,"show the ISO code (currencies.code; every page shows the code, e.g. ""SGD"")",assets.history.field.currency,Currency,,text-only,,text
bank_statements,period_start,date,"formatDate (lib/dates.ts:193) → today ""01 Sep 2026""; Tim now asks DD/MM/YYYY",bank.periodStart,Period start,,text-only,,date
bank_statements,period_end,date,"formatDate (lib/dates.ts:193) → today ""01 Sep 2026""; Tim now asks DD/MM/YYYY",assets.depPeriodEnd,Period end,,text-only,,date
bank_statements,opening_balance,money,"formatAmount(n, row.currency) (lib/format.ts:32)",bank.openingBalance,Opening balance,,text-only,,numeric
bank_statements,closing_balance,money,"formatAmount(n, row.currency) (lib/format.ts:32)",bank.closingBalance,Closing balance,,high,app/finance/bank/page.tsx:182,numeric
bank_statements,file_name,text,verbatim,bank.fileName,Source file,,high,app/finance/bank/statements/[id]/page.tsx:358,text
bank_statements,status,enum,"message keys bank.status.<v> (registered in scripts/check-i18n.mjs, build-checked)",finance.colStatus,Status,,high,app/finance/bank/statements/StatementsTable.tsx:65,text
bank_statements,reconciled_at,timestamp_audit,"formatAuditStamp (lib/dates.ts:251) → ""2026-09-01 14:33"" today; DD/MM/YYYY HH:MM if Tim confirms",bank.reconciledAt,Reconciled at,,high,app/finance/bank/statements/[id]/page.tsx:376,timestamp with time zone
bank_statements,reconciled_by,actor,bare auth-account uuid (no FK) → person name via loadActorNames (app/components/ActorName.tsx:49),,,Reconciled by,,,uuid
bank_statements,notes,text,verbatim,assay.notes,Notes,,text-only,,text
bank_statements,deleted_at,timestamp_audit,"formatAuditStamp (lib/dates.ts:251) → ""2026-09-01 14:33"" today; DD/MM/YYYY HH:MM if Tim confirms",changeHistory.op.DELETE,Deleted,,text-only,,timestamp with time zone
bank_statements,created_at,audit_std,hide: the trail entry already says who and when,,,Created on,,,timestamp with time zone
bank_statements,created_by,audit_std,hide: the trail entry already says who and when,,,Created by,,,uuid
bank_statements,updated_at,audit_std,hide: the trail entry already says who and when,,,Updated on,,,timestamp with time zone
bank_statements,updated_by,audit_std,hide: the trail entry already says who and when,,,Updated by,,,uuid
bank_transfers,id,technical,hide: row identity (the trail names the record in its heading),,,ID,,,uuid
bank_transfers,transfer_date,date,"formatDate (lib/dates.ts:193) → today ""01 Sep 2026""; Tim now asks DD/MM/YYYY",finance.paymentRequests.transferDate,Transfer date,,text-only,,date
bank_transfers,from_account,enum,message keys finance.bank.<v> (2/2 values; used on a page that reads this table),,,From account,,,text
bank_transfers,to_account,enum,message keys finance.bank.<v> (2/2 values; used on a page that reads this table),finance.transfer.colAccounts,Accounts,,high,app/finance/bank/TransfersTable.tsx:72,text
bank_transfers,amount_out,money,NO determinable currency column,finance.transfer.amountOut,Amount out (source ccy),,high,app/finance/bank/TransferForm.tsx:64,numeric
bank_transfers,amount_in,money,NO determinable currency column,finance.transfer.amountIn,Amount in (dest ccy),,high,app/finance/payment-requests/[id]/page.tsx:183,numeric
bank_transfers,bank_reference,text,verbatim,finance.transfer.reference,Bank reference,,high,app/finance/payment-requests/[id]/page.tsx:186,text
bank_transfers,notes,text,verbatim,assay.notes,Notes,,text-only,,text
bank_transfers,journal_entry_id,fk_document,"journal_entries.code (document number, prefix JE)",assay.journalLink,Journal entry,,text-only,,uuid
bank_transfers,reversed_at,timestamp_audit,"formatAuditStamp (lib/dates.ts:251) → ""2026-09-01 14:33"" today; DD/MM/YYYY HH:MM if Tim confirms",expenseClaims.reversed,Reversed,,text-only,,timestamp with time zone
bank_transfers,reversed_by,actor,bare auth-account uuid (no FK) → person name via loadActorNames (app/components/ActorName.tsx:49),finance.freight.colReversedBy,Reversed by,,text-only,,uuid
bank_transfers,reversal_entry_id,fk_document,"journal_entries.code (document number, prefix JE)",finance.freight.colReversalEntry,Reversal entry,,text-only,,uuid
bank_transfers,created_at,audit_std,hide: the trail entry already says who and when,,,Created on,,,timestamp with time zone
bank_transfers,created_by,audit_std,hide: the trail entry already says who and when,,,Created by,,,uuid
batch_processing_cost_allocations,id,technical,hide: row identity (the trail names the record in its heading),,,ID,,,uuid
batch_processing_cost_allocations,run_id,fk_document,"processing_runs.code (document number, prefix PROC)",finance.costSettle.colRun,Run,,text-only,,uuid
batch_processing_cost_allocations,inbound_batch_id,fk_document,"inbound_batches.code (document number, prefix IN)",deleted.kind.inbound_batch,Inbound batch,,text-only,,uuid
batch_processing_cost_allocations,amount_base,money,"formatAmount(n, base currency from getBaseCurrency lib/currency.ts:16) (lib/format.ts:32)",assets.detail.colAmountCcy,Amount,,text-only,,numeric
batch_processing_cost_allocations,basis_qty,number,"number with unit (qty kg, %, rate); Intl en-US grouping",,,Basis quantity,,,numeric
batch_processing_cost_allocations,basis_total_qty,number,"number with unit (qty kg, %, rate); Intl en-US grouping",,,Basis total quantity,,,numeric
batch_processing_cost_allocations,created_at,audit_std,hide: the trail entry already says who and when,,,Created on,,,timestamp with time zone
batch_processing_cost_allocations,created_by,audit_std,hide: the trail entry already says who and when,,,Created by,,,uuid
battery_chemistries,code,own_key,show as-is: the record's own business key (code/number),,,Code,,,text
battery_chemistries,name_en,text,verbatim,dict.f.nameEn,Name (EN),,high,app/settings/dictionaries/DictSection.tsx:199,text
battery_chemistries,name_zh,text,verbatim,dict.f.nameZh,Name (ZH),,high,app/settings/dictionaries/DictSection.tsx:204,text
battery_chemistries,is_active,boolean,words: Yes / No (common.yes/common.no if present) or a column-specific phrase,dict.f.isActive,Status,,high,app/settings/dictionaries/DictSection.tsx:86,boolean
battery_chemistries,sort_order,technical,hide,,,Sort order,,,integer
battery_chemistries,notes,text,verbatim,dict.f.notes,Notes,,high,app/settings/dictionaries/DictSection.tsx:238,text
cash_forecast_lines,id,technical,hide: row identity (the trail names the record in its heading),,,ID,,,uuid
cash_forecast_lines,label,text,verbatim,cashForecast.label,Description,,high,app/finance/cash-forecast/RecurringLines.tsx:52,text
cash_forecast_lines,direction,enum,message keys cashForecast.dir_<v> (2/2 values; used on a page that reads this table),cashForecast.direction,Direction,,high,app/finance/cash-forecast/RecurringLines.tsx:110,text
cash_forecast_lines,amount_ccy,money,"formatAmount(n, row.currency) (lib/format.ts:32)",cashForecast.amount,Amount,,high,app/finance/cash-forecast/RecurringLines.tsx:58,numeric
cash_forecast_lines,currency,currency,"show the ISO code (currencies.code; every page shows the code, e.g. ""SGD"")",cashForecast.currency,Currency,,high,app/finance/cash-forecast/RecurringLines.tsx:120,text
cash_forecast_lines,cadence,enum,message keys cashForecast.cadence_<v> (5/5 values; used on a page that reads this table),cashForecast.cadence,How often,,high,app/finance/cash-forecast/RecurringLines.tsx:55,text
cash_forecast_lines,start_date,date,"formatDate (lib/dates.ts:193) → today ""01 Sep 2026""; Tim now asks DD/MM/YYYY",cashForecast.startDate,First occurrence,,high,app/finance/cash-forecast/RecurringLines.tsx:60,date
cash_forecast_lines,end_date,date,"formatDate (lib/dates.ts:193) → today ""01 Sep 2026""; Tim now asks DD/MM/YYYY",cashForecast.endDate,Last occurrence (optional),,high,app/finance/cash-forecast/RecurringLines.tsx:61,date
cash_forecast_lines,notes,text,verbatim,assay.notes,Notes,,text-only,,text
cash_forecast_lines,is_active,boolean,words: Yes / No (common.yes/common.no if present) or a column-specific phrase,assets.status.active,Active,,text-only,,boolean
cash_forecast_lines,created_at,audit_std,hide: the trail entry already says who and when,,,Created on,,,timestamp with time zone
cash_forecast_lines,created_by,audit_std,hide: the trail entry already says who and when,,,Created by,,,uuid
cash_forecast_lines,updated_at,audit_std,hide: the trail entry already says who and when,,,Updated on,,,timestamp with time zone
cash_forecast_lines,updated_by,audit_std,hide: the trail entry already says who and when,,,Updated by,,,uuid
cash_forecasts,id,technical,hide: row identity (the trail names the record in its heading),,,ID,,,uuid
cash_forecasts,code,text,verbatim,,,Cash forecast number,,,text
cash_forecasts,week_start,date,"formatDate (lib/dates.ts:193) → today ""01 Sep 2026""; Tim now asks DD/MM/YYYY",cashForecast.weekStart,Starting Monday,,high,app/finance/cash-forecast/page.tsx:68,date
cash_forecasts,horizon_weeks,number,"number with unit (qty kg, %, rate); Intl en-US grouping",,,Horizon weeks,,,integer
cash_forecasts,opening,jsonb,no generic rendering: needs a per-column renderer or hide (never raw JSON),cashForecast.opening,Opening cash,,high,app/finance/cash-forecast/ForecastGrid.tsx:190,jsonb
cash_forecasts,buckets,jsonb,no generic rendering: needs a per-column renderer or hide (never raw JSON),movements.colBucket,Bucket,,text-only,,jsonb
cash_forecasts,lines,jsonb,no generic rendering: needs a per-column renderer or hide (never raw JSON),bank.colLines,Lines,,text-only,,jsonb
cash_forecasts,undated,jsonb,no generic rendering: needs a per-column renderer or hide (never raw JSON),,,Undated,,,jsonb
cash_forecasts,promises_memo,jsonb,no generic rendering: needs a per-column renderer or hide (never raw JSON),,,Promises memo,,,jsonb
cash_forecasts,buffer,jsonb,no generic rendering: needs a per-column renderer or hide (never raw JSON),,,Buffer,,,jsonb
cash_forecasts,base_currency,currency,"show the ISO code (currencies.code; every page shows the code, e.g. ""SGD"")",assets.history.field.currency,Currency,,text-only,,text
cash_forecasts,frozen_at,timestamp_audit,"formatAuditStamp (lib/dates.ts:251) → ""2026-09-01 14:33"" today; DD/MM/YYYY HH:MM if Tim confirms",cashForecast.colFrozen,Frozen,,high,app/finance/cash-forecast/FrozenForecastsTable.tsx:31,timestamp with time zone
cash_forecasts,frozen_by,actor,bare auth-account uuid (no FK) → person name via loadActorNames (app/components/ActorName.tsx:49),,,Frozen by,,,uuid
cash_forecasts,superseded_at,timestamp_audit,"formatAuditStamp (lib/dates.ts:251) → ""2026-09-01 14:33"" today; DD/MM/YYYY HH:MM if Tim confirms",cashForecast.superseded,Superseded,,high,app/finance/cash-forecast/FrozenForecastsTable.tsx:22,timestamp with time zone
cash_forecasts,superseded_by,fk_document,"cash_forecasts.code (document number, prefix FCST)",,,Superseded by,,,uuid
cash_forecasts,superseded_reason,text,verbatim,,,Superseded reason,,,text
certificate_types,code,own_key,show as-is: the record's own business key (code/number),,,Code,,,text
certificate_types,name_en,text,verbatim,dict.f.nameEn,Name (EN),,text-only,,text
certificate_types,name_zh,text,verbatim,dict.f.nameZh,Name (ZH),,text-only,,text
certificate_types,disposition,enum,message keys equipment.intervals.disp<V> (partial 2/3: block/warn/ignore; key exists; not seen on a page that reads this table),,,Disposition,,,text
certificate_types,warn_lead_days,number,"number with unit (qty kg, %, rate); Intl en-US grouping",,,Warn lead days,,,integer
certificate_types,is_active,boolean,words: Yes / No (common.yes/common.no if present) or a column-specific phrase,assets.status.active,Active,,text-only,,boolean
certificate_types,sort_order,technical,hide,,,Sort order,,,integer
certificate_types,notes,text,verbatim,suppliers.form.notes,Notes,,high,app/suppliers/[id]/edit/EditSupplierForm.tsx:262,text
certificates_of_destruction,id,technical,hide: row identity (the trail names the record in its heading),,,ID,,,uuid
certificates_of_destruction,inbound_batch_id,fk_document,"inbound_batches.code (document number, prefix IN)",deleted.kind.inbound_batch,Inbound batch,,text-only,,uuid
certificates_of_destruction,completed_on,date,"formatDate (lib/dates.ts:193) → today ""01 Sep 2026""; Tim now asks DD/MM/YYYY",cod.completedOn,Processing completed,,high,app/inbound/[id]/edit/CertificatePanel.tsx:116,date
certificates_of_destruction,code,text,verbatim,,,Certificates of destruction number,,,text
certificates_of_destruction,status,enum,message keys cod.status<V> (3/3 values; used on a page that reads this table),inbound.colStatus,Status,,high,app/inbound/InboundTable.tsx:135,text
certificates_of_destruction,issued_at,timestamp_audit,"formatAuditStamp (lib/dates.ts:251) → ""2026-09-01 14:33"" today; DD/MM/YYYY HH:MM if Tim confirms",cod.issuedOn,Issued on,,high,app/inbound/[id]/edit/CertificatePanel.tsx:93,timestamp with time zone
certificates_of_destruction,issued_by,actor,bare auth-account uuid (no FK) → person name via loadActorNames (app/components/ActorName.tsx:49),,,Issued by,,,uuid
certificates_of_destruction,verification_token,uuid_nofk,"polymorphic / soft reference: resolve by the paired type column, else hide",,,Verification token,,,uuid
certificates_of_destruction,snapshot,jsonb,no generic rendering: needs a per-column renderer or hide (never raw JSON),breadcrumb.snapshot,Snapshot,,text-only,,jsonb
certificates_of_destruction,void_reason,text,verbatim,invoice.voidReason,Void reason,,text-only,,text
certificates_of_destruction,voided_at,timestamp_audit,"formatAuditStamp (lib/dates.ts:251) → ""2026-09-01 14:33"" today; DD/MM/YYYY HH:MM if Tim confirms",finance.invoiceRequest.kind.void,Void,,text-only,,timestamp with time zone
certificates_of_destruction,voided_by,actor,bare auth-account uuid (no FK) → person name via loadActorNames (app/components/ActorName.tsx:49),,,Voided by,,,uuid
certificates_of_destruction,replaced_by_cod_id,fk_document,"certificates_of_destruction.code (document number, prefix COD)",,,Replaced by CoD,,,uuid
certificates_of_destruction,created_at,audit_std,hide: the trail entry already says who and when,,,Created on,,,timestamp with time zone
cn_issues,id,technical,hide: row identity (the trail names the record in its heading),,,ID,,,uuid
cn_issues,credit_note_id,fk_document,"credit_notes.code (document number, prefix CN)",cn.badge,Credit note,,text-only,,uuid
cn_issues,version,technical,hide,,,Version,,,integer
cn_issues,file_path,technical,hide,,,File path,,,text
cn_issues,sha256,text,verbatim,,,Sha256,,,text
cn_issues,issued_at,timestamp_audit,"formatAuditStamp (lib/dates.ts:251) → ""2026-09-01 14:33"" today; DD/MM/YYYY HH:MM if Tim confirms",cn.colIssued,Issued,,text-only,,timestamp with time zone
cn_issues,issued_by,actor,bare auth-account uuid (no FK) → person name via loadActorNames (app/components/ActorName.tsx:49),,,Issued by,,,uuid
cod_issues,id,technical,hide: row identity (the trail names the record in its heading),,,ID,,,uuid
cod_issues,cod_id,fk_document,"certificates_of_destruction.code (document number, prefix COD)",import.col.codeRange,Codes,,text-only,,uuid
cod_issues,file_path,technical,hide,,,File path,,,text
cod_issues,sha256,text,verbatim,,,Sha256,,,text
cod_issues,issued_at,timestamp_audit,"formatAuditStamp (lib/dates.ts:251) → ""2026-09-01 14:33"" today; DD/MM/YYYY HH:MM if Tim confirms",cn.colIssued,Issued,,text-only,,timestamp with time zone
cod_issues,issued_by,actor,bare auth-account uuid (no FK) → person name via loadActorNames (app/components/ActorName.tsx:49),,,Issued by,,,uuid
cod_verification_failures,id,technical,hide: row identity (the trail names the record in its heading),,,ID,,,bigint
cod_verification_failures,failed_at,timestamp_audit,"formatAuditStamp (lib/dates.ts:251) → ""2026-09-01 14:33"" today; DD/MM/YYYY HH:MM if Tim confirms",,,Failed on,,,timestamp with time zone
collection_chase_documents,id,technical,hide: row identity (the trail names the record in its heading),,,ID,,,uuid
collection_chase_documents,chase_id,fk_document,"collection_chases.code (document number, prefix CHASE)",,,Chase,,,uuid
collection_chase_documents,subject_type,enum,message keys chases.subject_<v> (3/3 values; key exists; not seen on a page that reads this table),,,Subject type,,,text
collection_chase_documents,subject_id,uuid_nofk,"polymorphic / soft reference: resolve by the paired type column, else hide",,,Subject,,,uuid
collection_chase_documents,subject_code,text_code,"text code without FK: resolve via its dictionary or message keys if one exists, else show verbatim",,,Subject code,,,text
collection_chase_documents,created_at,audit_std,hide: the trail entry already says who and when,,,Created on,,,timestamp with time zone
collection_chases,id,technical,hide: row identity (the trail names the record in its heading),,,ID,,,uuid
collection_chases,code,text,verbatim,,,Collection chase number,,,text
collection_chases,customer_id,fk_document,"customers.code (document number, prefix CUS)",cn.colCustomer,Customer,,text-only,,uuid
collection_chases,chased_on,date,"formatDate (lib/dates.ts:193) → today ""01 Sep 2026""; Tim now asks DD/MM/YYYY",,,Chased on,,,date
collection_chases,channel,enum,message keys chases.channel_<v> (5/5 values; key exists; not seen on a page that reads this table),,,Channel,,,text
collection_chases,reached,boolean,words: Yes / No (common.yes/common.no if present) or a column-specific phrase,chases.colWho,Reached,,text-only,,boolean
collection_chases,contacted_person,text,verbatim,customers.form.contactPerson,Contact person,,text-only,,text
collection_chases,summary,text,verbatim,statements.doc.summary,Summary,,text-only,,text
collection_chases,base_currency,currency,"show the ISO code (currencies.code; every page shows the code, e.g. ""SGD"")",assets.history.field.currency,Currency,,text-only,,text
collection_chases,owed_base,money,"formatAmount(n, base currency from getBaseCurrency lib/currency.ts:16) (lib/format.ts:32)",expense.form.counterparty,Owed to,,text-only,,numeric
collection_chases,on_account_base,money,"formatAmount(n, base currency from getBaseCurrency lib/currency.ts:16) (lib/format.ts:32)",bank.colAccount,Account,,text-only,,numeric
collection_chases,net_due_base,money,"formatAmount(n, base currency from getBaseCurrency lib/currency.ts:16) (lib/format.ts:32)",,,Net due (base currency),,,numeric
collection_chases,owed_by_currency,jsonb,no generic rendering: needs a per-column renderer or hide (never raw JSON),,,Owed by currency,,,jsonb
collection_chases,owed_buckets,jsonb,no generic rendering: needs a per-column renderer or hide (never raw JSON),,,Owed buckets,,,jsonb
collection_chases,chased_by,actor,bare auth-account uuid (no FK) → person name via loadActorNames (app/components/ActorName.tsx:49),,,Chased by,,,uuid
collection_chases,created_at,audit_std,hide: the trail entry already says who and when,,,Created on,,,timestamp with time zone
collection_chases,superseded_at,timestamp_audit,"formatAuditStamp (lib/dates.ts:251) → ""2026-09-01 14:33"" today; DD/MM/YYYY HH:MM if Tim confirms",cashForecast.superseded,Superseded,,text-only,,timestamp with time zone
collection_chases,superseded_by,fk_document,"collection_chases.code (document number, prefix CHASE)",,,Superseded by,,,uuid
collection_chases,superseded_reason,text,verbatim,,,Superseded reason,,,text
collection_promises,id,technical,hide: row identity (the trail names the record in its heading),,,ID,,,uuid
collection_promises,chase_id,fk_document,"collection_chases.code (document number, prefix CHASE)",,,Chase,,,uuid
collection_promises,promised_amount_ccy,money,"formatAmount(n, row.currency) (lib/format.ts:32)",,,Promised amount,,,numeric
collection_promises,currency,currency,"show the ISO code (currencies.code; every page shows the code, e.g. ""SGD"")",assets.history.field.currency,Currency,,text-only,,text
collection_promises,fx_rate,number,"number with unit (qty kg, %, rate); Intl en-US grouping",hr.colFxRate,FX rate,,text-only,,numeric
collection_promises,promised_amount_base,money,"formatAmount(n, base currency from getBaseCurrency lib/currency.ts:16) (lib/format.ts:32)",,,Promised amount (base currency),,,numeric
collection_promises,promised_date,date,"formatDate (lib/dates.ts:193) → today ""01 Sep 2026""; Tim now asks DD/MM/YYYY",,,Promised date,,,date
collection_promises,created_at,audit_std,hide: the trail entry already says who and when,,,Created on,,,timestamp with time zone
collection_promises,created_by,audit_std,hide: the trail entry already says who and when,,,Created by,,,uuid
collection_promises,outcome,enum,message keys chases.outcome_<v> (4/4 values; key exists; not seen on a page that reads this table),,,Outcome,,,text
collection_promises,outcome_note,text,verbatim,,,Outcome note,,,text
collection_promises,outcome_recorded_at,timestamp_audit,"formatAuditStamp (lib/dates.ts:251) → ""2026-09-01 14:33"" today; DD/MM/YYYY HH:MM if Tim confirms",,,Outcome recorded on,,,timestamp with time zone
collection_promises,outcome_recorded_by,actor,bare auth-account uuid (no FK) → person name via loadActorNames (app/components/ActorName.tsx:49),,,Outcome recorded by,,,uuid
commission_agreements,id,technical,hide: row identity (the trail names the record in its heading),,,ID,,,uuid
commission_agreements,agent_supplier_id,fk_document,"suppliers.code (document number, prefix SUP)",,,Agent supplier,,,uuid
commission_agreements,side,enum,message keys commissions.side.<v> (3/3 values; used on a page that reads this table),commissions.fieldSide,Which side it attaches to,,high,app/sales/commissions/CommissionForm.tsx:113,text
commission_agreements,basis,enum,message keys commissions.basis.<v> (3/3 values; used on a page that reads this table),commissions.fieldBasis,Basis,,high,app/sales/commissions/CommissionForm.tsx:123,text
commission_agreements,rate_pct,number,"number with unit (qty kg, %, rate); Intl en-US grouping",commissions.fieldRatePct,Rate (%),,high,app/sales/commissions/CommissionForm.tsx:138,numeric
commission_agreements,amount_ccy,money,"formatAmount(n, row.currency) (lib/format.ts:32)",commissions.fieldAmount,Amount,,high,app/sales/commissions/CommissionForm.tsx:146,numeric
commission_agreements,currency,currency,"show the ISO code (currencies.code; every page shows the code, e.g. ""SGD"")",commissions.fieldCurrency,Currency,,high,app/sales/commissions/CommissionForm.tsx:152,text
commission_agreements,recognition_trigger,enum,message keys commissions.trigger.<v> (3/3 values; used on a page that reads this table),,,Recognition trigger,,,text
commission_agreements,valid_from,date,"formatDate (lib/dates.ts:193) → today ""01 Sep 2026""; Tim now asks DD/MM/YYYY",commissions.fieldValidFrom,Valid from,,high,app/sales/commissions/CommissionForm.tsx:179,date
commission_agreements,valid_to,date,"formatDate (lib/dates.ts:193) → today ""01 Sep 2026""; Tim now asks DD/MM/YYYY",commissions.colValidity,Valid,,high,app/sales/commissions/CommissionsTable.tsx:72,date
commission_agreements,remarks,text,verbatim,commissions.fieldRemarks,Clause / remarks,,high,app/sales/commissions/CommissionForm.tsx:190,text
commission_agreements,deleted_at,timestamp_audit,"formatAuditStamp (lib/dates.ts:251) → ""2026-09-01 14:33"" today; DD/MM/YYYY HH:MM if Tim confirms",commissions.deleted,Deleted,,medium,app/sales/commissions/[id]/edit/page.tsx:34,timestamp with time zone
commission_agreements,created_at,audit_std,hide: the trail entry already says who and when,,,Created on,,,timestamp with time zone
commission_agreements,created_by,audit_std,hide: the trail entry already says who and when,,,Created by,,,uuid
commission_agreements,updated_at,audit_std,hide: the trail entry already says who and when,,,Updated on,,,timestamp with time zone
commission_agreements,updated_by,audit_std,hide: the trail entry already says who and when,,,Updated by,,,uuid
company_compliance,id,technical,hide: row identity (the trail names the record in its heading),,,ID,,,uuid
company_compliance,cert_type_code,dict,certificate_types.name_en (via code),,,Cert type,,,text
company_compliance,cert_no,text,verbatim,,,Cert number,,,text
company_compliance,issuing_body,text,verbatim,company.licence.fieldIssuer,Issuing body,,high,app/purchasing/licences/LicencePanel.tsx:185,text
company_compliance,scope,text,verbatim,company.licence.fieldScope,Conditions and scope,,high,app/purchasing/licences/LicencePanel.tsx:227,text
company_compliance,valid_from,date,"formatDate (lib/dates.ts:193) → today ""01 Sep 2026""; Tim now asks DD/MM/YYYY",company.licence.fieldValidFrom,Valid from,,high,app/purchasing/licences/LicencePanel.tsx:205,date
company_compliance,valid_until,date,"formatDate (lib/dates.ts:193) → today ""01 Sep 2026""; Tim now asks DD/MM/YYYY",company.licence.colValidity,Valid until,,high,app/purchasing/licences/LicenceTable.tsx:45,date
company_compliance,document_path,technical,hide,,,Document path,,,text
company_compliance,notes,text,verbatim,assay.notes,Notes,,text-only,,text
company_compliance,deleted_at,timestamp_audit,"formatAuditStamp (lib/dates.ts:251) → ""2026-09-01 14:33"" today; DD/MM/YYYY HH:MM if Tim confirms",changeHistory.op.DELETE,Deleted,,text-only,,timestamp with time zone
company_compliance,created_at,audit_std,hide: the trail entry already says who and when,,,Created on,,,timestamp with time zone
company_compliance,created_by,audit_std,hide: the trail entry already says who and when,,,Created by,,,uuid
company_compliance,updated_at,audit_std,hide: the trail entry already says who and when,,,Updated on,,,timestamp with time zone
company_compliance,updated_by,audit_std,hide: the trail entry already says who and when,,,Updated by,,,uuid
company_compliance,issue_date,date,"formatDate (lib/dates.ts:193) → today ""01 Sep 2026""; Tim now asks DD/MM/YYYY",company.licence.fieldIssueDate,Issue date,,high,app/purchasing/licences/LicencePanel.tsx:200,date
company_compliance,status,enum,message keys company.licence.status.<v> (3/3 values; used on a page that reads this table),company.licence.colStatus,Standing,,high,app/purchasing/licences/LicenceTable.tsx:38,text
company_compliance,approved_storage_limit_tonnes,number,"number with unit (qty kg, %, rate); Intl en-US grouping",company.licence.fieldStorageLimit,Approved storage limit (tonnes),,high,app/purchasing/licences/LicencePanel.tsx:216,numeric
company_profile,id,own_key,show as-is: the record's own business key (code/number),,,ID,,,boolean
company_profile,legal_name,text,verbatim,company.legalName,Legal name,,text-only,,text
company_profile,registration_no,text,verbatim,overlap.colTaxId,Registration no.,,text-only,,text
company_profile,address_lines,text,verbatim,,,Address lines,,,text
company_profile,city,text,verbatim,company.city,City,,text-only,,text
company_profile,postal_code,text_code,"text code without FK: resolve via its dictionary or message keys if one exists, else show verbatim",company.postalCode,Postal code,,text-only,,text
company_profile,country,text,verbatim,company.country,Country,,text-only,,text
company_profile,phone,text,verbatim,chases.channel_phone,Phone,,text-only,,text
company_profile,email,text,verbatim,chases.channel_email,Email,,text-only,,text
company_profile,website,text,verbatim,company.website,Website,,text-only,,text
company_profile,bank_name,text,verbatim,company.bankName,Bank name,,text-only,,text
company_profile,bank_account_name,text,verbatim,,,Bank account name,,,text
company_profile,bank_account_no,text,verbatim,,,Bank account number,,,text
company_profile,bank_swift,text,verbatim,,,Bank swift,,,text
company_profile,bank_address,text,verbatim,company.bankAddress,Bank address,,text-only,,text
company_profile,invoice_footer_text,text,verbatim,company.invoiceFooterText,Invoice footer text,,text-only,,text
company_profile,logo_path,technical,hide,,,Logo path,,,text
company_profile,updated_at,audit_std,hide: the trail entry already says who and when,,,Updated on,,,timestamp with time zone
company_profile,updated_by,audit_std,hide: the trail entry already says who and when,,,Updated by,,,uuid
container_documents,id,technical,hide: row identity (the trail names the record in its heading),,,ID,,,uuid
container_documents,container_id,fk_document,"containers.code (document number, prefix CTR)",finance.freight.colContainer,Container,,text-only,,uuid
container_documents,document_type,enum_like,closed value set by convention but no single-column CHECK: needs a value→words map (history old_/new_ columns can reuse the parent column's keys),logistics.documentType,Document type,,high,app/logistics/containers/[id]/page.tsx:157,text
container_documents,regime,text,verbatim,logistics.regime,Regime,,high,app/logistics/containers/[id]/page.tsx:158,text
container_documents,status,enum,message keys logistics.status<V> (partial 2/3: pending/received/not_applicable; used on a page that reads this table),assets.history.field.status,Status,,text-only,,text
container_documents,na_reason,text,verbatim,logistics.naReason,Why not applicable,,high,app/logistics/containers/[id]/page.tsx:156,text
container_documents,from_lane,boolean,words: Yes / No (common.yes/common.no if present) or a column-specific phrase,logistics.fromLane,from lane checklist,,high,app/logistics/containers/[id]/page.tsx:154,boolean
container_documents,notes,text,verbatim,logistics.notes,Notes,,high,app/logistics/containers/[id]/page.tsx:141,text
container_documents,created_at,audit_std,hide: the trail entry already says who and when,,,Created on,,,timestamp with time zone
container_documents,created_by,audit_std,hide: the trail entry already says who and when,,,Created by,,,uuid
container_documents,updated_at,audit_std,hide: the trail entry already says who and when,,,Updated on,,,timestamp with time zone
container_documents,updated_by,audit_std,hide: the trail entry already says who and when,,,Updated by,,,uuid
container_milestones,id,technical,hide: row identity (the trail names the record in its heading),,,ID,,,uuid
container_milestones,container_id,fk_document,"containers.code (document number, prefix CTR)",finance.freight.colContainer,Container,,text-only,,uuid
container_milestones,milestone,enum,message keys logistics.milestoneLabel.<v> (8/8 values; used on a page that reads this table),logistics.milestone,Milestone,,high,app/logistics/containers/[id]/page.tsx:150,text
container_milestones,event_date,date,"formatDate (lib/dates.ts:193) → today ""01 Sep 2026""; Tim now asks DD/MM/YYYY",logistics.eventDate,Date it happened,,high,app/logistics/containers/[id]/page.tsx:150,date
container_milestones,note,text,verbatim,attendance.colNote,Note,,text-only,,text
container_milestones,recorded_by,actor,bare auth-account uuid (no FK) → person name via loadActorNames (app/components/ActorName.tsx:49),,,Recorded by,,,uuid
container_milestones,recorded_at,timestamp_audit,"formatAuditStamp (lib/dates.ts:251) → ""2026-09-01 14:33"" today; DD/MM/YYYY HH:MM if Tim confirms",search.sectionRecords,Records,,text-only,,timestamp with time zone
containers,id,technical,hide: row identity (the trail names the record in its heading),,,ID,,,uuid
containers,code,text,verbatim,,,Container number,,,text
containers,container_number,text,verbatim,logistics.colContainerNumber,Container number,,high,app/logistics/containers/[id]/page.tsx:139,text
containers,vessel,text,verbatim,logistics.colVessel,Vessel,,high,app/logistics/containers/[id]/page.tsx:139,text
containers,voyage,text,verbatim,logistics.colVoyage,Voyage,,high,app/logistics/containers/[id]/page.tsx:140,text
containers,lane_id,fk_other,lanes: composed description (see target table),logistics.colLane,Lane,,text-only,,uuid
containers,forwarder_id,fk_document,"suppliers.code (document number, prefix SUP)",finance.freight.colForwarder,Forwarder,,text-only,,uuid
containers,departure_date,date,"formatDate (lib/dates.ts:193) → today ""01 Sep 2026""; Tim now asks DD/MM/YYYY",,,Departure date,,,date
containers,bl_number,text,verbatim,logistics.blNumber,B/L number,,high,app/logistics/containers/[id]/page.tsx:140,text
containers,notes,text,verbatim,logistics.notes,Notes,,high,app/logistics/containers/[id]/page.tsx:141,text
containers,deleted_at,timestamp_audit,"formatAuditStamp (lib/dates.ts:251) → ""2026-09-01 14:33"" today; DD/MM/YYYY HH:MM if Tim confirms",changeHistory.op.DELETE,Deleted,,text-only,,timestamp with time zone
containers,deleted_by,actor,bare auth-account uuid (no FK) → person name via loadActorNames (app/components/ActorName.tsx:49),,,Deleted by,,,uuid
containers,delete_reason,text,verbatim,,,Delete reason,,,text
containers,created_at,audit_std,hide: the trail entry already says who and when,,,Created on,,,timestamp with time zone
containers,created_by,audit_std,hide: the trail entry already says who and when,,,Created by,,,uuid
containers,updated_at,audit_std,hide: the trail entry already says who and when,,,Updated on,,,timestamp with time zone
containers,updated_by,audit_std,hide: the trail entry already says who and when,,,Updated by,,,uuid
containers,expected_arrival_date,date,"formatDate (lib/dates.ts:193) → today ""01 Sep 2026""; Tim now asks DD/MM/YYYY",,,Expected arrival date,,,date
contract_document_terms,id,technical,hide: row identity (the trail names the record in its heading),,,ID,,,uuid
contract_document_terms,purchase_order_id,fk_document,"purchase_orders.code (document number, prefix PO)",deleted.kind.purchase_order,Purchase order,,text-only,,uuid
contract_document_terms,sales_order_id,fk_document,"sales_orders.code (document number, prefix SO)",deleted.kind.sales_order,Sales order,,text-only,,uuid
contract_document_terms,contract_id,fk_document,"contracts.code (document number, prefix CON)",contracts.colContract,Contract,,text-only,,uuid
contract_document_terms,contract_code,text_code,"text code without FK: resolve via its dictionary or message keys if one exists, else show verbatim",contracts.colContract,Contract,,high,app/contracts/ContractsTables.tsx:76,text
contract_document_terms,contract_title,text,verbatim,,,Contract title,,,text
contract_document_terms,incoterm,text,verbatim,purchasing.form.incoterm,Incoterm,,high,app/purchasing/orders/[id]/page.tsx:727,text
contract_document_terms,currency,currency,show the ISO code (it is how every page shows currency),purchasing.form.currency,Currency,,high,app/purchasing/orders/[id]/page.tsx:714,text
contract_document_terms,payment_terms_days,number,"number with unit (qty kg, %, rate); Intl en-US grouping",contracts.form.paymentTermsDays,Payment terms (days),,text-only,,integer
contract_document_terms,grade_specs,jsonb,no generic rendering: needs a per-column renderer or hide (never raw JSON),,,Grade specs,,,jsonb
contract_document_terms,linked_at,timestamp_audit,"formatAuditStamp (lib/dates.ts:251) → ""2026-09-01 14:33"" today; DD/MM/YYYY HH:MM if Tim confirms",,,Linked on,,,timestamp with time zone
contract_document_terms,linked_by,actor,bare auth-account uuid (no FK) → person name via loadActorNames (app/components/ActorName.tsx:49),,,Linked by,,,uuid
contract_document_terms,pricing_terms,jsonb,no generic rendering: needs a per-column renderer or hide (never raw JSON),,,Pricing terms,,,jsonb
contract_document_terms,settlement_terms,jsonb,no generic rendering: needs a per-column renderer or hide (never raw JSON),termsRequest.section.settlement_terms,Settlement terms,,text-only,,jsonb
contract_grade_specs,id,technical,hide: row identity (the trail names the record in its heading),,,ID,,,uuid
contract_grade_specs,contract_id,fk_document,"contracts.code (document number, prefix CON)",contracts.colContract,Contract,,text-only,,uuid
contract_grade_specs,material_id,fk_document,"materials.code (document number, prefix MAT)",inbound.colMaterial,Material,,text-only,,uuid
contract_grade_specs,metal,dict,substances.name_en (via code),assay.colMetal,Metal,,text-only,,text
contract_grade_specs,min_pct,number,"number with unit (qty kg, %, rate); Intl en-US grouping",,,Min %,,,numeric
contract_grade_specs,max_pct,number,"number with unit (qty kg, %, rate); Intl en-US grouping",,,Max %,,,numeric
contract_grade_specs,notes,text,verbatim,contracts.form.notes,Notes,,high,app/contracts/[id]/HeaderForm.tsx:130,text
contract_grade_specs,created_at,audit_std,hide: the trail entry already says who and when,,,Created on,,,timestamp with time zone
contract_grade_specs,created_by,audit_std,hide: the trail entry already says who and when,,,Created by,,,uuid
contract_grade_specs,updated_at,audit_std,hide: the trail entry already says who and when,,,Updated on,,,timestamp with time zone
contract_grade_specs,updated_by,audit_std,hide: the trail entry already says who and when,,,Updated by,,,uuid
contract_insurance_obligations,id,technical,hide: row identity (the trail names the record in its heading),,,ID,,,uuid
contract_insurance_obligations,contract_id,fk_document,"contracts.code (document number, prefix CON)",contracts.colContract,Contract,,text-only,,uuid
contract_insurance_obligations,insured_by,enum,message keys contractDetail.opt.insured_by.<v> (2/2 values; key exists; not seen on a page that reads this table),contractDetail.field.insurance_obligations.insured_by,Insured by,,text-only,,text
contract_insurance_obligations,cover_type,enum_like,closed value set by convention but no single-column CHECK: needs a value→words map (history old_/new_ columns can reuse the parent column's keys),,,Cover type,,,text
contract_insurance_obligations,min_amount,money,"formatAmount(n, row.currency) (lib/format.ts:32)",,,Min amount,,,numeric
contract_insurance_obligations,currency,currency,"show the ISO code (currencies.code; every page shows the code, e.g. ""SGD"")",contracts.form.currency,Currency,,high,app/contracts/[id]/HeaderForm.tsx:107,text
contract_insurance_obligations,notes,text,verbatim,contracts.form.notes,Notes,,high,app/contracts/[id]/HeaderForm.tsx:130,text
contract_insurance_obligations,created_at,audit_std,hide: the trail entry already says who and when,,,Created on,,,timestamp with time zone
contract_insurance_obligations,created_by,audit_std,hide: the trail entry already says who and when,,,Created by,,,uuid
contract_insurance_obligations,updated_at,audit_std,hide: the trail entry already says who and when,,,Updated on,,,timestamp with time zone
contract_insurance_obligations,updated_by,audit_std,hide: the trail entry already says who and when,,,Updated by,,,uuid
contract_penalty_elements,id,technical,hide: row identity (the trail names the record in its heading),,,ID,,,uuid
contract_penalty_elements,contract_id,fk_document,"contracts.code (document number, prefix CON)",contracts.colContract,Contract,,text-only,,uuid
contract_penalty_elements,substance,dict,substances.name_en (via code),contractDetail.field.penalty_elements.substance,Substance,,text-only,,text
contract_penalty_elements,threshold_pct,number,"number with unit (qty kg, %, rate); Intl en-US grouping",,,Threshold %,,,numeric
contract_penalty_elements,usd_per_tonne_per_pct_over,money,"formatAmount(n, ""USD"") + "" per tonne"" (unit is in the column name)",,,USD per tonne per % over,,,numeric
contract_penalty_elements,notes,text,verbatim,contracts.form.notes,Notes,,high,app/contracts/[id]/HeaderForm.tsx:130,text
contract_penalty_elements,created_at,audit_std,hide: the trail entry already says who and when,,,Created on,,,timestamp with time zone
contract_penalty_elements,created_by,audit_std,hide: the trail entry already says who and when,,,Created by,,,uuid
contract_penalty_elements,updated_at,audit_std,hide: the trail entry already says who and when,,,Updated on,,,timestamp with time zone
contract_penalty_elements,updated_by,audit_std,hide: the trail entry already says who and when,,,Updated by,,,uuid
contract_pricing_terms,id,technical,hide: row identity (the trail names the record in its heading),,,ID,,,uuid
contract_pricing_terms,contract_id,fk_document,"contracts.code (document number, prefix CON)",contracts.colContract,Contract,,text-only,,uuid
contract_pricing_terms,metal,dict,substances.name_en (via code),contracts.colMetal,Element,,high,app/contracts/ContractsTables.tsx:78,text
contract_pricing_terms,base_event,enum,"message keys contracts.pricing.baseEvent.<v> (registered in scripts/check-i18n.mjs, build-checked)",contracts.pricing.colBaseEvent,Base month from,,high,app/contracts/ContractsTables.tsx:122,text
contract_pricing_terms,qp_months,number,"number with unit (qty kg, %, rate); Intl en-US grouping",contracts.pricing.qpSameMonth,M (the base month itself),,high,app/contracts/page.tsx:183,integer
contract_pricing_terms,index_code,dict,metal_price_indices.name_en (via code),contracts.pricing.colIndex,Index,,high,app/contracts/ContractsTables.tsx:124,text
contract_pricing_terms,payable_pct,number,"number with unit (qty kg, %, rate); Intl en-US grouping",,,Payable %,,,numeric
contract_pricing_terms,notes,text,verbatim,contracts.form.notes,Notes,,high,app/contracts/[id]/HeaderForm.tsx:130,text
contract_pricing_terms,created_at,audit_std,hide: the trail entry already says who and when,,,Created on,,,timestamp with time zone
contract_pricing_terms,created_by,audit_std,hide: the trail entry already says who and when,,,Created by,,,uuid
contract_pricing_terms,updated_at,audit_std,hide: the trail entry already says who and when,,,Updated on,,,timestamp with time zone
contract_pricing_terms,updated_by,audit_std,hide: the trail entry already says who and when,,,Updated by,,,uuid
contract_refining_charges,id,technical,hide: row identity (the trail names the record in its heading),,,ID,,,uuid
contract_refining_charges,contract_id,fk_document,"contracts.code (document number, prefix CON)",contracts.colContract,Contract,,text-only,,uuid
contract_refining_charges,metal,dict,substances.name_en (via code),contracts.colMetal,Element,,high,app/contracts/ContractsTables.tsx:78,text
contract_refining_charges,usd_per_tonne_of_metal,money,"formatAmount(n, ""USD"") + "" per tonne"" (unit is in the column name)",contractDetail.field.refining_charges.usd_per_tonne_of_metal,USD per tonne of metal,,text-only,,numeric
contract_refining_charges,notes,text,verbatim,contracts.form.notes,Notes,,high,app/contracts/[id]/HeaderForm.tsx:130,text
contract_refining_charges,created_at,audit_std,hide: the trail entry already says who and when,,,Created on,,,timestamp with time zone
contract_refining_charges,created_by,audit_std,hide: the trail entry already says who and when,,,Created by,,,uuid
contract_refining_charges,updated_at,audit_std,hide: the trail entry already says who and when,,,Updated on,,,timestamp with time zone
contract_refining_charges,updated_by,audit_std,hide: the trail entry already says who and when,,,Updated by,,,uuid
contract_settlement_terms,id,technical,hide: row identity (the trail names the record in its heading),,,ID,,,uuid
contract_settlement_terms,contract_id,fk_document,"contracts.code (document number, prefix CON)",contracts.colContract,Contract,,text-only,,uuid
contract_settlement_terms,sale_weight_basis,enum,"message keys contracts.settlement.basis.<v> (registered in scripts/check-i18n.mjs, build-checked)",,,Sale weight basis,,,text
contract_settlement_terms,settling_party,enum,message keys contracts.settlement.party.<v> (2/2 values; used on a page that reads this table),,,Settling party,,,text
contract_settlement_terms,splitting_limit_pct,number,"number with unit (qty kg, %, rate); Intl en-US grouping",,,Splitting limit %,,,numeric
contract_settlement_terms,sample_retention_required,boolean,words: Yes / No (common.yes/common.no if present) or a column-specific phrase,,,Sample retention required,,,boolean
contract_settlement_terms,sample_retention_days,number,"number with unit (qty kg, %, rate); Intl en-US grouping",,,Sample retention days,,,integer
contract_settlement_terms,refining_charge_basis,enum,message keys contractDetail.opt.refining_charge_basis.<v> (2/2 values; key exists; not seen on a page that reads this table),,,Refining charge basis,,,text
contract_settlement_terms,penalty_basis,enum,message keys contractDetail.opt.penalty_basis.<v> (2/2 values; key exists; not seen on a page that reads this table),,,Penalty basis,,,text
contract_settlement_terms,notes,text,verbatim,contracts.form.notes,Notes,,high,app/contracts/[id]/HeaderForm.tsx:130,text
contract_settlement_terms,created_at,audit_std,hide: the trail entry already says who and when,,,Created on,,,timestamp with time zone
contract_settlement_terms,created_by,audit_std,hide: the trail entry already says who and when,,,Created by,,,uuid
contract_settlement_terms,updated_at,audit_std,hide: the trail entry already says who and when,,,Updated on,,,timestamp with time zone
contract_settlement_terms,updated_by,audit_std,hide: the trail entry already says who and when,,,Updated by,,,uuid
contract_volume_commitments,id,technical,hide: row identity (the trail names the record in its heading),,,ID,,,uuid
contract_volume_commitments,contract_id,fk_document,"contracts.code (document number, prefix CON)",contracts.colContract,Contract,,text-only,,uuid
contract_volume_commitments,committed_by_party,enum,message keys contractDetail.opt.insured_by.<v> (2/2 values; key exists; not seen on a page that reads this table),,,Committed by party,,,text
contract_volume_commitments,material_id,fk_document,"materials.code (document number, prefix MAT)",inbound.colMaterial,Material,,text-only,,uuid
contract_volume_commitments,quantity,number,"number with unit (qty kg, %, rate); Intl en-US grouping",movements.colQty,Qty,,text-only,,numeric
contract_volume_commitments,unit,enum_like,closed value set by convention but no single-column CHECK: needs a value→words map (history old_/new_ columns can reuse the parent column's keys),contractDetail.field.volume_commitments.unit,Unit,,text-only,,text
contract_volume_commitments,period,enum,message keys contractDetail.opt.period.<v> (4/4 values; key exists; not seen on a page that reads this table),bank.colPeriod,Period,,text-only,,text
contract_volume_commitments,direction,enum,message keys contracts.required<V> (2/2 values; key exists; not seen on a page that reads this table),cashForecast.direction,Direction,,text-only,,text
contract_volume_commitments,notes,text,verbatim,contracts.form.notes,Notes,,high,app/contracts/[id]/HeaderForm.tsx:130,text
contract_volume_commitments,created_at,audit_std,hide: the trail entry already says who and when,,,Created on,,,timestamp with time zone
contract_volume_commitments,created_by,audit_std,hide: the trail entry already says who and when,,,Created by,,,uuid
contract_volume_commitments,updated_at,audit_std,hide: the trail entry already says who and when,,,Updated on,,,timestamp with time zone
contract_volume_commitments,updated_by,audit_std,hide: the trail entry already says who and when,,,Updated by,,,uuid
contracts,id,technical,hide: row identity (the trail names the record in its heading),,,ID,,,uuid
contracts,code,text,verbatim,,,Contract number,,,text
contracts,customer_id,fk_document,"customers.code (document number, prefix CUS)",cn.colCustomer,Customer,,text-only,,uuid
contracts,supplier_id,fk_document,"suppliers.code (document number, prefix SUP)",purchasing.colSupplier,Supplier,,medium,app/purchasing/orders/[id]/page.tsx:704,uuid
contracts,side,enum_like,closed value set by convention but no single-column CHECK: needs a value→words map (history old_/new_ columns can reuse the parent column's keys) [generated column],contracts.colSide,Side,,high,app/contracts/ContractsTables.tsx:95,text
contracts,kind,enum,"message keys contracts.kind.<v> (registered in scripts/check-i18n.mjs, build-checked)",contracts.form.kind,Kind,,high,app/contracts/[id]/HeaderForm.tsx:80,text
contracts,title,text,verbatim,,,Title,,,text
contracts,effective_from,date,"formatDate (lib/dates.ts:193) → today ""01 Sep 2026""; Tim now asks DD/MM/YYYY",contracts.form.effectiveFrom,In force from,,high,app/contracts/[id]/HeaderForm.tsx:92,date
contracts,effective_to,date,"formatDate (lib/dates.ts:193) → today ""01 Sep 2026""; Tim now asks DD/MM/YYYY",contracts.form.effectiveTo,In force until,,high,app/contracts/[id]/HeaderForm.tsx:97,date
contracts,signed_on,date,"formatDate (lib/dates.ts:193) → today ""01 Sep 2026""; Tim now asks DD/MM/YYYY",contracts.form.signedOn,Signed on,,high,app/contracts/[id]/HeaderForm.tsx:103,date
contracts,status,enum,"message keys contracts.status.<v> (registered in scripts/check-i18n.mjs, build-checked)",contracts.colStatus,Status,,high,app/contracts/ContractsTables.tsx:107,text
contracts,currency,currency,"show the ISO code (currencies.code; every page shows the code, e.g. ""SGD"")",contracts.form.currency,Currency,,high,app/contracts/[id]/HeaderForm.tsx:107,text
contracts,incoterm,text,verbatim,contracts.form.incoterm,Incoterm,,high,app/contracts/[id]/HeaderForm.tsx:114,text
contracts,payment_terms_days,number,"number with unit (qty kg, %, rate); Intl en-US grouping",contracts.form.paymentTermsDays,Payment terms (days),,high,app/contracts/[id]/HeaderForm.tsx:119,integer
contracts,document_ref,text,verbatim,contracts.form.documentRef,Document reference,,high,app/contracts/[id]/HeaderForm.tsx:126,text
contracts,notes,text,verbatim,contracts.form.notes,Notes,,high,app/contracts/[id]/HeaderForm.tsx:130,text
contracts,deleted_at,timestamp_audit,"formatAuditStamp (lib/dates.ts:251) → ""2026-09-01 14:33"" today; DD/MM/YYYY HH:MM if Tim confirms",changeHistory.op.DELETE,Deleted,,text-only,,timestamp with time zone
contracts,created_at,audit_std,hide: the trail entry already says who and when,,,Created on,,,timestamp with time zone
contracts,created_by,audit_std,hide: the trail entry already says who and when,,,Created by,,,uuid
contracts,updated_at,audit_std,hide: the trail entry already says who and when,,,Updated on,,,timestamp with time zone
contracts,updated_by,audit_std,hide: the trail entry already says who and when,,,Updated by,,,uuid
counterparty_contacts,id,technical,hide: row identity (the trail names the record in its heading),,,ID,,,uuid
counterparty_contacts,customer_id,fk_document,"customers.code (document number, prefix CUS)",cn.colCustomer,Customer,,text-only,,uuid
counterparty_contacts,supplier_id,fk_document,"suppliers.code (document number, prefix SUP)",expense.form.supplier,Supplier,,text-only,,uuid
counterparty_contacts,name,text,verbatim,suppliers.attachments.colName,File,,high,app/suppliers/[id]/edit/AttachmentsPanel.tsx:179,text
counterparty_contacts,name_inferred,boolean,words: Yes / No (common.yes/common.no if present) or a column-specific phrase,contacts.inferredTag,name inferred,,high,app/sales/customers/ContactsPanel.tsx:118,boolean
counterparty_contacts,role,enum_like,closed value set by convention but no single-column CHECK: needs a value→words map (history old_/new_ columns can reuse the parent column's keys),contacts.colRole,Role,,high,app/sales/customers/ContactsPanel.tsx:126,text
counterparty_contacts,email,text,verbatim,customers.col.email,Email,,high,app/sales/customers/CustomersTable.tsx:79,text
counterparty_contacts,phone,text,verbatim,contacts.colPhone,Phone,,high,app/sales/customers/ContactsPanel.tsx:128,text
counterparty_contacts,is_primary,boolean,words: Yes / No (common.yes/common.no if present) or a column-specific phrase,contacts.colPrimary,Primary,,high,app/sales/customers/ContactsPanel.tsx:131,boolean
counterparty_contacts,notes,text,verbatim,suppliers.form.notes,Notes,,high,app/suppliers/[id]/edit/EditSupplierForm.tsx:262,text
counterparty_contacts,deleted_at,timestamp_audit,"formatAuditStamp (lib/dates.ts:251) → ""2026-09-01 14:33"" today; DD/MM/YYYY HH:MM if Tim confirms",changeHistory.op.DELETE,Deleted,,text-only,,timestamp with time zone
counterparty_contacts,created_at,audit_std,hide: the trail entry already says who and when,,,Created on,,,timestamp with time zone
counterparty_contacts,created_by,audit_std,hide: the trail entry already says who and when,,,Created by,,,uuid
counterparty_contacts,updated_at,audit_std,hide: the trail entry already says who and when,,,Updated on,,,timestamp with time zone
counterparty_contacts,updated_by,audit_std,hide: the trail entry already says who and when,,,Updated by,,,uuid
credit_note_lines,id,technical,hide: row identity (the trail names the record in its heading),,,ID,,,uuid
credit_note_lines,credit_note_id,fk_document,"credit_notes.code (document number, prefix CN)",cn.badge,Credit note,,text-only,,uuid
credit_note_lines,invoice_line_id,fk_other,invoice_lines: composed description (see target table),cn.colLine,Invoice line,,text-only,,uuid
credit_note_lines,kind,enum,"message keys cn.kind.<v> (registered in scripts/check-i18n.mjs, build-checked)",cn.colKind,Reason type,,high,app/finance/credit-notes/[id]/CreditNoteLinesTable.tsx:61,text
credit_note_lines,qty,number,"number with unit (qty kg, %, rate); Intl en-US grouping",invoice.colQuantity,Quantity,,high,app/finance/invoices/[id]/InvoiceLinesTable.tsx:51,numeric
credit_note_lines,amount,money,"formatAmount(n, credit_notes.currency via credit_note_id) (lib/format.ts:32)",finance.invoiceRequest.amount,Amount,,high,app/finance/invoices/[id]/InvoiceRequestPanel.tsx:83,numeric
credit_note_lines,created_at,audit_std,hide: the trail entry already says who and when,,,Created on,,,timestamp with time zone
credit_note_lines,tax_code,dict,tax_codes.name_en (via code),customers.form.taxId,Tax ID,,text-only,,text
credit_note_lines,tax_rate_pct,number,"number with unit (qty kg, %, rate); Intl en-US grouping",,,Tax rate %,,,numeric
credit_note_lines,tax_base,money,"formatAmount(n, base currency from getBaseCurrency lib/currency.ts:16) (lib/format.ts:32)",customers.form.taxId,Tax ID,,text-only,,numeric
credit_notes,id,technical,hide: row identity (the trail names the record in its heading),,,ID,,,uuid
credit_notes,code,text,verbatim,,,Credit note number,,,text
credit_notes,invoice_id,fk_document,"invoices.code (document number, prefix INV)",cn.againstInvoice,Against invoice,,high,app/finance/credit-notes/CreditNotesTable.tsx:44,uuid
credit_notes,reason,text,verbatim,finance.invoiceRequest.reason,Reason,,high,app/finance/invoices/[id]/InvoiceRequestPanel.tsx:93,text
credit_notes,note_date,date,"formatDate (lib/dates.ts:193) → today ""01 Sep 2026""; Tim now asks DD/MM/YYYY",cn.noteDate,Credit note date,,high,app/finance/credit-notes/[id]/page.tsx:137,date
credit_notes,entry_id,fk_document,"journal_entries.code (document number, prefix JE)",gst.entry,Entry,,text-only,,uuid
credit_notes,currency,currency,"show the ISO code (currencies.code; every page shows the code, e.g. ""SGD"")",sales.colCurrency,Currency,,high,app/finance/credit-notes/[id]/page.tsx:146,text
credit_notes,fx_rate,number,"number with unit (qty kg, %, rate); Intl en-US grouping",hr.colFxRate,FX rate,,text-only,,numeric
credit_notes,created_at,audit_std,hide: the trail entry already says who and when,,,Created on,,,timestamp with time zone
credit_notes,created_by,audit_std,hide: the trail entry already says who and when,,,Created by,,,uuid
currencies,code,own_key,show as-is: the record's own business key (code/number),,,Code,,,text
currencies,name,text,verbatim,logistics.colName,Name,,high,app/logistics/forwarders/ForwardersTable.tsx:47,text
currencies,is_base,boolean,words: Yes / No (common.yes/common.no if present) or a column-specific phrase,,,Base,,,boolean
customer_attachments,id,technical,hide: row identity (the trail names the record in its heading),,,ID,,,uuid
customer_attachments,customer_id,fk_document,"customers.code (document number, prefix CUS)",cn.colCustomer,Customer,,text-only,,uuid
customer_attachments,storage_path,technical,hide,,,Storage path,,,text
customer_attachments,file_name,text,verbatim,customers.attachments.colName,File,,high,app/sales/customers/[id]/edit/AttachmentsPanel.tsx:179,text
customer_attachments,file_type,enum_like,closed value set by convention but no single-column CHECK: needs a value→words map (history old_/new_ columns can reuse the parent column's keys),,,File type,,,text
customer_attachments,file_size,technical,hide,,,File size,,,bigint
customer_attachments,doc_category,enum_like,closed value set by convention but no single-column CHECK: needs a value→words map (history old_/new_ columns can reuse the parent column's keys),,,Doc category,,,text
customer_attachments,notes,text,verbatim,customers.attachments.notes,Notes,,high,app/sales/customers/[id]/edit/AttachmentsPanel.tsx:267,text
customer_attachments,created_by,audit_std,hide: the trail entry already says who and when,,,Created by,,,uuid
customer_attachments,updated_by,audit_std,hide: the trail entry already says who and when,,,Updated by,,,uuid
customer_attachments,created_at,audit_std,hide: the trail entry already says who and when,,,Created on,,,timestamp with time zone
customer_attachments,updated_at,audit_std,hide: the trail entry already says who and when,,,Updated on,,,timestamp with time zone
customer_attachments,deleted_at,timestamp_audit,"formatAuditStamp (lib/dates.ts:251) → ""2026-09-01 14:33"" today; DD/MM/YYYY HH:MM if Tim confirms",changeHistory.op.DELETE,Deleted,,text-only,,timestamp with time zone
customer_credit_history,id,technical,hide: row identity (the trail names the record in its heading),,,ID,,,uuid
customer_credit_history,customer_id,fk_document,"customers.code (document number, prefix CUS)",cn.colCustomer,Customer,,text-only,,uuid
customer_credit_history,old_credit_limit_base,money,"formatAmount(n, base currency from getBaseCurrency lib/currency.ts:16) (lib/format.ts:32)",,,Previous credit limit (base currency),,,numeric
customer_credit_history,new_credit_limit_base,money,"formatAmount(n, base currency from getBaseCurrency lib/currency.ts:16) (lib/format.ts:32)",,,New credit limit (base currency),,,numeric
customer_credit_history,old_credit_hold,boolean,words: Yes / No (common.yes/common.no if present) or a column-specific phrase,,,Previous credit hold,,,boolean
customer_credit_history,new_credit_hold,boolean,words: Yes / No (common.yes/common.no if present) or a column-specific phrase,,,New credit hold,,,boolean
customer_credit_history,changed_at,timestamp_audit,"formatAuditStamp (lib/dates.ts:251) → ""2026-09-01 14:33"" today; DD/MM/YYYY HH:MM if Tim confirms",assets.history.type.updated,Changed,,text-only,,timestamp with time zone
customer_credit_history,changed_by,actor,bare auth-account uuid (no FK) → person name via loadActorNames (app/components/ActorName.tsx:49),,,Changed by,,,uuid
customer_statements,id,technical,hide: row identity (the trail names the record in its heading),,,ID,,,uuid
customer_statements,code,text,verbatim,,,Customer statement number,,,text
customer_statements,customer_id,fk_document,"customers.code (document number, prefix CUS)",cn.colCustomer,Customer,,text-only,,uuid
customer_statements,period_start,date,"formatDate (lib/dates.ts:193) → today ""01 Sep 2026""; Tim now asks DD/MM/YYYY",bank.periodStart,Period start,,text-only,,date
customer_statements,period_end,date,"formatDate (lib/dates.ts:193) → today ""01 Sep 2026""; Tim now asks DD/MM/YYYY",assets.depPeriodEnd,Period end,,text-only,,date
customer_statements,base_currency,currency,"show the ISO code (currencies.code; every page shows the code, e.g. ""SGD"")",statements.doc.byCurrency,By currency,,high,app/finance/statements/[id]/pdf/route.ts:123,text
customer_statements,opening_base,money,"formatAmount(n, base currency from getBaseCurrency lib/currency.ts:16) (lib/format.ts:32)",attendance.status.open,Open,,text-only,,numeric
customer_statements,charges_base,money,"formatAmount(n, base currency from getBaseCurrency lib/currency.ts:16) (lib/format.ts:32)",,,Charges (base currency),,,numeric
customer_statements,credits_base,money,"formatAmount(n, base currency from getBaseCurrency lib/currency.ts:16) (lib/format.ts:32)",finance.credit,Credit,,text-only,,numeric
customer_statements,receipts_base,money,"formatAmount(n, base currency from getBaseCurrency lib/currency.ts:16) (lib/format.ts:32)",expenseClaims.attachReceipt,Receipt,,text-only,,numeric
customer_statements,closing_base,money,"formatAmount(n, base currency from getBaseCurrency lib/currency.ts:16) (lib/format.ts:32)",finance.closeStatus.active,Closed,,text-only,,numeric
customer_statements,lines,jsonb,no generic rendering: needs a per-column renderer or hide (never raw JSON),bank.colLines,Lines,,text-only,,jsonb
customer_statements,by_currency,jsonb,no generic rendering: needs a per-column renderer or hide (never raw JSON),statements.doc.byCurrency,By currency,,high,app/finance/statements/[id]/pdf/route.ts:122,jsonb
customer_statements,buckets,jsonb,no generic rendering: needs a per-column renderer or hide (never raw JSON),movements.colBucket,Bucket,,text-only,,jsonb
customer_statements,issued_at,timestamp_audit,"formatAuditStamp (lib/dates.ts:251) → ""2026-09-01 14:33"" today; DD/MM/YYYY HH:MM if Tim confirms",cn.colIssued,Issued,,text-only,,timestamp with time zone
customer_statements,issued_by,actor,bare auth-account uuid (no FK) → person name via loadActorNames (app/components/ActorName.tsx:49),,,Issued by,,,uuid
customer_statements,superseded_at,timestamp_audit,"formatAuditStamp (lib/dates.ts:251) → ""2026-09-01 14:33"" today; DD/MM/YYYY HH:MM if Tim confirms",cashForecast.superseded,Superseded,,text-only,,timestamp with time zone
customer_statements,superseded_by,fk_document,"customer_statements.code (document number, prefix STMT)",,,Superseded by,,,uuid
customer_statements,superseded_reason,text,verbatim,,,Superseded reason,,,text
customer_statements,created_at,audit_std,hide: the trail entry already says who and when,,,Created on,,,timestamp with time zone
customers,id,technical,hide: row identity (the trail names the record in its heading),,,ID,,,uuid
customers,code,text,verbatim,,,Customer number,,,text
customers,legal_name,text,verbatim,customers.form.legalName,Legal Name,,high,app/sales/customers/[id]/edit/EditCustomerForm.tsx:63,text
customers,short_name,text,verbatim,customers.form.shortName,Short Name,,high,app/sales/customers/[id]/edit/EditCustomerForm.tsx:80,text
customers,country,text,verbatim,customers.form.country,Country (2-letter code),,high,app/sales/customers/[id]/edit/EditCustomerForm.tsx:91,text
customers,tax_id,text,verbatim,customers.form.taxId,Tax ID,,high,app/sales/customers/[id]/edit/EditCustomerForm.tsx:109,text
customers,address,text,verbatim,customers.form.address,Address,,high,app/sales/customers/[id]/edit/EditCustomerForm.tsx:119,text
customers,customer_types,array,list joined with commas; resolve element codes if they are dictionary codes,,,Customer types,,,text[]
customers,payment_terms,text,verbatim,customers.form.paymentTerms,Payment Terms,,high,app/sales/customers/[id]/edit/EditCustomerForm.tsx:157,text
customers,incoterm,text,verbatim,customers.form.incoterm,Incoterm,,high,app/sales/customers/[id]/edit/EditCustomerForm.tsx:184,text
customers,credit_rating,text,verbatim,customers.form.creditRating,Credit Rating,,high,app/sales/customers/[id]/edit/EditCustomerForm.tsx:194,text
customers,notes,text,verbatim,customers.form.notes,Notes,,high,app/sales/customers/[id]/edit/EditCustomerForm.tsx:234,text
customers,status,enum_like,closed value set by convention but no single-column CHECK: needs a value→words map (history old_/new_ columns can reuse the parent column's keys),customers.col.status,Status,,high,app/sales/customers/CustomersTable.tsx:82,text
customers,deleted_at,timestamp_audit,"formatAuditStamp (lib/dates.ts:251) → ""2026-09-01 14:33"" today; DD/MM/YYYY HH:MM if Tim confirms",changeHistory.op.DELETE,Deleted,,text-only,,timestamp with time zone
customers,created_at,audit_std,hide: the trail entry already says who and when,,,Created on,,,timestamp with time zone
customers,created_by,audit_std,hide: the trail entry already says who and when,,,Created by,,,uuid
customers,updated_at,audit_std,hide: the trail entry already says who and when,,,Updated on,,,timestamp with time zone
customers,updated_by,audit_std,hide: the trail entry already says who and when,,,Updated by,,,uuid
customers,payment_terms_days,number,"number with unit (qty kg, %, rate); Intl en-US grouping",customers.form.paymentTermsDays,Payment terms (days),,high,app/sales/customers/[id]/edit/EditCustomerForm.tsx:166,integer
customers,credit_limit_base,money,"formatAmount(n, base currency from getBaseCurrency lib/currency.ts:16) (lib/format.ts:32)",sales.credit.limit,Credit limit,,high,app/sales/orders/new/NewOrderForm.tsx:77,numeric
customers,credit_hold,boolean,words: Yes / No (common.yes/common.no if present) or a column-specific phrase,customers.form.creditHold,Credit hold (freeze shipments),,high,app/sales/customers/[id]/CreditPanel.tsx:61,boolean
customers,default_tax_code,dict,tax_codes.name_en (via code),customers.form.defaultTaxCode,Default tax code,,high,app/sales/customers/[id]/edit/EditCustomerForm.tsx:214,text
deep_discharge_judgements,code,own_key,show as-is: the record's own business key (code/number),,,Code,,,text
deep_discharge_judgements,name_en,text,verbatim,dict.f.nameEn,Name (EN),,text-only,,text
deep_discharge_judgements,name_zh,text,verbatim,dict.f.nameZh,Name (ZH),,text-only,,text
deep_discharge_judgements,is_a_claim,boolean,words: Yes / No (common.yes/common.no if present) or a column-specific phrase,hr.subnav.claims,Claims,,text-only,,boolean
deep_discharge_judgements,is_active,boolean,words: Yes / No (common.yes/common.no if present) or a column-specific phrase,assets.status.active,Active,,text-only,,boolean
deep_discharge_judgements,sort_order,technical,hide,,,Sort order,,,integer
deep_discharge_judgements,notes,text,verbatim,inbound.pricing.notes,Notes,,high,app/inbound/[id]/edit/PricingPanel.tsx:231,text
departments,id,technical,hide: row identity (the trail names the record in its heading),,,ID,,,uuid
departments,code,text,verbatim,,,Code,,,text
departments,name_en,text,verbatim,hr.colNameEn,Name (EN),,high,app/hr/departments/DepartmentsTable.tsx:29,text
departments,name_zh,text,verbatim,hr.colNameZh,Name (ZH),,high,app/hr/departments/DepartmentsTable.tsx:30,text
departments,parent_department_id,dict,departments.name_en (via id),,,Parent department,,,uuid
departments,is_active,boolean,words: Yes / No (common.yes/common.no if present) or a column-specific phrase,pricing.form.active,Active,,high,app/hr/departments/DepartmentsTable.tsx:40,boolean
departments,notes,text,verbatim,hr.colNotes,Notes,,high,app/hr/employees/[id]/page.tsx:375,text
departments,deleted_at,timestamp_audit,"formatAuditStamp (lib/dates.ts:251) → ""2026-09-01 14:33"" today; DD/MM/YYYY HH:MM if Tim confirms",changeHistory.op.DELETE,Deleted,,text-only,,timestamp with time zone
departments,created_at,audit_std,hide: the trail entry already says who and when,,,Created on,,,timestamp with time zone
departments,created_by,audit_std,hide: the trail entry already says who and when,,,Created by,,,uuid
departments,updated_at,audit_std,hide: the trail entry already says who and when,,,Updated on,,,timestamp with time zone
departments,updated_by,audit_std,hide: the trail entry already says who and when,,,Updated by,,,uuid
departments,manager_employee_id,fk_person,"employees.id → person name: loadActorNames(…, employeeIds) space=""employee"" (app/components/ActorName.tsx:49,119); employee_lookup view for readers without hr.view",,,Manager employee,,,uuid
document_relation_exceptions,owner_table,own_key,show as-is: the record's own business key (code/number),,,Owner table,,,text
document_relation_exceptions,column_a,own_key,show as-is: the record's own business key (code/number),,,Column a,,,text
document_relation_exceptions,column_b,own_key,show as-is: the record's own business key (code/number),,,Column b,,,text
document_relation_exceptions,reason,text,verbatim,assay.unapplyReason,Reason,,text-only,,text
document_type_exceptions,table_name,own_key,show as-is: the record's own business key (code/number),,,Table name,,,text
document_type_exceptions,reason,text,verbatim,assay.unapplyReason,Reason,,text-only,,text
document_types,key,own_key,show as-is: the record's own business key (code/number),,,Key,,,text
document_types,prefix,text,verbatim,,,Prefix,,,text
document_types,table_name,text,verbatim,,,Table name,,,text
document_types,numbering,enum,NO message keys found for values gapless/gapped,common.no,No,,text-only,,text
document_types,sequence_name,text,verbatim,,,Sequence name,,,text
document_types,route,text,verbatim,,,Route,,,text
document_types,link_mode,enum,NO message keys found for values detail/list/list_q/type_list,,,Link mode,,,text
document_types,label_column,text,verbatim,,,Label column,,,text
document_types,match_columns,array,list joined with commas; resolve element codes if they are dictionary codes,,,Match columns,,,text[]
document_types,view_permission,array,list joined with commas; resolve element codes if they are dictionary codes,,,View permission,,,text[]
employee_account_history,id,technical,hide: row identity (the trail names the record in its heading),,,ID,,,uuid
employee_account_history,seq,technical,hide,,,Seq,,,bigint
employee_account_history,action,enum,message keys permissions.not<V> (partial 1/2: linked/unlinked; key exists; not seen on a page that reads this table),assets.colActions,Actions,,text-only,,text
employee_account_history,user_id,actor,bare auth-account uuid (no FK) → person name via loadActorNames (app/components/ActorName.tsx:49),,,User,,,uuid
employee_account_history,employee_id,uuid_nofk,"polymorphic / soft reference: resolve by the paired type column, else hide",attendance.colEmployee,Employee,,text-only,,uuid
employee_account_history,actor_user_id,actor,bare auth-account uuid (no FK) → person name via loadActorNames (app/components/ActorName.tsx:49),,,Actor user,,,uuid
employee_account_history,changed_at,timestamp_audit,"formatAuditStamp (lib/dates.ts:251) → ""2026-09-01 14:33"" today; DD/MM/YYYY HH:MM if Tim confirms",assets.history.type.updated,Changed,,text-only,,timestamp with time zone
employee_accounts,user_id,actor,"auth account → person name: loadActorNames (app/components/ActorName.tsx:49), preferred_name || legal_name; fallbacks actor.noEmployeeRecord / actor.unrecorded / common.restricted",,,User,,,uuid
employee_accounts,employee_id,fk_person,"employees.id → person name: loadActorNames(…, employeeIds) space=""employee"" (app/components/ActorName.tsx:49,119); employee_lookup view for readers without hr.view",attendance.colEmployee,Employee,,text-only,,uuid
employee_accounts,linked_at,timestamp_audit,"formatAuditStamp (lib/dates.ts:251) → ""2026-09-01 14:33"" today; DD/MM/YYYY HH:MM if Tim confirms",,,Linked on,,,timestamp with time zone
employee_accounts,linked_by,actor,bare auth-account uuid (no FK) → person name via loadActorNames (app/components/ActorName.tsx:49),,,Linked by,,,uuid
employees,id,technical,hide: row identity (the trail names the record in its heading),,,ID,,,uuid
employees,code,text,verbatim,,,Employee number,,,text
employees,legal_name,text,verbatim,hr.colLegalName,Legal name,,high,app/hr/employees/EmployeesTable.tsx:70,text
employees,preferred_name,text,verbatim,hr.colPreferredName,Preferred name,,medium,app/hr/employees/EmployeeForm.tsx:174,text
employees,department_id,dict,departments.name_en (via id),hr.colDepartment,Department,,high,app/hr/employees/EmployeeForm.tsx:270,uuid
employees,manager_id,fk_person,"employees.id → person name: loadActorNames(…, employeeIds) space=""employee"" (app/components/ActorName.tsx:49,119); employee_lookup view for readers without hr.view",hr.colManager,Manager,,high,app/hr/employees/EmployeeForm.tsx:299,uuid
employees,employment_type,enum,"message keys hr.employmentType.<v> (registered in scripts/check-i18n.mjs, build-checked)",hr.colEmploymentType,Employment type,,high,app/hr/employees/EmployeesTable.tsx:80,text
employees,work_category,enum,"message keys hr.workCategory.<v> (registered in scripts/check-i18n.mjs, build-checked)",hr.colWorkCategory,Category,,high,app/hr/employees/EmployeesTable.tsx:81,text
employees,hire_date,date,"formatDate (lib/dates.ts:193) → today ""01 Sep 2026""; Tim now asks DD/MM/YYYY",hr.colHireDate,Hire date,,high,app/hr/employees/EmployeesTable.tsx:90,date
employees,probation_end_date,date,"formatDate (lib/dates.ts:193) → today ""01 Sep 2026""; Tim now asks DD/MM/YYYY",hr.colProbationEnd,Probation ends,,medium,app/hr/employees/[id]/page.tsx:307,date
employees,employment_status,enum,"message keys org.status.<v> | hr.employmentStatus.<v> (registered in scripts/check-i18n.mjs, build-checked)",,,Employment status,,,text
employees,separation_date,date,"formatDate (lib/dates.ts:193) → today ""01 Sep 2026""; Tim now asks DD/MM/YYYY",hr.colSeparationDate,Separation date,,medium,app/hr/employees/[id]/page.tsx:360,date
employees,separation_type,enum,"message keys hr.separationType.<v> (registered in scripts/check-i18n.mjs, build-checked)",hr.colSeparationType,Separation type,,high,app/hr/employees/EmployeeForm.tsx:523,text
employees,separation_notes,text,verbatim,hr.colSeparationNotes,Separation notes,,medium,app/hr/employees/EmployeeForm.tsx:539,text
employees,work_email,text,verbatim,hr.colWorkEmail,Work email,,medium,app/hr/employees/EmployeeForm.tsx:243,text
employees,work_phone,text,verbatim,hr.colWorkPhone,Work phone,,medium,app/hr/employees/EmployeeForm.tsx:255,text
employees,residency_status,enum,"message keys hr.residency.<v> (registered in scripts/check-i18n.mjs, build-checked)",hr.colResidency,Residency status,,high,app/hr/employees/EmployeeForm.tsx:420,text
employees,identity_no,text,verbatim,hr.colIdentityNo,Identity number,,medium,app/hr/employees/EmployeeForm.tsx:440,text
employees,work_pass_type,enum_like,closed value set by convention but no single-column CHECK: needs a value→words map (history old_/new_ columns can reuse the parent column's keys),me.workPassType,Work pass,,high,app/me/page.tsx:369,text
employees,work_pass_no,text,verbatim,hr.colWorkPassNo,Work pass number,,text-only,,text
employees,work_pass_issue_date,date,"formatDate (lib/dates.ts:193) → today ""01 Sep 2026""; Tim now asks DD/MM/YYYY",hr.colWorkPassIssue,Issued,,medium,app/hr/employees/EmployeeForm.tsx:481,date
employees,work_pass_expiry_date,date,"formatDate (lib/dates.ts:193) → today ""01 Sep 2026""; Tim now asks DD/MM/YYYY",me.workPassExpiry,Work pass expiry,,medium,app/me/page.tsx:375,date
employees,user_id,actor,"auth account → person name: loadActorNames (app/components/ActorName.tsx:49), preferred_name || legal_name; fallbacks actor.noEmployeeRecord / actor.unrecorded / common.restricted",,,User,,,uuid
employees,notes,text,verbatim,leave.notes,Notes,,high,app/hr/reviews/cycles/CycleForm.tsx:66,text
employees,deleted_at,timestamp_audit,"formatAuditStamp (lib/dates.ts:251) → ""2026-09-01 14:33"" today; DD/MM/YYYY HH:MM if Tim confirms",changeHistory.op.DELETE,Deleted,,text-only,,timestamp with time zone
employees,created_at,audit_std,hide: the trail entry already says who and when,,,Created on,,,timestamp with time zone
employees,created_by,audit_std,hide: the trail entry already says who and when,,,Created by,,,uuid
employees,updated_at,audit_std,hide: the trail entry already says who and when,,,Updated on,,,timestamp with time zone
employees,updated_by,audit_std,hide: the trail entry already says who and when,,,Updated by,,,uuid
employees,confirmation_date,date,"formatDate (lib/dates.ts:193) → today ""01 Sep 2026""; Tim now asks DD/MM/YYYY",,,Confirmation date,,,date
employees,monthly_salary,money,NO determinable currency column,,,Monthly salary,,,numeric
employees,monthly_salary_set,boolean,words: Yes / No (common.yes/common.no if present) or a column-specific phrase [generated column],,,Monthly salary set,,,boolean
employees,review_exempt,boolean,words: Yes / No (common.yes/common.no if present) or a column-specific phrase,,,Review exempt,,,boolean
employees,anonymised_at,timestamp_audit,"formatAuditStamp (lib/dates.ts:251) → ""2026-09-01 14:33"" today; DD/MM/YYYY HH:MM if Tim confirms",,,Anonymised on,,,timestamp with time zone
employees,anonymised_by,actor,bare auth-account uuid (no FK) → person name via loadActorNames (app/components/ActorName.tsx:49),,,Anonymised by,,,uuid
employees,position_id,fk_other,positions: composed description (see target table),hr.colPosition,Position,,high,app/hr/employees/EmployeeForm.tsx:289,uuid
employees,greeting_name,text,verbatim,,,Greeting name,,,text
employees,is_site_staff,boolean,words: Yes / No (common.yes/common.no if present) or a column-specific phrase,hr.colSiteStaff,Site staff,,high,app/hr/employees/[id]/page.tsx:298,boolean
employees,first_name,text,verbatim,hr.colFirstName,First name,,medium,app/hr/employees/EmployeeForm.tsx:155,text
employees,last_name,text,verbatim,hr.colLastName,Last name,,medium,app/hr/employees/EmployeeForm.tsx:165,text
employment_history,id,technical,hide: row identity (the trail names the record in its heading),,,ID,,,uuid
employment_history,employee_id,fk_person,"employees.id → person name: loadActorNames(…, employeeIds) space=""employee"" (app/components/ActorName.tsx:49,119); employee_lookup view for readers without hr.view",attendance.colEmployee,Employee,,text-only,,uuid
employment_history,effective_date,date,"formatDate (lib/dates.ts:193) → today ""01 Sep 2026""; Tim now asks DD/MM/YYYY",hr.initialSalary.effectiveDate,First payroll month,,high,app/hr/employees/InitialSalaryForm.tsx:68,date
employment_history,change_type,enum,"message keys hr.changeType.<v> (registered in scripts/check-i18n.mjs, build-checked)",,,Change type,,,text
employment_history,job_title,text,verbatim,,,Job title,,,text
employment_history,department_id,dict,departments.name_en (via id),hr.colDepartment,Department,,high,app/hr/employees/EmployeeForm.tsx:270,uuid
employment_history,employment_type,enum_like,closed value set by convention but no single-column CHECK: needs a value→words map (history old_/new_ columns can reuse the parent column's keys),me.employmentType,Employment type,,high,app/me/page.tsx:346,text
employment_history,employment_status,enum_like,closed value set by convention but no single-column CHECK: needs a value→words map (history old_/new_ columns can reuse the parent column's keys),,,Employment status,,,text
employment_history,notes,text,verbatim,hr.colNotes,Notes,,high,app/hr/employees/[id]/page.tsx:375,text
employment_history,created_at,audit_std,hide: the trail entry already says who and when,,,Created on,,,timestamp with time zone
employment_history,created_by,audit_std,hide: the trail entry already says who and when,,,Created by,,,uuid
employment_history,old_monthly_salary,money,NO determinable currency column,,,Previous monthly salary,,,numeric
employment_history,new_monthly_salary,money,NO determinable currency column,reviews.newSalary,New monthly salary,,high,app/me/MyReviewsPanel.tsx:141,numeric
employment_history,work_category,enum,message keys hr.workCategory.<v> (2/2 values; used on a page that reads this table),hr.colWorkCategory,Category,,high,app/hr/employees/EmployeesTable.tsx:81,text
employment_history,anonymised_at,timestamp_audit,"formatAuditStamp (lib/dates.ts:251) → ""2026-09-01 14:33"" today; DD/MM/YYYY HH:MM if Tim confirms",,,Anonymised on,,,timestamp with time zone
equipment_downtime,id,technical,hide: row identity (the trail names the record in its heading),,,ID,,,uuid
equipment_downtime,equipment_id,fk_document,"fixed_assets.code (document number, prefix FA)",assets.category.equipment,Equipment,,text-only,,uuid
equipment_downtime,started_at,timestamp_audit,"formatAuditStamp (lib/dates.ts:251) → ""2026-09-01 14:33"" today; DD/MM/YYYY HH:MM if Tim confirms",equipment.down.startedAt,Went down at,,high,app/finance/assets/[id]/DowntimePanel.tsx:213,timestamp with time zone
equipment_downtime,ended_at,timestamp_audit,"formatAuditStamp (lib/dates.ts:251) → ""2026-09-01 14:33"" today; DD/MM/YYYY HH:MM if Tim confirms",equipment.down.endedAt,Came back at,,high,app/finance/assets/[id]/DowntimePanel.tsx:156,timestamp with time zone
equipment_downtime,reason,text,verbatim,equipment.intervals.reasonKg,on kilograms,,high,app/finance/assets/[id]/ServiceIntervalPanel.tsx:242,text
equipment_downtime,notes,text,verbatim,processing.handover.notes,Notes,,high,app/operation/handovers/new/NewHandoverForm.tsx:146,text
equipment_downtime,created_at,audit_std,hide: the trail entry already says who and when,,,Created on,,,timestamp with time zone
equipment_downtime,created_by,audit_std,hide: the trail entry already says who and when,,,Created by,,,uuid
equipment_downtime,updated_at,audit_std,hide: the trail entry already says who and when,,,Updated on,,,timestamp with time zone
equipment_downtime,updated_by,audit_std,hide: the trail entry already says who and when,,,Updated by,,,uuid
equipment_downtime,duration,time,HH:MM / duration in words [generated column],,,Duration,,,interval
equipment_downtime,voided_at,timestamp_audit,"U1-B (2026-10-05): when a downtime period was voided",,,Voided on,,,timestamp with time zone
equipment_downtime,voided_by,actor,bare auth-account uuid (no FK) → person name via loadActorNames (app/components/ActorName.tsx:49),,,Voided by,,,uuid
equipment_downtime,void_reason,text,verbatim,,,Reason voided,,,text
equipment_maintenance,id,technical,hide: row identity (the trail names the record in its heading),,,ID,,,uuid
equipment_maintenance,equipment_id,fk_document,"fixed_assets.code (document number, prefix FA)",assets.category.equipment,Equipment,,text-only,,uuid
equipment_maintenance,performed_on,date,"formatDate (lib/dates.ts:193) → today ""01 Sep 2026""; Tim now asks DD/MM/YYYY",,,Performed on,,,date
equipment_maintenance,kind,enum,message keys equipment.kind.<v> (2/2 values; used on a page that reads this table),equipment.intervals.kind,Kind of work,,high,app/finance/assets/[id]/ServiceIntervalPanel.tsx:323,text
equipment_maintenance,description,text,verbatim,equipment.maint.needDescription,Say what was done.,,high,app/finance/assets/[id]/MaintenancePanel.tsx:125,text
equipment_maintenance,performed_by_employee_id,fk_person,"employees.id → person name: loadActorNames(…, employeeIds) space=""employee"" (app/components/ActorName.tsx:49,119); employee_lookup view for readers without hr.view",,,Performed by employee,,,uuid
equipment_maintenance,performed_by_supplier_id,fk_document,"suppliers.code (document number, prefix SUP)",,,Performed by supplier,,,uuid
equipment_maintenance,performed_by_name,text,verbatim,,,Performed by name,,,text
equipment_maintenance,downtime_id,fk_other,equipment_downtime: composed description (see target table),,,Downtime,,,uuid
equipment_maintenance,expense_id,fk_document,"expenses.code (document number, prefix EXP)",assets.detail.bornFromExpense,created by an expense,,high,app/finance/assets/[id]/page.tsx:365,uuid
equipment_maintenance,capitalised,boolean,words: Yes / No (common.yes/common.no if present) or a column-specific phrase,equipment.maint.capitalised,Capitalised,,high,app/finance/assets/[id]/MaintenancePanel.tsx:221,boolean
equipment_maintenance,capitalisation_reason,text,verbatim,,,Capitalisation reason,,,text
equipment_maintenance,capitalised_expense_id,fk_document,"expenses.code (document number, prefix EXP)",,,Capitalised expense,,,uuid
equipment_maintenance,notes,text,verbatim,assay.notes,Notes,,text-only,,text
equipment_maintenance,created_at,audit_std,hide: the trail entry already says who and when,,,Created on,,,timestamp with time zone
equipment_maintenance,created_by,audit_std,hide: the trail entry already says who and when,,,Created by,,,uuid
equipment_maintenance,updated_at,audit_std,hide: the trail entry already says who and when,,,Updated on,,,timestamp with time zone
equipment_maintenance,updated_by,audit_std,hide: the trail entry already says who and when,,,Updated by,,,uuid
equipment_service_intervals,id,technical,hide: row identity (the trail names the record in its heading),,,ID,,,uuid
equipment_service_intervals,equipment_id,fk_document,"fixed_assets.code (document number, prefix FA)",assets.category.equipment,Equipment,,text-only,,uuid
equipment_service_intervals,kind,enum,message keys equipment.kind.<v> (2/2 values; used on a page that reads this table),equipment.intervals.kind,Kind of work,,high,app/finance/assets/[id]/ServiceIntervalPanel.tsx:323,text
equipment_service_intervals,interval_kg,number,"number with unit (qty kg, %, rate); Intl en-US grouping",equipment.intervals.intervalKg,Every N kilograms processed,,high,app/finance/assets/[id]/ServiceIntervalPanel.tsx:341,numeric
equipment_service_intervals,lead_kg,number,"number with unit (qty kg, %, rate); Intl en-US grouping",,,Lead kg,,,numeric
equipment_service_intervals,interval_days,number,"number with unit (qty kg, %, rate); Intl en-US grouping",equipment.intervals.intervalDays,Every N days,,high,app/finance/assets/[id]/ServiceIntervalPanel.tsx:351,integer
equipment_service_intervals,lead_days,number,"number with unit (qty kg, %, rate); Intl en-US grouping",,,Lead days,,,integer
equipment_service_intervals,disposition,enum,message keys equipment.intervals.disp<V> (2/2 values; used on a page that reads this table),equipment.intervals.disposition,When it falls due,,high,app/finance/assets/[id]/ServiceIntervalPanel.tsx:331,text
equipment_service_intervals,notes,text,verbatim,assay.notes,Notes,,text-only,,text
equipment_service_intervals,created_at,audit_std,hide: the trail entry already says who and when,,,Created on,,,timestamp with time zone
equipment_service_intervals,created_by,audit_std,hide: the trail entry already says who and when,,,Created by,,,uuid
equipment_service_intervals,updated_at,audit_std,hide: the trail entry already says who and when,,,Updated on,,,timestamp with time zone
equipment_service_intervals,updated_by,audit_std,hide: the trail entry already says who and when,,,Updated by,,,uuid
expense_claims,id,technical,hide: row identity (the trail names the record in its heading),,,ID,,,uuid
expense_claims,code,text,verbatim,,,Expense claim number,,,text
expense_claims,employee_id,fk_person,"employees.id → person name: loadActorNames(…, employeeIds) space=""employee"" (app/components/ActorName.tsx:49,119); employee_lookup view for readers without hr.view",attendance.colEmployee,Employee,,text-only,,uuid
expense_claims,spend_date,date,"formatDate (lib/dates.ts:193) → today ""01 Sep 2026""; Tim now asks DD/MM/YYYY",equipment.maint.capDate,Date of the spend,,text-only,,date
expense_claims,submitted_at,timestamp_audit,"formatAuditStamp (lib/dates.ts:251) → ""2026-09-01 14:33"" today; DD/MM/YYYY HH:MM if Tim confirms",gstFiling.colFrozen,Submitted,,text-only,,timestamp with time zone
expense_claims,amount_ccy,money,"formatAmount(n, row.currency) (lib/format.ts:32)",assets.detail.colAmountCcy,Amount,,text-only,,numeric
expense_claims,currency,currency,"show the ISO code (currencies.code; every page shows the code, e.g. ""SGD"")",assets.history.field.currency,Currency,,text-only,,text
expense_claims,description,text,verbatim,assets.colDescription,Description,,text-only,,text
expense_claims,no_receipt_reason,text,verbatim,,,Number receipt reason,,,text
expense_claims,status,enum,message keys claims.state_<v> (4/4 values; key exists; not seen on a page that reads this table),assets.history.field.status,Status,,text-only,,text
expense_claims,withdrawn_at,timestamp_audit,"formatAuditStamp (lib/dates.ts:251) → ""2026-09-01 14:33"" today; DD/MM/YYYY HH:MM if Tim confirms",assetDisposal.status.withdrawn,withdrawn,,text-only,,timestamp with time zone
expense_claims,decided_at,timestamp_audit,"formatAuditStamp (lib/dates.ts:251) → ""2026-09-01 14:33"" today; DD/MM/YYYY HH:MM if Tim confirms",finance.paymentRequests.decidedAt,Decided,,text-only,,timestamp with time zone
expense_claims,decided_by,actor,bare auth-account uuid (no FK) → person name via loadActorNames (app/components/ActorName.tsx:49),finance.selfApproved.colDecider,Decided by,,text-only,,uuid
expense_claims,decision_notes,text,verbatim,leave.decisionNotes,Decision notes,,text-only,,text
expense_claims,account_code,dict,accounts.name_en (via code),bank.colAccount,Account,,text-only,,text
expense_claims,tax_code,dict,tax_codes.name_en (via code),customers.form.taxId,Tax ID,,text-only,,text
expense_claims,posting_date,date,"formatDate (lib/dates.ts:193) → today ""01 Sep 2026""; Tim now asks DD/MM/YYYY",expenseClaims.postingDate,Posting date,,text-only,,date
expense_claims,expense_id,fk_document,"expenses.code (document number, prefix EXP)",assets.detail.colExpense,Expense,,text-only,,uuid
expense_claims,created_at,audit_std,hide: the trail entry already says who and when,,,Created on,,,timestamp with time zone
expense_claims,created_by,audit_std,hide: the trail entry already says who and when,,,Created by,,,uuid
expenses,id,technical,hide: row identity (the trail names the record in its heading),,,ID,,,uuid
expenses,code,text,verbatim,,,Expense number,,,text
expenses,expense_date,date,"formatDate (lib/dates.ts:193) → today ""01 Sep 2026""; Tim now asks DD/MM/YYYY",expense.form.date,Expense date,,medium,app/finance/expenses/new/NewExpenseForm.tsx:200,date
expenses,account_code,dict,accounts.name_en (via code),expense.colAccount,Account,,medium,app/finance/expenses/[id]/page.tsx:206,text
expenses,amount_ccy,money,"formatAmount(n, row.currency) (lib/format.ts:32)",assets.detail.colAmountCcy,Amount,,high,app/finance/assets/[id]/CostEntriesTable.tsx:56,numeric
expenses,currency,currency,"show the ISO code (currencies.code; every page shows the code, e.g. ""SGD"")",expense.form.currency,Currency,,high,app/finance/expenses/new/NewExpenseForm.tsx:362,text
expenses,fx_rate,number,"number with unit (qty kg, %, rate); Intl en-US grouping",hr.colFxRate,FX rate,,text-only,,numeric
expenses,amount_base,money,"formatAmount(n, base currency from getBaseCurrency lib/currency.ts:16) (lib/format.ts:32)",assets.detail.colAmountBase,Amount (base),,high,app/finance/assets/[id]/CostEntriesTable.tsx:63,numeric
expenses,payment_status,enum,"message keys expense.status.<v> (registered in scripts/check-i18n.mjs, build-checked)",expense.form.paymentStatus,Payment status,,high,app/finance/expenses/[id]/page.tsx:228,text
expenses,bank_account_code,enum,message keys finance.bank.<v> (2/2 values; used on a page that reads this table),expense.form.bankAccount,Paid from,,high,app/finance/expenses/[id]/page.tsx:243,text
expenses,supplier_id,fk_document,"suppliers.code (document number, prefix SUP)",equipment.maint.capSupplier,Supplier (optional),,high,app/finance/assets/[id]/MaintenancePanel.tsx:499,uuid
expenses,payee_name,text,verbatim,expense.form.payeeName,Payee,,high,app/finance/expenses/[id]/page.tsx:247,text
expenses,notes,text,verbatim,expense.form.notes,Notes,,high,app/finance/expenses/new/NewExpenseForm.tsx:416,text
expenses,journal_entry_id,fk_document,"journal_entries.code (document number, prefix JE)",assay.journalLink,Journal entry,,text-only,,uuid
expenses,status,enum,"message keys finance.status.<v> (registered in scripts/check-i18n.mjs, build-checked)",gst.status,Status,,high,app/finance/gst/GstPeriodsTable.tsx:38,text
expenses,reversed_by_expense,fk_document,"expenses.code (document number, prefix EXP)",,,Reversed by expense,,,uuid
expenses,created_at,audit_std,hide: the trail entry already says who and when,,,Created on,,,timestamp with time zone
expenses,created_by,audit_std,hide: the trail entry already says who and when,,,Created by,,,uuid
expenses,employee_id,fk_person,"employees.id → person name: loadActorNames(…, employeeIds) space=""employee"" (app/components/ActorName.tsx:49,119); employee_lookup view for readers without hr.view",attendance.colEmployee,Employee,,text-only,,uuid
expenses,purchase_order_line_id,fk_other,purchase_order_lines: composed description (see target table),expense.form.poLine,Purchase order line (optional),,high,app/finance/expenses/new/NewExpenseForm.tsx:478,uuid
expenses,tax_code,dict,tax_codes.name_en (via code),expense.form.taxCode,Tax code,,high,app/finance/expenses/new/NewExpenseForm.tsx:254,text
expenses,tax_rate_pct,number,"number with unit (qty kg, %, rate); Intl en-US grouping",,,Tax rate %,,,numeric
expenses,tax_base,money,"formatAmount(n, base currency from getBaseCurrency lib/currency.ts:16) (lib/format.ts:32)",customers.form.taxId,Tax ID,,text-only,,numeric
expenses,wht_payee_residence,enum,message keys suppliers.form.taxResidence<V> (2/2 values; key exists; not seen on a page that reads this table),,,WHT payee residence,,,text
expenses,wht_nature,dict,wht_natures.name_en (via code),expense.form.whtNature,Nature of payment,,high,app/finance/expenses/new/NewExpenseForm.tsx:299,text
expenses,wht_rate_pct,number,"number with unit (qty kg, %, rate); Intl en-US grouping",,,WHT rate %,,,numeric
expenses,wht_amount_ccy,money,"formatAmount(n, row.currency) (lib/format.ts:32)",,,WHT amount,,,numeric
expenses,wht_treaty_ref,text,verbatim,expense.form.whtTreatyRef,Certificate of residence,,high,app/finance/expenses/new/NewExpenseForm.tsx:329,text
expenses,tax_ccy,money,"formatAmount(n, row.currency) (lib/format.ts:32)",customers.form.taxId,Tax ID,,text-only,,numeric
finance_attachments,id,technical,hide: row identity (the trail names the record in its heading),,,ID,,,uuid
finance_attachments,sales_record_id,fk_other,sales_records: composed description (see target table),,,Sales record,,,uuid
finance_attachments,inbound_batch_id,fk_document,"inbound_batches.code (document number, prefix IN)",deleted.kind.inbound_batch,Inbound batch,,text-only,,uuid
finance_attachments,payment_id,fk_document,"payments.code (document number, prefix RCPT)",expense.colStatus,Payment,,text-only,,uuid
finance_attachments,file_name,text,verbatim,,,File name,,,text
finance_attachments,file_path,technical,hide,,,File path,,,text
finance_attachments,file_size,technical,hide,,,File size,,,bigint
finance_attachments,mime_type,enum_like,closed value set by convention but no single-column CHECK: needs a value→words map (history old_/new_ columns can reuse the parent column's keys),,,Mime type,,,text
finance_attachments,doc_type,enum,message keys finAttach.docTypes.<v> (6/6 values; used on a page that reads this table),finAttach.docType,Type,,high,app/components/finance/FinanceAttachmentsPanel.tsx:199,text
finance_attachments,notes,text,verbatim,finAttach.notes,Notes,,high,app/components/finance/FinanceAttachmentsPanel.tsx:214,text
finance_attachments,deleted_at,timestamp_audit,"formatAuditStamp (lib/dates.ts:251) → ""2026-09-01 14:33"" today; DD/MM/YYYY HH:MM if Tim confirms",changeHistory.op.DELETE,Deleted,,text-only,,timestamp with time zone
finance_attachments,created_at,audit_std,hide: the trail entry already says who and when,,,Created on,,,timestamp with time zone
finance_attachments,created_by,audit_std,hide: the trail entry already says who and when,,,Created by,,,uuid
finance_attachments,updated_at,audit_std,hide: the trail entry already says who and when,,,Updated on,,,timestamp with time zone
finance_attachments,updated_by,audit_std,hide: the trail entry already says who and when,,,Updated by,,,uuid
finance_attachments,expense_id,fk_document,"expenses.code (document number, prefix EXP)",assets.detail.colExpense,Expense,,text-only,,uuid
finance_attachments,claim_id,fk_document,"expense_claims.code (document number, prefix CLM)",hr.subnav.claims,Claims,,text-only,,uuid
finance_settings,id,own_key,show as-is: the record's own business key (code/number),,,ID,,,boolean
finance_settings,locked_before,date,"formatDate (lib/dates.ts:193) → today ""01 Sep 2026""; Tim now asks DD/MM/YYYY",finance.lockedBefore,Period locked before,,high,app/finance/settings/LockForm.tsx:49,date
finance_settings,updated_at,audit_std,hide: the trail entry already says who and when,,,Updated on,,,timestamp with time zone
finance_settings,updated_by,audit_std,hide: the trail entry already says who and when,,,Updated by,,,uuid
finance_settings,gst_registered,boolean,words: Yes / No (common.yes/common.no if present) or a column-specific phrase,,,GST registered,,,boolean
finance_settings,gst_rate_pct,number,"number with unit (qty kg, %, rate); Intl en-US grouping",,,GST rate %,,,numeric
finance_settings,gst_registration_no,text,verbatim,finance.gstSwitch.regNo,GST registration number,,text-only,,text
finance_settings,system_start_date,date,"formatDate (lib/dates.ts:193) → today ""01 Sep 2026""; Tim now asks DD/MM/YYYY",,,System start date,,,date
finance_settings,fy_end_month,number,"number with unit (qty kg, %, rate); Intl en-US grouping",,,Fy end month,,,integer
finance_settings,fy_end_day,number,"number with unit (qty kg, %, rate); Intl en-US grouping",,,Fy end day,,,integer
finance_settings,first_fy_end,date,"formatDate (lib/dates.ts:193) → today ""01 Sep 2026""; Tim now asks DD/MM/YYYY",,,First fy end,,,date
finance_settings,default_allocation_basis,enum,message keys processing.allocation.basis.<v> (2/2 values; used on a page that reads this table),,,Default allocation basis,,,text
finance_settings,approval_level1_role_code,dict,roles.name_en (via code),,,Approval level1 role,,,text
finance_settings,approval_threshold_base,money,"formatAmount(n, base currency from getBaseCurrency lib/currency.ts:16) (lib/format.ts:32)",,,Approval threshold (base currency),,,numeric
finance_settings,approvals_enabled,boolean,words: Yes / No (common.yes/common.no if present) or a column-specific phrase,,,Approvals enabled,,,boolean
finance_settings,approval_level2_role_code,dict,roles.name_en (via code),,,Approval level2 role,,,text
finance_settings_history,id,technical,hide: row identity (the trail names the record in its heading),,,ID,,,uuid
finance_settings_history,old_approvals_enabled,boolean,words: Yes / No (common.yes/common.no if present) or a column-specific phrase,,,Previous approvals enabled,,,boolean
finance_settings_history,new_approvals_enabled,boolean,words: Yes / No (common.yes/common.no if present) or a column-specific phrase,,,New approvals enabled,,,boolean
finance_settings_history,old_approval_level1_role_code,text_code,"text code without FK: resolve via its dictionary or message keys if one exists, else show verbatim",,,Previous approval level1 role code,,,text
finance_settings_history,new_approval_level1_role_code,text_code,"text code without FK: resolve via its dictionary or message keys if one exists, else show verbatim",,,New approval level1 role code,,,text
finance_settings_history,old_approval_level2_role_code,text_code,"text code without FK: resolve via its dictionary or message keys if one exists, else show verbatim",,,Previous approval level2 role code,,,text
finance_settings_history,new_approval_level2_role_code,text_code,"text code without FK: resolve via its dictionary or message keys if one exists, else show verbatim",,,New approval level2 role code,,,text
finance_settings_history,old_approval_threshold_base,money,"formatAmount(n, base currency from getBaseCurrency lib/currency.ts:16) (lib/format.ts:32)",,,Previous approval threshold (base currency),,,numeric
finance_settings_history,new_approval_threshold_base,money,"formatAmount(n, base currency from getBaseCurrency lib/currency.ts:16) (lib/format.ts:32)",,,New approval threshold (base currency),,,numeric
finance_settings_history,changed_at,timestamp_audit,"formatAuditStamp (lib/dates.ts:251) → ""2026-09-01 14:33"" today; DD/MM/YYYY HH:MM if Tim confirms",assets.history.type.updated,Changed,,text-only,,timestamp with time zone
finance_settings_history,changed_by,actor,bare auth-account uuid (no FK) → person name via loadActorNames (app/components/ActorName.tsx:49),,,Changed by,,,uuid
fixed_asset_cost_entries,id,technical,hide: row identity (the trail names the record in its heading),,,ID,,,uuid
fixed_asset_cost_entries,asset_id,fk_document,"fixed_assets.code (document number, prefix FA)",assetDisposal.asset,Asset,,text-only,,uuid
fixed_asset_cost_entries,expense_id,fk_document,"expenses.code (document number, prefix EXP)",assets.detail.bornFromExpense,created by an expense,,high,app/finance/assets/[id]/page.tsx:365,uuid
fixed_asset_cost_entries,amount_ccy,money,"formatAmount(n, row.currency) (lib/format.ts:32)",assets.detail.colAmountCcy,Amount,,high,app/finance/assets/[id]/CostEntriesTable.tsx:56,numeric
fixed_asset_cost_entries,currency,currency,"show the ISO code (currencies.code; every page shows the code, e.g. ""SGD"")",equipment.maint.capCurrency,Currency,,high,app/finance/assets/[id]/MaintenancePanel.tsx:492,text
fixed_asset_cost_entries,fx_rate,number,"number with unit (qty kg, %, rate); Intl en-US grouping",hr.colFxRate,FX rate,,text-only,,numeric
fixed_asset_cost_entries,amount_base,money,"formatAmount(n, base currency from getBaseCurrency lib/currency.ts:16) (lib/format.ts:32)",assets.detail.colAmountBase,Amount (base),,high,app/finance/assets/[id]/CostEntriesTable.tsx:63,numeric
fixed_asset_cost_entries,created_at,audit_std,hide: the trail entry already says who and when,,,Created on,,,timestamp with time zone
fixed_asset_cost_entries,created_by,audit_std,hide: the trail entry already says who and when,,,Created by,,,uuid
fixed_asset_depreciation,id,technical,hide: row identity (the trail names the record in its heading),,,ID,,,uuid
fixed_asset_depreciation,asset_id,fk_document,"fixed_assets.code (document number, prefix FA)",assetDisposal.asset,Asset,,text-only,,uuid
fixed_asset_depreciation,period_end,date,"formatDate (lib/dates.ts:193) → today ""01 Sep 2026""; Tim now asks DD/MM/YYYY",assets.depPeriodEnd,Period end,,text-only,,date
fixed_asset_depreciation,amount_base,money,"formatAmount(n, base currency from getBaseCurrency lib/currency.ts:16) (lib/format.ts:32)",assets.detail.colAmountBase,Amount (base),,high,app/finance/assets/[id]/CostEntriesTable.tsx:63,numeric
fixed_asset_depreciation,journal_entry_id,fk_document,"journal_entries.code (document number, prefix JE)",assay.journalLink,Journal entry,,text-only,,uuid
fixed_asset_depreciation,created_at,audit_std,hide: the trail entry already says who and when,,,Created on,,,timestamp with time zone
fixed_asset_depreciation,created_by,audit_std,hide: the trail entry already says who and when,,,Created by,,,uuid
fixed_asset_depreciation_anchors,id,technical,hide: row identity (the trail names the record in its heading),,,ID,,,uuid
fixed_asset_depreciation_anchors,asset_id,fk_document,"fixed_assets.code (document number, prefix FA)",assetDisposal.asset,Asset,,text-only,,uuid
fixed_asset_depreciation_anchors,effective_from,date,"formatDate (lib/dates.ts:193) → today ""01 Sep 2026""; Tim now asks DD/MM/YYYY",reviews.salaryEffective,Effective from,,text-only,,date
fixed_asset_depreciation_anchors,pre_anchor_target_base,money,"formatAmount(n, base currency from getBaseCurrency lib/currency.ts:16) (lib/format.ts:32)",,,Pre anchor target (base currency),,,numeric
fixed_asset_depreciation_anchors,remaining_months,number,"number with unit (qty kg, %, rate); Intl en-US grouping",,,Remaining months,,,numeric
fixed_asset_depreciation_anchors,expense_id,fk_document,"expenses.code (document number, prefix EXP)",assets.detail.colExpense,Expense,,text-only,,uuid
fixed_asset_depreciation_anchors,maintenance_id,fk_other,equipment_maintenance: composed description (see target table),,,Maintenance,,,uuid
fixed_asset_depreciation_anchors,reason,text,verbatim,assay.unapplyReason,Reason,,text-only,,text
fixed_asset_depreciation_anchors,created_at,audit_std,hide: the trail entry already says who and when,,,Created on,,,timestamp with time zone
fixed_asset_depreciation_anchors,created_by,audit_std,hide: the trail entry already says who and when,,,Created by,,,uuid
fixed_asset_history,id,technical,hide: row identity (the trail names the record in its heading),,,ID,,,uuid
fixed_asset_history,fixed_asset_id,fk_document,"fixed_assets.code (document number, prefix FA)",finance.subnav.assets,Fixed assets,,text-only,,uuid
fixed_asset_history,change_type,enum,"message keys assets.history.type.<v> (registered in scripts/check-i18n.mjs, build-checked)",,,Change type,,,text
fixed_asset_history,changed_columns,array,list joined with commas; resolve element codes if they are dictionary codes,,,Changed columns,,,text[]
fixed_asset_history,changed_at,timestamp_audit,"formatAuditStamp (lib/dates.ts:251) → ""2026-09-01 14:33"" today; DD/MM/YYYY HH:MM if Tim confirms",assets.history.type.updated,Changed,,text-only,,timestamp with time zone
fixed_asset_history,changed_by,actor,bare auth-account uuid (no FK) → person name via loadActorNames (app/components/ActorName.tsx:49),,,Changed by,,,uuid
fixed_asset_history,changed_by_kind,enum,message keys assets.history.<v> (partial 1/2: user/no_session; used on a page that reads this table),,,Changed by kind,,,text
fixed_asset_history,old_id,uuid_nofk,"polymorphic / soft reference: resolve by the paired type column, else hide",,,Previous iD,,,uuid
fixed_asset_history,new_id,uuid_nofk,"polymorphic / soft reference: resolve by the paired type column, else hide",breadcrumb.new,New,,text-only,,uuid
fixed_asset_history,old_code,text_code,"text code without FK: resolve via its dictionary or message keys if one exists, else show verbatim",,,Previous code,,,text
fixed_asset_history,new_code,text_code,"text code without FK: resolve via its dictionary or message keys if one exists, else show verbatim",breadcrumb.new,New,,text-only,,text
fixed_asset_history,old_description,text,verbatim,,,Previous description,,,text
fixed_asset_history,new_description,text,verbatim,,,New description,,,text
fixed_asset_history,old_category,enum_like,closed value set by convention but no single-column CHECK: needs a value→words map (history old_/new_ columns can reuse the parent column's keys),,,Previous category,,,text
fixed_asset_history,new_category,enum_like,closed value set by convention but no single-column CHECK: needs a value→words map (history old_/new_ columns can reuse the parent column's keys),,,New category,,,text
fixed_asset_history,old_acquisition_date,date,"formatDate (lib/dates.ts:193) → today ""01 Sep 2026""; Tim now asks DD/MM/YYYY",,,Previous acquisition date,,,date
fixed_asset_history,new_acquisition_date,date,"formatDate (lib/dates.ts:193) → today ""01 Sep 2026""; Tim now asks DD/MM/YYYY",,,New acquisition date,,,date
fixed_asset_history,old_in_service_date,date,"formatDate (lib/dates.ts:193) → today ""01 Sep 2026""; Tim now asks DD/MM/YYYY",,,Previous in service date,,,date
fixed_asset_history,new_in_service_date,date,"formatDate (lib/dates.ts:193) → today ""01 Sep 2026""; Tim now asks DD/MM/YYYY",,,New in service date,,,date
fixed_asset_history,old_cost_ccy,money,"formatAmount(n, fixed_assets.currency via fixed_asset_id) (lib/format.ts:32)",,,Previous cost,,,numeric
fixed_asset_history,new_cost_ccy,money,"formatAmount(n, fixed_assets.currency via fixed_asset_id) (lib/format.ts:32)",,,New cost,,,numeric
fixed_asset_history,old_currency,currency,show the ISO code (it is how every page shows currency),,,Previous currency,,,text
fixed_asset_history,new_currency,currency,show the ISO code (it is how every page shows currency),,,New currency,,,text
fixed_asset_history,old_fx_rate,number,"number with unit (qty kg, %, rate); Intl en-US grouping",,,Previous exchange rate,,,numeric
fixed_asset_history,new_fx_rate,number,"number with unit (qty kg, %, rate); Intl en-US grouping",,,New exchange rate,,,numeric
fixed_asset_history,old_cost_base,money,"formatAmount(n, base currency from getBaseCurrency lib/currency.ts:16) (lib/format.ts:32)",,,Previous cost (base currency),,,numeric
fixed_asset_history,new_cost_base,money,"formatAmount(n, base currency from getBaseCurrency lib/currency.ts:16) (lib/format.ts:32)",,,New cost (base currency),,,numeric
fixed_asset_history,old_useful_life_months,number,"number with unit (qty kg, %, rate); Intl en-US grouping",,,Previous useful life months,,,integer
fixed_asset_history,new_useful_life_months,number,"number with unit (qty kg, %, rate); Intl en-US grouping",,,New useful life months,,,integer
fixed_asset_history,old_residual_base,money,"formatAmount(n, base currency from getBaseCurrency lib/currency.ts:16) (lib/format.ts:32)",,,Previous residual (base currency),,,numeric
fixed_asset_history,new_residual_base,money,"formatAmount(n, base currency from getBaseCurrency lib/currency.ts:16) (lib/format.ts:32)",,,New residual (base currency),,,numeric
fixed_asset_history,old_depreciation_account_code,text_code,"text code without FK: resolve via its dictionary or message keys if one exists, else show verbatim",,,Previous depreciation account code,,,text
fixed_asset_history,new_depreciation_account_code,text_code,"text code without FK: resolve via its dictionary or message keys if one exists, else show verbatim",,,New depreciation account code,,,text
fixed_asset_history,old_status,enum_like,closed value set by convention but no single-column CHECK: needs a value→words map (history old_/new_ columns can reuse the parent column's keys),,,Previous status,,,text
fixed_asset_history,new_status,enum_like,closed value set by convention but no single-column CHECK: needs a value→words map (history old_/new_ columns can reuse the parent column's keys),,,New status,,,text
fixed_asset_history,old_disposal_date,date,"formatDate (lib/dates.ts:193) → today ""01 Sep 2026""; Tim now asks DD/MM/YYYY",,,Previous disposal date,,,date
fixed_asset_history,new_disposal_date,date,"formatDate (lib/dates.ts:193) → today ""01 Sep 2026""; Tim now asks DD/MM/YYYY",,,New disposal date,,,date
fixed_asset_history,old_disposal_proceeds_base,money,"formatAmount(n, base currency from getBaseCurrency lib/currency.ts:16) (lib/format.ts:32)",,,Previous disposal proceeds (base currency),,,numeric
fixed_asset_history,new_disposal_proceeds_base,money,"formatAmount(n, base currency from getBaseCurrency lib/currency.ts:16) (lib/format.ts:32)",,,New disposal proceeds (base currency),,,numeric
fixed_asset_history,old_disposal_journal_id,uuid_nofk,"polymorphic / soft reference: resolve by the paired type column, else hide",,,Previous disposal journal,,,uuid
fixed_asset_history,new_disposal_journal_id,uuid_nofk,"polymorphic / soft reference: resolve by the paired type column, else hide",,,New disposal journal,,,uuid
fixed_asset_history,old_expense_id,uuid_nofk,"polymorphic / soft reference: resolve by the paired type column, else hide",,,Previous expense,,,uuid
fixed_asset_history,new_expense_id,uuid_nofk,"polymorphic / soft reference: resolve by the paired type column, else hide",expense.new,+ New Expense,,text-only,,uuid
fixed_asset_history,old_notes,text,verbatim,,,Previous notes,,,text
fixed_asset_history,new_notes,text,verbatim,,,New notes,,,text
fixed_asset_history,old_created_at,timestamp_audit,"formatAuditStamp (lib/dates.ts:251) → ""2026-09-01 14:33"" today; DD/MM/YYYY HH:MM if Tim confirms",,,Previous created on,,,timestamp with time zone
fixed_asset_history,new_created_at,timestamp_audit,"formatAuditStamp (lib/dates.ts:251) → ""2026-09-01 14:33"" today; DD/MM/YYYY HH:MM if Tim confirms",,,New created on,,,timestamp with time zone
fixed_asset_history,old_created_by,actor,bare auth-account uuid (no FK) → person name via loadActorNames (app/components/ActorName.tsx:49),,,Previous created by,,,uuid
fixed_asset_history,new_created_by,actor,bare auth-account uuid (no FK) → person name via loadActorNames (app/components/ActorName.tsx:49),,,New created by,,,uuid
fixed_asset_history,old_planned_in_service_date,date,"formatDate (lib/dates.ts:193) → today ""01 Sep 2026""; Tim now asks DD/MM/YYYY",,,Previous planned in service date,,,date
fixed_asset_history,new_planned_in_service_date,date,"formatDate (lib/dates.ts:193) → today ""01 Sep 2026""; Tim now asks DD/MM/YYYY",,,New planned in service date,,,date
fixed_asset_history,old_acceptance_date,date,"formatDate (lib/dates.ts:193) → today ""01 Sep 2026""; Tim now asks DD/MM/YYYY",,,Previous acceptance date,,,date
fixed_asset_history,new_acceptance_date,date,"formatDate (lib/dates.ts:193) → today ""01 Sep 2026""; Tim now asks DD/MM/YYYY",,,New acceptance date,,,date
fixed_assets,id,technical,hide: row identity (the trail names the record in its heading),,,ID,,,uuid
fixed_assets,code,text,verbatim,,,Fixed asset number,,,text
fixed_assets,description,text,verbatim,assets.colDescription,Description,,high,app/finance/assets/AssetsTable.tsx:74,text
fixed_assets,category,enum,"message keys assets.category.<v> (registered in scripts/check-i18n.mjs, build-checked)",assets.colCategory,Category,,high,app/finance/assets/AssetsTable.tsx:75,text
fixed_assets,acquisition_date,date,"formatDate (lib/dates.ts:193) → today ""01 Sep 2026""; Tim now asks DD/MM/YYYY",assets.history.field.acquisition_date,Acquisition date,,text-only,,date
fixed_assets,in_service_date,date,"formatDate (lib/dates.ts:193) → today ""01 Sep 2026""; Tim now asks DD/MM/YYYY",assets.history.field.in_service_date,In-service date,,text-only,,date
fixed_assets,cost_ccy,money,"formatAmount(n, row.currency) (lib/format.ts:32)",assets.colCost,Cost,,medium,app/finance/assets/AssetsTable.tsx:87,numeric
fixed_assets,currency,currency,"show the ISO code (currencies.code; every page shows the code, e.g. ""SGD"")",expense.form.currency,Currency,,high,app/finance/expenses/new/NewExpenseForm.tsx:362,text
fixed_assets,fx_rate,number,"number with unit (qty kg, %, rate); Intl en-US grouping",hr.colFxRate,FX rate,,text-only,,numeric
fixed_assets,cost_base,money,"formatAmount(n, base currency from getBaseCurrency lib/currency.ts:16) (lib/format.ts:32)",assets.detail.costSoFar,Cost so far,,high,app/finance/assets/[id]/page.tsx:378,numeric
fixed_assets,useful_life_months,number,"number with unit (qty kg, %, rate); Intl en-US grouping",assets.history.field.useful_life_months,Useful life (months),,text-only,,integer
fixed_assets,residual_base,money,"formatAmount(n, base currency from getBaseCurrency lib/currency.ts:16) (lib/format.ts:32)",,,Residual (base currency),,,numeric
fixed_assets,depreciation_account_code,dict,accounts.name_en (via code),assets.history.field.depreciation_account_code,Depreciation account,,text-only,,text
fixed_assets,status,enum,"message keys assets.status.<v> (registered in scripts/check-i18n.mjs, build-checked)",finance.colStatus,Status,,high,app/finance/assets/AssetsTable.tsx:108,text
fixed_assets,disposal_date,date,"formatDate (lib/dates.ts:193) → today ""01 Sep 2026""; Tim now asks DD/MM/YYYY",assetDisposal.date,Disposal date,,text-only,,date
fixed_assets,disposal_proceeds_base,money,"formatAmount(n, base currency from getBaseCurrency lib/currency.ts:16) (lib/format.ts:32)",assets.history.field.disposal_proceeds_base,Disposal proceeds,,text-only,,numeric
fixed_assets,disposal_journal_id,fk_document,"journal_entries.code (document number, prefix JE)",,,Disposal journal,,,uuid
fixed_assets,expense_id,fk_document,"expenses.code (document number, prefix EXP)",assets.detail.bornFromExpense,created by an expense,,high,app/finance/assets/[id]/page.tsx:365,uuid
fixed_assets,notes,text,verbatim,expense.form.notes,Notes,,high,app/finance/expenses/new/NewExpenseForm.tsx:416,text
fixed_assets,created_at,audit_std,hide: the trail entry already says who and when,,,Created on,,,timestamp with time zone
fixed_assets,created_by,audit_std,hide: the trail entry already says who and when,,,Created by,,,uuid
fixed_assets,planned_in_service_date,date,"formatDate (lib/dates.ts:193) → today ""01 Sep 2026""; Tim now asks DD/MM/YYYY",assets.history.field.planned_in_service_date,Planned in-service date,,text-only,,date
fixed_assets,acceptance_date,date,"formatDate (lib/dates.ts:193) → today ""01 Sep 2026""; Tim now asks DD/MM/YYYY",assets.history.field.acceptance_date,Acceptance date,,text-only,,date
forwarder_details,supplier_id,fk_document,"suppliers.code (document number, prefix SUP)",expense.form.supplier,Supplier,,text-only,,uuid
forwarder_details,main_routes,text,verbatim,logistics.mainRoutes,Main routes,,high,app/logistics/forwarders/[id]/page.tsx:176,text
forwarder_details,ports_served,text,verbatim,logistics.portsServed,Ports served,,high,app/logistics/forwarders/[id]/page.tsx:177,text
forwarder_details,free_time_terms,text,verbatim,logistics.freeTimeTerms,Free-time terms,,high,app/logistics/forwarders/[id]/page.tsx:178,text
forwarder_details,dg_classes,text,verbatim,logistics.dgClasses,Dangerous-goods classes handled,,high,app/logistics/forwarders/[id]/page.tsx:179,text
forwarder_details,notes,text,verbatim,logistics.notes,Notes,,high,app/logistics/forwarders/[id]/page.tsx:180,text
forwarder_details,created_at,audit_std,hide: the trail entry already says who and when,,,Created on,,,timestamp with time zone
forwarder_details,created_by,audit_std,hide: the trail entry already says who and when,,,Created by,,,uuid
forwarder_details,updated_at,audit_std,hide: the trail entry already says who and when,,,Updated on,,,timestamp with time zone
forwarder_details,updated_by,audit_std,hide: the trail entry already says who and when,,,Updated by,,,uuid
forwarder_rate_quotes,id,technical,hide: row identity (the trail names the record in its heading),,,ID,,,uuid
forwarder_rate_quotes,supplier_id,fk_document,"suppliers.code (document number, prefix SUP)",expense.form.supplier,Supplier,,text-only,,uuid
forwarder_rate_quotes,lane_id,fk_other,lanes: composed description (see target table),logistics.colLane,Lane,,text-only,,uuid
forwarder_rate_quotes,amount_ccy,money,"formatAmount(n, row.currency) (lib/format.ts:32)",assets.detail.colAmountCcy,Amount,,text-only,,numeric
forwarder_rate_quotes,currency,currency,"show the ISO code (currencies.code; every page shows the code, e.g. ""SGD"")",assets.history.field.currency,Currency,,text-only,,text
forwarder_rate_quotes,valid_from,date,"formatDate (lib/dates.ts:193) → today ""01 Sep 2026""; Tim now asks DD/MM/YYYY",logistics.quoteValidFrom,Valid from,,high,app/logistics/forwarders/[id]/page.tsx:188,date
forwarder_rate_quotes,valid_to,date,"formatDate (lib/dates.ts:193) → today ""01 Sep 2026""; Tim now asks DD/MM/YYYY",logistics.quoteValidTo,Valid to,,high,app/logistics/forwarders/[id]/page.tsx:189,date
forwarder_rate_quotes,notes,text,verbatim,logistics.notes,Notes,,high,app/logistics/containers/[id]/page.tsx:141,text
forwarder_rate_quotes,deleted_at,timestamp_audit,"formatAuditStamp (lib/dates.ts:251) → ""2026-09-01 14:33"" today; DD/MM/YYYY HH:MM if Tim confirms",changeHistory.op.DELETE,Deleted,,text-only,,timestamp with time zone
forwarder_rate_quotes,created_at,audit_std,hide: the trail entry already says who and when,,,Created on,,,timestamp with time zone
forwarder_rate_quotes,created_by,audit_std,hide: the trail entry already says who and when,,,Created by,,,uuid
forwarder_rate_quotes,free_days,number,"number with unit (qty kg, %, rate); Intl en-US grouping",logistics.quoteFreeDays,Free days,,high,app/logistics/forwarders/[id]/page.tsx:192,integer
freight_allocations,id,technical,hide: row identity (the trail names the record in its heading),,,ID,,,uuid
freight_allocations,freight_document_id,fk_document,"freight_documents.code (document number, prefix FRT)",search.docType.freight_document,Freight documents,,text-only,,uuid
freight_allocations,inbound_batch_id,fk_document,"inbound_batches.code (document number, prefix IN)",deleted.kind.inbound_batch,Inbound batch,,text-only,,uuid
freight_allocations,amount_base,money,"formatAmount(n, base currency from getBaseCurrency lib/currency.ts:16) (lib/format.ts:32)",finance.freight.colAmount,Amount,,high,app/finance/freight/[id]/page.tsx:102,numeric
freight_allocations,basis_qty,number,"number with unit (qty kg, %, rate); Intl en-US grouping",finance.freight.basisQtyStated,stated on invoice,,high,app/finance/freight/[id]/page.tsx:92,numeric
freight_allocations,in_stock_ratio,number,"number with unit (qty kg, %, rate); Intl en-US grouping",,,In stock ratio,,,numeric
freight_allocations,created_at,audit_std,hide: the trail entry already says who and when,,,Created on,,,timestamp with time zone
freight_allocations,created_by,audit_std,hide: the trail entry already says who and when,,,Created by,,,uuid
freight_documents,id,technical,hide: row identity (the trail names the record in its heading),,,ID,,,uuid
freight_documents,code,text,verbatim,,,Freight document number,,,text
freight_documents,doc_date,date,"formatDate (lib/dates.ts:193) → today ""01 Sep 2026""; Tim now asks DD/MM/YYYY",,,Doc date,,,date
freight_documents,supplier_id,fk_document,"suppliers.code (document number, prefix SUP)",expense.form.supplier,Supplier,,text-only,,uuid
freight_documents,amount_ccy,money,"formatAmount(n, row.currency) (lib/format.ts:32)",finance.amount,Amount,,medium,app/finance/payment-requests/[id]/page.tsx:169,numeric
freight_documents,currency,currency,"show the ISO code (currencies.code; every page shows the code, e.g. ""SGD"")",assets.history.field.currency,Currency,,text-only,,text
freight_documents,fx_rate,number,"number with unit (qty kg, %, rate); Intl en-US grouping",hr.colFxRate,FX rate,,text-only,,numeric
freight_documents,amount_base,money,"formatAmount(n, base currency from getBaseCurrency lib/currency.ts:16) (lib/format.ts:32)",finance.freight.colAmount,Amount,,high,app/finance/freight/[id]/page.tsx:102,numeric
freight_documents,allocation_basis,enum,"message keys finance.freight.basis.<v> (registered in scripts/check-i18n.mjs, build-checked)",,,Allocation basis,,,text
freight_documents,payment_status,enum,"message keys finance.freight.payment.<v> (registered in scripts/check-i18n.mjs, build-checked)",expense.form.paymentStatus,Payment status,,text-only,,text
freight_documents,bank_account_code,enum,message keys finance.bank.<v> (2/2 values; used on a page that reads this table),finance.bankAccount,Bank account,,high,app/finance/payment-requests/[id]/page.tsx:198,text
freight_documents,notes,text,verbatim,finance.freight.notes,Notes,,high,app/finance/freight/[id]/page.tsx:137,text
freight_documents,journal_entry_id,fk_document,"journal_entries.code (document number, prefix JE)",assay.journalLink,Journal entry,,text-only,,uuid
freight_documents,status,enum,message keys finance.status.<v> (2/2 values; key exists; not seen on a page that reads this table),finance.colStatus,Status,,high,app/finance/payment-requests/[id]/page.tsx:161,text
freight_documents,deleted_at,timestamp_audit,"formatAuditStamp (lib/dates.ts:251) → ""2026-09-01 14:33"" today; DD/MM/YYYY HH:MM if Tim confirms",changeHistory.op.DELETE,Deleted,,text-only,,timestamp with time zone
freight_documents,created_at,audit_std,hide: the trail entry already says who and when,,,Created on,,,timestamp with time zone
freight_documents,created_by,audit_std,hide: the trail entry already says who and when,,,Created by,,,uuid
freight_documents,updated_at,audit_std,hide: the trail entry already says who and when,,,Updated on,,,timestamp with time zone
freight_documents,updated_by,audit_std,hide: the trail entry already says who and when,,,Updated by,,,uuid
freight_documents,direction,enum,"message keys finance.freight.direction.<v> | finance.freight.directionShort.<v> (registered in scripts/check-i18n.mjs, build-checked)",cashForecast.direction,Direction,,text-only,,text
freight_documents,container_id,fk_document,"containers.code (document number, prefix CTR)",finance.freight.colContainer,Container,,text-only,,uuid
freight_documents,reversed_at,timestamp_audit,"formatAuditStamp (lib/dates.ts:251) → ""2026-09-01 14:33"" today; DD/MM/YYYY HH:MM if Tim confirms",finance.freight.colReversedAt,Reversed at,,high,app/finance/freight/[id]/page.tsx:166,timestamp with time zone
freight_documents,reversed_by,actor,bare auth-account uuid (no FK) → person name via loadActorNames (app/components/ActorName.tsx:49),finance.freight.colReversedBy,Reversed by,,text-only,,uuid
freight_documents,reversal_reason,text,verbatim,finance.paymentRequests.reversalReason,Reason for reversal,,high,app/finance/payment-requests/[id]/page.tsx:250,text
freight_documents,reversal_entry_id,fk_document,"journal_entries.code (document number, prefix JE)",finance.freight.colReversalEntry,Reversal entry,,text-only,,uuid
fx_rate_history,id,technical,hide: row identity (the trail names the record in its heading),,,ID,,,uuid
fx_rate_history,fx_rate_id,fk_other,fx_rates: composed description (see target table),hr.colFxRate,FX rate,,text-only,,uuid
fx_rate_history,action,enum,NO message keys found for values created/corrected/withdrawn,assets.colActions,Actions,,text-only,,text
fx_rate_history,currency,currency,show the ISO code (it is how every page shows currency),assets.history.field.currency,Currency,,text-only,,text
fx_rate_history,rate_date,date,"formatDate (lib/dates.ts:193) → today ""01 Sep 2026""; Tim now asks DD/MM/YYYY",finance.fxPage.colRateDate,Rate Date,,text-only,,date
fx_rate_history,rate_type,enum_like,closed value set by convention but no single-column CHECK: needs a value→words map (history old_/new_ columns can reuse the parent column's keys),,,Rate type,,,text
fx_rate_history,rate_sgd_per_unit,number,"number with unit (qty kg, %, rate); Intl en-US grouping",,,Rate SGD per unit,,,numeric
fx_rate_history,prev_rate,number,"number with unit (qty kg, %, rate); Intl en-US grouping",,,Prev rate,,,numeric
fx_rate_history,source,enum_like,closed value set by convention but no single-column CHECK: needs a value→words map (history old_/new_ columns can reuse the parent column's keys),auditTrail.colSource,Source,,high,app/components/audit/BatchAuditTrailTable.tsx:115,text
fx_rate_history,notes,text,verbatim,assay.notes,Notes,,text-only,,text
fx_rate_history,reason,text,verbatim,assay.unapplyReason,Reason,,text-only,,text
fx_rate_history,changed_at,timestamp_audit,"formatAuditStamp (lib/dates.ts:251) → ""2026-09-01 14:33"" today; DD/MM/YYYY HH:MM if Tim confirms",assets.history.type.updated,Changed,,text-only,,timestamp with time zone
fx_rate_history,changed_by,actor,bare auth-account uuid (no FK) → person name via loadActorNames (app/components/ActorName.tsx:49),,,Changed by,,,uuid
fx_rates,id,technical,hide: row identity (the trail names the record in its heading),,,ID,,,uuid
fx_rates,currency,currency,"show the ISO code (currencies.code; every page shows the code, e.g. ""SGD"")",finance.fxPage.colCurrency,Currency,,high,app/finance/fx/FxRatesTable.tsx:47,text
fx_rates,rate_date,date,"formatDate (lib/dates.ts:193) → today ""01 Sep 2026""; Tim now asks DD/MM/YYYY",finance.fxPage.colRateDate,Rate Date,,high,app/finance/fx/FxRatesTable.tsx:57,date
fx_rates,rate_type,enum,"message keys finance.fxPage.rateType.<v> (registered in scripts/check-i18n.mjs, build-checked)",finance.fxPage.form.rateType,Side,,high,app/finance/fx/FxRateFormFields.tsx:57,text
fx_rates,rate_sgd_per_unit,number,"number with unit (qty kg, %, rate); Intl en-US grouping",,,Rate SGD per unit,,,numeric
fx_rates,source,enum_like,closed value set by convention but no single-column CHECK: needs a value→words map (history old_/new_ columns can reuse the parent column's keys),finance.fxPage.colSource,Source,,high,app/finance/fx/FxRatesTable.tsx:58,text
fx_rates,notes,text,verbatim,finance.fxPage.colNotes,Notes,,high,app/finance/fx/FxRatesTable.tsx:59,text
fx_rates,deleted_at,timestamp_audit,"formatAuditStamp (lib/dates.ts:251) → ""2026-09-01 14:33"" today; DD/MM/YYYY HH:MM if Tim confirms",changeHistory.op.DELETE,Deleted,,text-only,,timestamp with time zone
fx_rates,created_by,audit_std,hide: the trail entry already says who and when,,,Created by,,,uuid
fx_rates,updated_by,audit_std,hide: the trail entry already says who and when,,,Updated by,,,uuid
fx_rates,created_at,audit_std,hide: the trail entry already says who and when,,,Created on,,,timestamp with time zone
fx_rates,updated_at,audit_std,hide: the trail entry already says who and when,,,Updated on,,,timestamp with time zone
gst_filing_requests,id,technical,hide: row identity (the trail names the record in its heading),,,ID,,,uuid
gst_filing_requests,status,enum,"message keys gstFiling.status.<v> (registered in scripts/check-i18n.mjs, build-checked)",gst.status,Status,,high,app/finance/gst/GstPeriodsTable.tsx:38,text
gst_filing_requests,label,text,verbatim,batchLabel.col,Label,,text-only,,text
gst_filing_requests,period_id,fk_document,"gst_periods.code (document number, prefix GST)",bank.colPeriod,Period,,text-only,,uuid
gst_filing_requests,boxes,jsonb,no generic rendering: needs a per-column renderer or hide (never raw JSON),gst.f5Box,F5 box,,high,app/finance/gst/GstTaxCodesTable.tsx:29,jsonb
gst_filing_requests,note,text,verbatim,attendance.colNote,Note,,text-only,,text
gst_filing_requests,decided_at,timestamp_audit,"formatAuditStamp (lib/dates.ts:251) → ""2026-09-01 14:33"" today; DD/MM/YYYY HH:MM if Tim confirms",finance.paymentRequests.decidedAt,Decided,,text-only,,timestamp with time zone
gst_filing_requests,decided_by,actor,bare auth-account uuid (no FK) → person name via loadActorNames (app/components/ActorName.tsx:49),finance.selfApproved.colDecider,Decided by,,text-only,,uuid
gst_filing_requests,decision_notes,text,verbatim,leave.decisionNotes,Decision notes,,text-only,,text
gst_filing_requests,executed_at,timestamp_audit,"formatAuditStamp (lib/dates.ts:251) → ""2026-09-01 14:33"" today; DD/MM/YYYY HH:MM if Tim confirms",,,Executed on,,,timestamp with time zone
gst_filing_requests,withdrawn_at,timestamp_audit,"formatAuditStamp (lib/dates.ts:251) → ""2026-09-01 14:33"" today; DD/MM/YYYY HH:MM if Tim confirms",assetDisposal.status.withdrawn,withdrawn,,text-only,,timestamp with time zone
gst_filing_requests,withdrawn_by,actor,bare auth-account uuid (no FK) → person name via loadActorNames (app/components/ActorName.tsx:49),,,Withdrawn by,,,uuid
gst_filing_requests,withdraw_reason,text,verbatim,,,Withdraw reason,,,text
gst_filing_requests,created_at,audit_std,hide: the trail entry already says who and when,,,Created on,,,timestamp with time zone
gst_filing_requests,created_by,audit_std,hide: the trail entry already says who and when,,,Created by,,,uuid
gst_periods,id,technical,hide: row identity (the trail names the record in its heading),,,ID,,,uuid
gst_periods,code,text,verbatim,,,Gst period number,,,text
gst_periods,period_start,date,"formatDate (lib/dates.ts:193) → today ""01 Sep 2026""; Tim now asks DD/MM/YYYY",gst.periodStart,Quarter starts,,high,app/finance/gst/GstControls.tsx:20,date
gst_periods,period_end,date,"formatDate (lib/dates.ts:193) → today ""01 Sep 2026""; Tim now asks DD/MM/YYYY",assets.depPeriodEnd,Period end,,text-only,,date
gst_periods,status,enum,message keys gstFiling.periodStatus.<v> (3/3 values; used on a page that reads this table),gst.status,Status,,high,app/finance/gst/GstPeriodsTable.tsx:38,text
gst_periods,filed_at,timestamp_audit,"formatAuditStamp (lib/dates.ts:251) → ""2026-09-01 14:33"" today; DD/MM/YYYY HH:MM if Tim confirms",gst.filing,Filed,,text-only,,timestamp with time zone
gst_periods,filed_by,actor,bare auth-account uuid (no FK) → person name via loadActorNames (app/components/ActorName.tsx:49),,,Filed by,,,uuid
gst_periods,filed_on,date,"formatDate (lib/dates.ts:193) → today ""01 Sep 2026""; Tim now asks DD/MM/YYYY",gst.filedOn,Filed on,,high,app/finance/gst/[periodId]/GstFilingPanel.tsx:229,date
gst_periods,filed_reference,text,verbatim,gst.filedReference,IRAS acknowledgement,,high,app/finance/gst/[periodId]/GstFilingPanel.tsx:234,text
gst_periods,notes,text,verbatim,assay.notes,Notes,,text-only,,text
gst_periods,corrects_period_id,fk_document,"gst_periods.code (document number, prefix GST)",,,Corrects period,,,uuid
gst_periods,created_at,audit_std,hide: the trail entry already says who and when,,,Created on,,,timestamp with time zone
gst_periods,created_by,audit_std,hide: the trail entry already says who and when,,,Created by,,,uuid
gst_return_boxes,id,technical,hide: row identity (the trail names the record in its heading),,,ID,,,uuid
gst_return_boxes,period_id,fk_document,"gst_periods.code (document number, prefix GST)",bank.colPeriod,Period,,text-only,,uuid
gst_return_boxes,box,text,verbatim,gstFiling.colBox,Box,,high,app/finance/gst/[periodId]/GstFilingPanel.tsx:54,text
gst_return_boxes,label_en,text,verbatim,,,Label en,,,text
gst_return_boxes,label_zh,text,verbatim,,,Label zh,,,text
gst_return_boxes,value_base,money,"formatAmount(n, base currency from getBaseCurrency lib/currency.ts:16) (lib/format.ts:32)",converter.mass.value,Value,,text-only,,"numeric(18,2)"
gst_return_boxes,created_at,audit_std,hide: the trail entry already says who and when,,,Created on,,,timestamp with time zone
handover_item_types,code,own_key,show as-is: the record's own business key (code/number),,,Code,,,text
handover_item_types,name_en,text,verbatim,dict.f.nameEn,Name (EN),,text-only,,text
handover_item_types,name_zh,text,verbatim,dict.f.nameZh,Name (ZH),,text-only,,text
handover_item_types,is_required,boolean,words: Yes / No (common.yes/common.no if present) or a column-specific phrase,,,Required,,,boolean
handover_item_types,sort_order,technical,hide,,,Sort order,,,integer
handover_item_types,is_active,boolean,words: Yes / No (common.yes/common.no if present) or a column-specific phrase,assets.status.active,Active,,text-only,,boolean
handover_item_types,notes,text,verbatim,processing.handover.notes,Notes,,high,app/operation/handovers/new/NewHandoverForm.tsx:146,text
hr_settings,id,own_key,show as-is: the record's own business key (code/number),,,ID,,,boolean
hr_settings,medical_annual_limit_sgd,money,"formatAmount(n, ""SGD"") (lib/format.ts:32)",,,Medical annual limit (SGD),,,numeric
hr_settings,medical_pro_rate_for_joiners,boolean,words: Yes / No (common.yes/common.no if present) or a column-specific phrase,,,Medical pro rate for joiners,,,boolean
hr_settings,working_days_per_week,number,"number with unit (qty kg, %, rate); Intl en-US grouping",,,Working days per week,,,numeric
hr_settings,carry_forward_months,number,"number with unit (qty kg, %, rate); Intl en-US grouping",,,Carry forward months,,,integer
hr_settings,updated_at,audit_std,hide: the trail entry already says who and when,,,Updated on,,,timestamp with time zone
hr_settings,updated_by,audit_std,hide: the trail entry already says who and when,,,Updated by,,,uuid
hr_settings,personal_data_retention_months,number,"number with unit (qty kg, %, rate); Intl en-US grouping",,,Personal data retention months,,,integer
import_batches,id,technical,hide: row identity (the trail names the record in its heading),,,ID,,,uuid
import_batches,target_table,enum,message keys import.table.<v> (6/6 values; used on a page that reads this table),,,Target table,,,text
import_batches,file_name,text,verbatim,,,File name,,,text
import_batches,row_count,number,"number with unit (qty kg, %, rate); Intl en-US grouping",,,Row count,,,integer
import_batches,code_first,text,verbatim,,,Code first,,,text
import_batches,code_last,text,verbatim,,,Code last,,,text
import_batches,imported_at,timestamp_audit,"formatAuditStamp (lib/dates.ts:251) → ""2026-09-01 14:33"" today; DD/MM/YYYY HH:MM if Tim confirms",breadcrumb.import,Import,,text-only,,timestamp with time zone
import_batches,imported_by,actor,bare auth-account uuid (no FK) → person name via loadActorNames (app/components/ActorName.tsx:49),,,Imported by,,,uuid
inbound_batch_metals,inbound_batch_id,fk_document,"inbound_batches.code (document number, prefix IN)",deleted.kind.inbound_batch,Inbound batch,,text-only,,uuid
inbound_batch_metals,metal,dict,substances.name_en (via code),assay.colMetal,Metal,,high,app/inbound/[id]/assays/new/AssayForm.tsx:174,text
inbound_batch_metals,content_pct,number,"number with unit (qty kg, %, rate); Intl en-US grouping",,,Content %,,,numeric
inbound_batch_metals,created_at,audit_std,hide: the trail entry already says who and when,,,Created on,,,timestamp with time zone
inbound_batch_metals,created_by,audit_std,hide: the trail entry already says who and when,,,Created by,,,uuid
inbound_batch_metals,updated_at,audit_std,hide: the trail entry already says who and when,,,Updated on,,,timestamp with time zone
inbound_batch_metals,updated_by,audit_std,hide: the trail entry already says who and when,,,Updated by,,,uuid
inbound_batch_metals,content_source,enum,message keys metalContent.source<V> (2/2 values; used on a page that reads this table),,,Content source,,,text
inbound_batch_metals,source_assay_id,fk_document,"assay_results.code (document number, prefix ASY)",,,Source assay,,,uuid
inbound_batch_safety_states,inbound_batch_id,fk_document,"inbound_batches.code (document number, prefix IN)",deleted.kind.inbound_batch,Inbound batch,,text-only,,uuid
inbound_batch_safety_states,safety_state_code,dict,inbound_safety_states.name_en (via code),inbound.condition.safety,Safety state,,text-only,,text
inbound_batch_safety_states,created_at,audit_std,hide: the trail entry already says who and when,,,Created on,,,timestamp with time zone
inbound_batch_safety_states,created_by,audit_std,hide: the trail entry already says who and when,,,Created by,,,uuid
inbound_batches,id,technical,hide: row identity (the trail names the record in its heading),,,ID,,,uuid
inbound_batches,code,text,verbatim,,,Inbound batche number,,,text
inbound_batches,material_id,fk_document,"materials.code (document number, prefix MAT)",inbound.form.material,Material,,medium,app/inbound/[id]/edit/EditInboundForm.tsx:64,uuid
inbound_batches,supplier_id,fk_document,"suppliers.code (document number, prefix SUP)",inbound.allSuppliers,All suppliers,,medium,app/inbound/InboundToolbar.tsx:103,uuid
inbound_batches,quantity,number,"number with unit (qty kg, %, rate); Intl en-US grouping",inbound.form.quantity,Quantity,,high,app/inbound/[id]/edit/EditInboundForm.tsx:145,numeric
inbound_batches,unit,enum_like,closed value set by convention but no single-column CHECK: needs a value→words map (history old_/new_ columns can reuse the parent column's keys),inbound.form.unit,Unit,,high,app/inbound/[id]/edit/EditInboundForm.tsx:159,text
inbound_batches,remaining_qty,number,"number with unit (qty kg, %, rate); Intl en-US grouping",warehouseRequest.quantity,Remaining quantity,,text-only,,numeric
inbound_batches,arrival_date,date,"formatDate (lib/dates.ts:193) → today ""01 Sep 2026""; Tim now asks DD/MM/YYYY",inbound.form.arrivalDate,Arrival Date,,high,app/purchasing/orders/[id]/PoReceiptsTable.tsx:66,date
inbound_batches,stage,enum,NO message keys found for values 待加工/加工中/已加工完,inbound.form.stage,Stage,,high,app/inbound/[id]/edit/EditInboundForm.tsx:194,text
inbound_batches,unit_price,money,"formatAmount(n, purchase_orders.currency via purchase_order_id) (lib/format.ts:32)",inbound.form.unitPrice,Unit Price,,high,app/inbound/[id]/edit/EditInboundForm.tsx:210,numeric
inbound_batches,notes,text,verbatim,assay.notes,Notes,,high,app/inbound/[id]/assays/[assayId]/page.tsx:304,text
inbound_batches,status,enum_like,closed value set by convention but no single-column CHECK: needs a value→words map (history old_/new_ columns can reuse the parent column's keys),inbound.colStatus,Status,,high,app/inbound/InboundTable.tsx:135,text
inbound_batches,deleted_at,timestamp_audit,"formatAuditStamp (lib/dates.ts:251) → ""2026-09-01 14:33"" today; DD/MM/YYYY HH:MM if Tim confirms",changeHistory.op.DELETE,Deleted,,text-only,,timestamp with time zone
inbound_batches,created_at,audit_std,hide: the trail entry already says who and when,,,Created on,,,timestamp with time zone
inbound_batches,created_by,audit_std,hide: the trail entry already says who and when,,,Created by,,,uuid
inbound_batches,updated_at,audit_std,hide: the trail entry already says who and when,,,Updated on,,,timestamp with time zone
inbound_batches,updated_by,audit_std,hide: the trail entry already says who and when,,,Updated by,,,uuid
inbound_batches,purchase_order_id,fk_document,"purchase_orders.code (document number, prefix PO)",inbound.source.fromPo,Against a purchase order,,high,app/inbound/page.tsx:269,uuid
inbound_batches,purchase_order_line_id,fk_other,purchase_order_lines: composed description (see target table),,,Purchase order line,,,uuid
inbound_batches,pricing_formula_id,fk_document,"pricing_formulas.code (document number, prefix PF)",purchasing.colFormula,Pricing formula,,text-only,,uuid
inbound_batches,pricing_status,enum,"message keys assay.pricingStatus.<v> (registered in scripts/check-i18n.mjs, build-checked)",assay.colPricingStatus,Pricing,,medium,app/inbound/InboundTable.tsx:141,text
inbound_batches,deleted_by,actor,bare auth-account uuid (no FK) → person name via loadActorNames (app/components/ActorName.tsx:49),,,Deleted by,,,uuid
inbound_batches,delete_reason,text,verbatim,,,Delete reason,,,text
inbound_batches,declared_qty,number,"number with unit (qty kg, %, rate); Intl en-US grouping",,,Declared quantity,,,numeric
inbound_batches,chemistry_certainty_code,dict,inbound_chemistry_certainties.name_en (via code),inbound.condition.certainty,Chemistry certainty,,text-only,,text
inbound_batches,imported,boolean,words: Yes / No (common.yes/common.no if present) or a column-specific phrase,breadcrumb.import,Import,,text-only,,boolean
inbound_batches,import_permit_ref,text,verbatim,inbound.importDiligence.fieldPermitRef,Import permit reference,,text-only,,text
inbound_batches,import_permit_verified_by,actor,"auth account → person name: loadActorNames (app/components/ActorName.tsx:49), preferred_name || legal_name; fallbacks actor.noEmployeeRecord / actor.unrecorded / common.restricted",,,Import permit verified by,,,uuid
inbound_batches,import_permit_verified_at,timestamp_audit,"formatAuditStamp (lib/dates.ts:251) → ""2026-09-01 14:33"" today; DD/MM/YYYY HH:MM if Tim confirms",,,Import permit verified on,,,timestamp with time zone
inbound_batches,deep_discharge_actual_code,dict,deep_discharge_judgements.name_en (via code),,,Deep discharge actual,,,text
inbound_batches,source_reason_code,dict,inbound_source_reasons.name_en (via code),,,Source reason,,,text
inbound_batches,source_reason_note,text,verbatim,,,Source reason note,,,text
inbound_batches,source_reason_recorded_by,actor,"auth account → person name: loadActorNames (app/components/ActorName.tsx:49), preferred_name || legal_name; fallbacks actor.noEmployeeRecord / actor.unrecorded / common.restricted",,,Source reason recorded by,,,uuid
inbound_batches,source_reason_recorded_at,timestamp_audit,"formatAuditStamp (lib/dates.ts:251) → ""2026-09-01 14:33"" today; DD/MM/YYYY HH:MM if Tim confirms",,,Source reason recorded on,,,timestamp with time zone
inbound_chemistry_certainties,code,own_key,show as-is: the record's own business key (code/number),,,Code,,,text
inbound_chemistry_certainties,name_en,text,verbatim,dict.f.nameEn,Name (EN),,text-only,,text
inbound_chemistry_certainties,name_zh,text,verbatim,dict.f.nameZh,Name (ZH),,text-only,,text
inbound_chemistry_certainties,may_be_fed,boolean,words: Yes / No (common.yes/common.no if present) or a column-specific phrase,,,May be fed,,,boolean
inbound_chemistry_certainties,is_active,boolean,words: Yes / No (common.yes/common.no if present) or a column-specific phrase,assets.status.active,Active,,text-only,,boolean
inbound_chemistry_certainties,sort_order,technical,hide,,,Sort order,,,integer
inbound_chemistry_certainties,notes,text,verbatim,inbound.priceRequest.notes,Notes,,high,app/inbound/[id]/edit/ReceiptPriceRequestPanel.tsx:103,text
inbound_safety_states,code,own_key,show as-is: the record's own business key (code/number),,,Code,,,text
inbound_safety_states,name_en,text,verbatim,dict.f.nameEn,Name (EN),,high,app/settings/dictionaries/DictSection.tsx:199,text
inbound_safety_states,name_zh,text,verbatim,dict.f.nameZh,Name (ZH),,high,app/settings/dictionaries/DictSection.tsx:204,text
inbound_safety_states,may_be_fed,boolean,words: Yes / No (common.yes/common.no if present) or a column-specific phrase,,,May be fed,,,boolean
inbound_safety_states,is_active,boolean,words: Yes / No (common.yes/common.no if present) or a column-specific phrase,dict.f.isActive,Status,,high,app/settings/dictionaries/DictSection.tsx:86,boolean
inbound_safety_states,sort_order,technical,hide,,,Sort order,,,integer
inbound_safety_states,notes,text,verbatim,inbound.priceRequest.notes,Notes,,high,app/inbound/[id]/edit/ReceiptPriceRequestPanel.tsx:103,text
inbound_source_reasons,code,own_key,show as-is: the record's own business key (code/number),,,Code,,,text
inbound_source_reasons,name_en,text,verbatim,dict.f.nameEn,Name (EN),,high,app/settings/dictionaries/DictSection.tsx:199,text
inbound_source_reasons,name_zh,text,verbatim,dict.f.nameZh,Name (ZH),,high,app/settings/dictionaries/DictSection.tsx:204,text
inbound_source_reasons,requires_explanation,boolean,words: Yes / No (common.yes/common.no if present) or a column-specific phrase,,,Requires explanation,,,boolean
inbound_source_reasons,is_active,boolean,words: Yes / No (common.yes/common.no if present) or a column-specific phrase,dict.f.isActive,Status,,high,app/settings/dictionaries/DictSection.tsx:86,boolean
inbound_source_reasons,sort_order,technical,hide,,,Sort order,,,integer
inbound_source_reasons,notes,text,verbatim,dict.f.notes,Notes,,high,app/settings/dictionaries/DictSection.tsx:238,text
index_market_calendar,index_code,dict,metal_price_indices.name_en (via code),contracts.pricing.colIndex,Index,,high,app/contracts/ContractsTables.tsx:124,text
index_market_calendar,calendar_date,own_key,show as-is: the record's own business key (code/number),,,Calendar date,,,date
index_market_calendar,is_trading_day,boolean,words: Yes / No (common.yes/common.no if present) or a column-specific phrase,,,Trading day,,,boolean
index_market_calendar,note,text,verbatim,attendance.colNote,Note,,text-only,,text
index_market_calendar,created_at,audit_std,hide: the trail entry already says who and when,,,Created on,,,timestamp with time zone
index_market_calendar,created_by,audit_std,hide: the trail entry already says who and when,,,Created by,,,uuid
index_market_calendar,updated_at,audit_std,hide: the trail entry already says who and when,,,Updated on,,,timestamp with time zone
index_market_calendar,updated_by,audit_std,hide: the trail entry already says who and when,,,Updated by,,,uuid
inventory_movements,id,technical,hide: row identity (the trail names the record in its heading),,,ID,,,uuid
inventory_movements,inbound_batch_id,fk_document,"inbound_batches.code (document number, prefix IN)",deleted.kind.inbound_batch,Inbound batch,,text-only,,uuid
inventory_movements,output_batch_id,fk_document,"output_batches.code (document number, prefix OUT)",deleted.kind.output_batch,Output batch,,text-only,,uuid
inventory_movements,movement_type,enum,"message keys movements.type.<v> (registered in scripts/check-i18n.mjs, build-checked)",,,Movement type,,,text
inventory_movements,qty_delta,number,"number with unit (qty kg, %, rate); Intl en-US grouping",,,Quantity delta,,,numeric
inventory_movements,run_id,fk_document,"processing_runs.code (document number, prefix PROC)",traceability.colRun,Processing run,,medium,app/output/[id]/edit/TraceabilityTables.tsx:70,uuid
inventory_movements,location_id,fk_other,storage_locations: composed description (see target table),reports.colLocation,Location,,text-only,,uuid
inventory_movements,business_date,date,"formatDate (lib/dates.ts:193) → today ""01 Sep 2026""; Tim now asks DD/MM/YYYY",auditTrail.bizDate,Business date,,text-only,,date
inventory_movements,notes,text,verbatim,inbound.pricing.notes,Notes,,high,app/inbound/[id]/edit/PricingPanel.tsx:231,text
inventory_movements,occurred_at,timestamp_audit,"formatAuditStamp (lib/dates.ts:251) → ""2026-09-01 14:33"" today; DD/MM/YYYY HH:MM if Tim confirms",,,Occurred on,,,timestamp with time zone
inventory_movements,created_at,audit_std,hide: the trail entry already says who and when,,,Created on,,,timestamp with time zone
inventory_movements,created_by,audit_std,hide: the trail entry already says who and when,,,Created by,,,uuid
inventory_movements,stock_status,enum,"message keys movements.bucket.<v> (registered in scripts/check-i18n.mjs, build-checked)",,,Stock status,,,text
inventory_movements,pair_id,uuid_nofk,"polymorphic / soft reference: resolve by the paired type column, else hide",,,Pair,,,uuid
invoice_issues,id,technical,hide: row identity (the trail names the record in its heading),,,ID,,,uuid
invoice_issues,invoice_id,fk_document,"invoices.code (document number, prefix INV)",chases.subject_invoice,Invoice,,text-only,,uuid
invoice_issues,version,technical,hide,,,Version,,,integer
invoice_issues,file_path,technical,hide,,,File path,,,text
invoice_issues,sha256,text,verbatim,,,Sha256,,,text
invoice_issues,issued_at,timestamp_audit,"formatAuditStamp (lib/dates.ts:251) → ""2026-09-01 14:33"" today; DD/MM/YYYY HH:MM if Tim confirms",cn.colIssued,Issued,,text-only,,timestamp with time zone
invoice_issues,issued_by,actor,bare auth-account uuid (no FK) → person name via loadActorNames (app/components/ActorName.tsx:49),,,Issued by,,,uuid
invoice_lines,id,technical,hide: row identity (the trail names the record in its heading),,,ID,,,uuid
invoice_lines,invoice_id,fk_document,"invoices.code (document number, prefix INV)",chases.subject_invoice,Invoice,,text-only,,uuid
invoice_lines,sales_record_id,fk_other,sales_records: composed description (see target table),,,Sales record,,,uuid
invoice_lines,line_no,number,"number with unit (qty kg, %, rate); Intl en-US grouping",invoice.colLineNo,#,,high,app/finance/invoices/[id]/InvoiceLinesTable.tsx:42,integer
invoice_lines,description,text,verbatim,invoice.colDescription,Description,,high,app/finance/invoices/new/NewInvoiceForm.tsx:193,text
invoice_lines,quantity,number,"number with unit (qty kg, %, rate); Intl en-US grouping",sales.form.qty,Quantity,,high,app/sales/orders/[id]/OrderLinesTable.tsx:26,numeric
invoice_lines,unit,enum_like,closed value set by convention but no single-column CHECK: needs a value→words map (history old_/new_ columns can reuse the parent column's keys),invoice.colUnitPrice,Unit price,,medium,app/finance/invoices/new/NewInvoiceForm.tsx:211,text
invoice_lines,unit_price,money,"formatAmount(n, invoices.currency via invoice_id) (lib/format.ts:32)",sales.form.unitPrice,Unit price,,high,app/sales/orders/[id]/OrderLinesTable.tsx:27,numeric
invoice_lines,amount_base,money,"formatAmount(n, base currency from getBaseCurrency lib/currency.ts:16) (lib/format.ts:32)",finance.invoiceRequest.amount,Amount,,high,app/finance/invoices/[id]/InvoiceRequestPanel.tsx:84,numeric
invoice_lines,invoice_voided,boolean,words: Yes / No (common.yes/common.no if present) or a column-specific phrase,sales.release.context.voided,invoice voided,,high,app/sales/orders/[id]/ShippingReleasePanel.tsx:156,boolean
invoice_lines,created_at,audit_std,hide: the trail entry already says who and when,,,Created on,,,timestamp with time zone
invoice_lines,amount_ccy,money,"formatAmount(n, invoices.currency via invoice_id) (lib/format.ts:32) [generated column]",assets.detail.colAmountCcy,Amount,,text-only,,numeric
invoice_lines,sales_order_line_id,fk_other,sales_order_lines: composed description (see target table),,,Sales order line,,,uuid
invoice_lines,tax_code,dict,tax_codes.name_en (via code),invoice.form.taxCode,Tax code,,high,app/finance/invoices/new/NewInvoiceForm.tsx:339,text
invoice_lines,tax_rate_pct,number,"number with unit (qty kg, %, rate); Intl en-US grouping",,,Tax rate %,,,numeric
invoice_lines,tax_base,money,"formatAmount(n, base currency from getBaseCurrency lib/currency.ts:16) (lib/format.ts:32)",customers.form.taxId,Tax ID,,text-only,,numeric
invoice_requests,id,technical,hide: row identity (the trail names the record in its heading),,,ID,,,uuid
invoice_requests,invoice_id,fk_document,"invoices.code (document number, prefix INV)",chases.subject_invoice,Invoice,,text-only,,uuid
invoice_requests,kind,enum,"message keys finance.invoiceRequest.kind.<v> | finance.invoiceRequest.openTitle.<v> | finance.invoiceRequest.docDate.<v> | finance.invoiceRequest.approveConfirm.<v> | finance.invoiceRequest.approveBody.<v> (registered in scripts/check-i18n.mjs, build-checked)",cn.colKind,Reason type,,high,app/finance/invoices/[id]/CreateCreditNoteControl.tsx:183,text
invoice_requests,status,enum,"message keys finance.invoiceRequest.status.<v> (registered in scripts/check-i18n.mjs, build-checked)",assets.history.field.status,Status,,text-only,,text
invoice_requests,label,text,verbatim,batchLabel.col,Label,,text-only,,text
invoice_requests,doc_date,date,"formatDate (lib/dates.ts:193) → today ""01 Sep 2026""; Tim now asks DD/MM/YYYY",,,Doc date,,,date
invoice_requests,reason,text,verbatim,finance.invoiceRequest.reason,Reason,,high,app/finance/invoices/[id]/InvoiceRequestPanel.tsx:93,text
invoice_requests,lines,jsonb,no generic rendering: needs a per-column renderer or hide (never raw JSON),finance.invoiceRequest.lines,Lines,,high,app/finance/invoices/[id]/InvoiceRequestPanel.tsx:89,jsonb
invoice_requests,amount_base,money,"formatAmount(n, base currency from getBaseCurrency lib/currency.ts:16) (lib/format.ts:32)",finance.invoiceRequest.amount,Amount,,high,app/finance/invoices/[id]/InvoiceRequestPanel.tsx:84,numeric
invoice_requests,decided_at,timestamp_audit,"formatAuditStamp (lib/dates.ts:251) → ""2026-09-01 14:33"" today; DD/MM/YYYY HH:MM if Tim confirms",finance.paymentRequests.decidedAt,Decided,,text-only,,timestamp with time zone
invoice_requests,decided_by,actor,bare auth-account uuid (no FK) → person name via loadActorNames (app/components/ActorName.tsx:49),finance.selfApproved.colDecider,Decided by,,text-only,,uuid
invoice_requests,decision_notes,text,verbatim,leave.decisionNotes,Decision notes,,text-only,,text
invoice_requests,result_credit_note_id,fk_document,"credit_notes.code (document number, prefix CN)",,,Result credit note,,,uuid
invoice_requests,result_journal_entry_id,fk_document,"journal_entries.code (document number, prefix JE)",,,Result journal entry,,,uuid
invoice_requests,withdrawn_at,timestamp_audit,"formatAuditStamp (lib/dates.ts:251) → ""2026-09-01 14:33"" today; DD/MM/YYYY HH:MM if Tim confirms",assetDisposal.status.withdrawn,withdrawn,,text-only,,timestamp with time zone
invoice_requests,withdrawn_by,actor,bare auth-account uuid (no FK) → person name via loadActorNames (app/components/ActorName.tsx:49),,,Withdrawn by,,,uuid
invoice_requests,withdraw_reason,text,verbatim,,,Withdraw reason,,,text
invoice_requests,created_at,audit_std,hide: the trail entry already says who and when,,,Created on,,,timestamp with time zone
invoice_requests,created_by,audit_std,hide: the trail entry already says who and when,,,Created by,,,uuid
invoices,id,technical,hide: row identity (the trail names the record in its heading),,,ID,,,uuid
invoices,code,text,verbatim,,,Invoice number,,,text
invoices,customer_id,fk_document,"customers.code (document number, prefix CUS)",cn.colCustomer,Customer,,text-only,,uuid
invoices,issue_date,date,"formatDate (lib/dates.ts:193) → today ""01 Sep 2026""; Tim now asks DD/MM/YYYY",invoice.colIssueDate,Issue date,,high,app/finance/invoices/InvoicesTable.tsx:75,date
invoices,due_date,date,"formatDate (lib/dates.ts:193) → today ""01 Sep 2026""; Tim now asks DD/MM/YYYY",invoice.colDueDate,Due date,,high,app/finance/invoices/InvoicesTable.tsx:77,date
invoices,payment_terms_days,number,"number with unit (qty kg, %, rate); Intl en-US grouping",invoice.form.termsDays,Payment terms (days),,high,app/finance/invoices/[id]/page.tsx:484,integer
invoices,currency,currency,"show the ISO code (currencies.code; every page shows the code, e.g. ""SGD"")",output.sale.currency,Currency,,high,app/finance/invoices/[id]/page.tsx:487,text
invoices,subtotal_base,money,"formatAmount(n, base currency from getBaseCurrency lib/currency.ts:16) (lib/format.ts:32)",invoice.subtotal,Subtotal,,text-only,,numeric
invoices,tax_rate_pct,number,"number with unit (qty kg, %, rate); Intl en-US grouping",,,Tax rate %,,,numeric
invoices,tax_base,money,"formatAmount(n, base currency from getBaseCurrency lib/currency.ts:16) (lib/format.ts:32)",customers.form.taxId,Tax ID,,text-only,,numeric
invoices,total_base,money,"formatAmount(n, base currency from getBaseCurrency lib/currency.ts:16) (lib/format.ts:32)",invoice.colTotal,Total,,high,app/finance/invoices/InvoicesTable.tsx:91,numeric
invoices,status,enum,message keys invoice.status.<v> (2/2 values; used on a page that reads this table),expense.filterAllStatus,All,,high,app/finance/invoices/InvoicesToolbar.tsx:67,text
invoices,void_reason,text,verbatim,invoice.voidReason,Void reason,,high,app/finance/invoices/[id]/VoidInvoiceControl.tsx:105,text
invoices,voided_at,timestamp_audit,"formatAuditStamp (lib/dates.ts:251) → ""2026-09-01 14:33"" today; DD/MM/YYYY HH:MM if Tim confirms",finance.invoiceRequest.kind.void,Void,,text-only,,timestamp with time zone
invoices,voided_by,actor,bare auth-account uuid (no FK) → person name via loadActorNames (app/components/ActorName.tsx:49),,,Voided by,,,uuid
invoices,notes,text,verbatim,sales.form.notes,Notes,,high,app/sales/orders/[id]/amend/AmendOrderForm.tsx:515,text
invoices,terms_text,text,verbatim,sales.amend.terms,Terms text,,high,app/sales/orders/[id]/amend/AmendOrderForm.tsx:521,text
invoices,bill_to_snapshot,jsonb,no generic rendering: needs a per-column renderer or hide (never raw JSON),,,Bill to snapshot,,,jsonb
invoices,created_at,audit_std,hide: the trail entry already says who and when,,,Created on,,,timestamp with time zone
invoices,created_by,audit_std,hide: the trail entry already says who and when,,,Created by,,,uuid
invoices,kind,enum,message keys invoice.kind.<v> (2/2 values; used on a page that reads this table),cn.colKind,Reason type,,high,app/finance/invoices/[id]/CreateCreditNoteControl.tsx:183,text
invoices,entry_id,fk_document,"journal_entries.code (document number, prefix JE)",gst.entry,Entry,,text-only,,uuid
invoices,fx_rate,number,"number with unit (qty kg, %, rate); Intl en-US grouping",hr.colFxRate,FX rate,,text-only,,numeric
invoices,sales_order_id,fk_document,"sales_orders.code (document number, prefix SO)",deleted.kind.sales_order,Sales order,,text-only,,uuid
journal_entries,id,technical,hide: row identity (the trail names the record in its heading),,,ID,,,uuid
journal_entries,code,text,verbatim,,,Journal entrie number,,,text
journal_entries,entry_date,date,"formatDate (lib/dates.ts:193) → today ""01 Sep 2026""; Tim now asks DD/MM/YYYY",finance.entryDate,Date,,high,app/finance/journal/[id]/page.tsx:179,date
journal_entries,memo,text,verbatim,finance.memo,Memo,,high,app/finance/payables/[batchId]/page.tsx:223,text
journal_entries,source_type,enum,"message keys finance.source.<v> (registered in scripts/check-i18n.mjs, build-checked)",,,Source type,,,text
journal_entries,source_id,uuid_nofk,"polymorphic / soft reference: resolve by the paired type column, else hide",auditTrail.colSource,Source,,text-only,,uuid
journal_entries,status,enum,message keys finance.status.<v> (2/2 values; used on a page that reads this table),finance.colStatus,Status,,high,app/finance/journal/JournalTable.tsx:54,text
journal_entries,reversed_by,fk_document,"journal_entries.code (document number, prefix JE)",finance.freight.colReversedBy,Reversed by,,text-only,,uuid
journal_entries,created_at,audit_std,hide: the trail entry already says who and when,,,Created on,,,timestamp with time zone
journal_entries,created_by,audit_std,hide: the trail entry already says who and when,,,Created by,,,uuid
journal_lines,id,technical,hide: row identity (the trail names the record in its heading),,,ID,,,uuid
journal_lines,entry_id,fk_document,"journal_entries.code (document number, prefix JE)",gst.entry,Entry,,text-only,,uuid
journal_lines,account_id,dict,accounts.name_en (via id),bank.colAccount,Account,,text-only,,uuid
journal_lines,debit,money,"formatAmount(n, row.currency) (lib/format.ts:32)",finance.debit,Debit,,high,app/finance/journal/[id]/JournalLinesTable.tsx:62,numeric
journal_lines,credit,money,"formatAmount(n, row.currency) (lib/format.ts:32)",finance.credit,Credit,,high,app/finance/journal/[id]/JournalLinesTable.tsx:75,numeric
journal_lines,currency,currency,"show the ISO code (currencies.code; every page shows the code, e.g. ""SGD"")",assets.history.field.currency,Currency,,text-only,,text
journal_lines,amount_ccy,money,"formatAmount(n, row.currency) (lib/format.ts:32)",assets.detail.colAmountCcy,Amount,,text-only,,numeric
journal_lines,fx_rate,number,"number with unit (qty kg, %, rate); Intl en-US grouping",hr.colFxRate,FX rate,,text-only,,numeric
journal_lines,line_memo,text,verbatim,finance.lineMemo,Line memo,,high,app/finance/journal/[id]/JournalLinesTable.tsx:88,text
journal_lines,created_at,audit_std,hide: the trail entry already says who and when,,,Created on,,,timestamp with time zone
journal_lines,fx_rate_date,date,"formatDate (lib/dates.ts:193) → today ""01 Sep 2026""; Tim now asks DD/MM/YYYY",,,FX rate date,,,date
journal_lines,tax_code,dict,tax_codes.name_en (via code),customers.form.taxId,Tax ID,,text-only,,text
journal_requests,id,technical,hide: row identity (the trail names the record in its heading),,,ID,,,uuid
journal_requests,kind,enum,"message keys finance.journalRequest.kind.<v> | finance.journalRequest.openTitle.<v> | finance.journalRequest.date.<v> | finance.journalRequest.memo.<v> | finance.journalRequest.approveConfirm.<v> | finance.journalRequest.approveBody.<v> (registered in scripts/check-i18n.mjs, build-checked)",assay.colKind,Kind,,text-only,,text
journal_requests,status,enum,"message keys finance.journalRequest.status.<v> (registered in scripts/check-i18n.mjs, build-checked)",finance.colStatus,Status,,high,app/finance/journal/JournalTable.tsx:54,text
journal_requests,label,text,verbatim,batchLabel.col,Label,,text-only,,text
journal_requests,entry_date,date,"formatDate (lib/dates.ts:193) → today ""01 Sep 2026""; Tim now asks DD/MM/YYYY",finance.entryDate,Date,,high,app/finance/journal/[id]/page.tsx:179,date
journal_requests,memo,text,verbatim,finance.memo,Memo,,high,app/finance/journal/[id]/page.tsx:218,text
journal_requests,lines,jsonb,no generic rendering: needs a per-column renderer or hide (never raw JSON),bank.colLines,Lines,,text-only,,jsonb
journal_requests,target_entry_id,fk_document,"journal_entries.code (document number, prefix JE)",,,Target entry,,,uuid
journal_requests,amount_base,money,"formatAmount(n, base currency from getBaseCurrency lib/currency.ts:16) (lib/format.ts:32)",finance.journalRequest.amount,Amount (sum of debits),,high,app/finance/journal/JournalRequestsPanel.tsx:105,numeric
journal_requests,credits_bank,boolean,words: Yes / No (common.yes/common.no if present) or a column-specific phrase,,,Credits bank,,,boolean
journal_requests,decided_at,timestamp_audit,"formatAuditStamp (lib/dates.ts:251) → ""2026-09-01 14:33"" today; DD/MM/YYYY HH:MM if Tim confirms",finance.paymentRequests.decidedAt,Decided,,text-only,,timestamp with time zone
journal_requests,decided_by,actor,bare auth-account uuid (no FK) → person name via loadActorNames (app/components/ActorName.tsx:49),finance.selfApproved.colDecider,Decided by,,text-only,,uuid
journal_requests,decision_notes,text,verbatim,leave.decisionNotes,Decision notes,,text-only,,text
journal_requests,result_journal_entry_id,fk_document,"journal_entries.code (document number, prefix JE)",,,Result journal entry,,,uuid
journal_requests,withdrawn_at,timestamp_audit,"formatAuditStamp (lib/dates.ts:251) → ""2026-09-01 14:33"" today; DD/MM/YYYY HH:MM if Tim confirms",assetDisposal.status.withdrawn,withdrawn,,text-only,,timestamp with time zone
journal_requests,withdrawn_by,actor,bare auth-account uuid (no FK) → person name via loadActorNames (app/components/ActorName.tsx:49),,,Withdrawn by,,,uuid
journal_requests,withdraw_reason,text,verbatim,,,Withdraw reason,,,text
journal_requests,created_at,audit_std,hide: the trail entry already says who and when,,,Created on,,,timestamp with time zone
journal_requests,created_by,audit_std,hide: the trail entry already says who and when,,,Created by,,,uuid
kpi_cycles,id,technical,hide: row identity (the trail names the record in its heading),,,ID,,,uuid
kpi_cycles,name,text,verbatim,contacts.colName,Name,,text-only,,text
kpi_cycles,period_start,date,"formatDate (lib/dates.ts:193) → today ""01 Sep 2026""; Tim now asks DD/MM/YYYY",bank.periodStart,Period start,,text-only,,date
kpi_cycles,period_end,date,"formatDate (lib/dates.ts:193) → today ""01 Sep 2026""; Tim now asks DD/MM/YYYY",assets.depPeriodEnd,Period end,,text-only,,date
kpi_cycles,due_date,date,"formatDate (lib/dates.ts:193) → today ""01 Sep 2026""; Tim now asks DD/MM/YYYY",finance.agingAsOf.colDueDate,Due date,,text-only,,date
kpi_cycles,status,enum,message keys reviews.cycleStatus_<v> (3/3 values; key exists; not seen on a page that reads this table),assets.history.field.status,Status,,text-only,,text
kpi_cycles,gate,enum,NO message keys found for values M3/M6,,,Gate,,,text
kpi_cycles,notes,text,verbatim,assay.notes,Notes,,text-only,,text
kpi_cycles,deleted_at,timestamp_audit,"formatAuditStamp (lib/dates.ts:251) → ""2026-09-01 14:33"" today; DD/MM/YYYY HH:MM if Tim confirms",changeHistory.op.DELETE,Deleted,,text-only,,timestamp with time zone
kpi_cycles,created_at,audit_std,hide: the trail entry already says who and when,,,Created on,,,timestamp with time zone
kpi_cycles,created_by,audit_std,hide: the trail entry already says who and when,,,Created by,,,uuid
kpi_cycles,updated_at,audit_std,hide: the trail entry already says who and when,,,Updated on,,,timestamp with time zone
kpi_cycles,updated_by,audit_std,hide: the trail entry already says who and when,,,Updated by,,,uuid
kpi_cycles,locked_at,timestamp_audit,"formatAuditStamp (lib/dates.ts:251) → ""2026-09-01 14:33"" today; DD/MM/YYYY HH:MM if Tim confirms",kpi.lockedTag,locked,,high,app/hr/kpi/score/page.tsx:203,timestamp with time zone
kpi_cycles,locked_by,actor,bare auth-account uuid (no FK) → person name via loadActorNames (app/components/ActorName.tsx:49),,,Locked by,,,uuid
kpi_entries,id,technical,hide: row identity (the trail names the record in its heading),,,ID,,,uuid
kpi_entries,cycle_id,fk_other,kpi_cycles: composed description (see target table),reviews.cycle,Cycle,,text-only,,uuid
kpi_entries,employee_id,fk_person,"employees.id → person name: loadActorNames(…, employeeIds) space=""employee"" (app/components/ActorName.tsx:49,119); employee_lookup view for readers without hr.view",kpi.unknownEmployee,Employee not visible to you,,high,app/hr/kpi/score/page.tsx:115,uuid
kpi_entries,source_position_id,fk_other,positions: composed description (see target table),,,Source position,,,uuid
kpi_entries,source_template_id,fk_other,kpi_position_templates: composed description (see target table),,,Source template,,,uuid
kpi_entries,source_template_version,number,"number with unit (qty kg, %, rate); Intl en-US grouping",,,Source template version,,,integer
kpi_entries,kpi_ref,text,verbatim,,,KPI reference,,,text
kpi_entries,title,text,verbatim,,,Title,,,text
kpi_entries,weight_pct,number,"number with unit (qty kg, %, rate); Intl en-US grouping",,,Weight %,,,numeric
kpi_entries,target_text,text,verbatim,,,Target text,,,text
kpi_entries,evidence_source,enum_like,closed value set by convention but no single-column CHECK: needs a value→words map (history old_/new_ columns can reuse the parent column's keys),,,Evidence source,,,text
kpi_entries,is_provisional,boolean,words: Yes / No (common.yes/common.no if present) or a column-specific phrase,kpi.provisionalTag,provisional target,,high,app/hr/kpi/score/ScoreEditor.tsx:102,boolean
kpi_entries,provisional_note,text,verbatim,,,Provisional note,,,text
kpi_entries,org_codes,array,list joined with commas; resolve element codes if they are dictionary codes,,,Org codes,,,text[]
kpi_entries,score,number,"number with unit (qty kg, %, rate); Intl en-US grouping",kpi.colScore,Score (0–5),,high,app/hr/kpi/score/ScoreEditor.tsx:132,integer
kpi_entries,score_kind,enum,message keys kpi.weightedIs<V> (partial 1/2: judged/computed; used on a page that reads this table),,,Score kind,,,text
kpi_entries,computed_basis,enum_like,closed value set by convention but no single-column CHECK: needs a value→words map (history old_/new_ columns can reuse the parent column's keys),,,Computed basis,,,text
kpi_entries,evidence_note,text,verbatim,kpi.colEvidenceNote,Evidence,,high,app/hr/kpi/score/ScoreEditor.tsx:155,text
kpi_entries,scored_by,actor,bare auth-account uuid (no FK) → person name via loadActorNames (app/components/ActorName.tsx:49),,,Scored by,,,uuid
kpi_entries,scored_at,timestamp_audit,"formatAuditStamp (lib/dates.ts:251) → ""2026-09-01 14:33"" today; DD/MM/YYYY HH:MM if Tim confirms",breadcrumb.score,Scoring,,text-only,,timestamp with time zone
kpi_entries,override_cap,number,"number with unit (qty kg, %, rate); Intl en-US grouping",,,Override cap,,,integer
kpi_entries,override_reason,text,verbatim,,,Override reason,,,text
kpi_entries,created_at,audit_std,hide: the trail entry already says who and when,,,Created on,,,timestamp with time zone
kpi_entries,created_by,audit_std,hide: the trail entry already says who and when,,,Created by,,,uuid
kpi_entries,updated_at,audit_std,hide: the trail entry already says who and when,,,Updated on,,,timestamp with time zone
kpi_entries,updated_by,audit_std,hide: the trail entry already says who and when,,,Updated by,,,uuid
kpi_entries,feedback_note,text,verbatim,,,Feedback note,,,text
kpi_organisation,id,technical,hide: row identity (the trail names the record in its heading),,,ID,,,uuid
kpi_organisation,code,text,verbatim,,,Code,,,text
kpi_organisation,title,text,verbatim,,,Title,,,text
kpi_organisation,weight_pct,number,"number with unit (qty kg, %, rate); Intl en-US grouping",,,Weight %,,,numeric
kpi_organisation,definition,text,verbatim,,,Definition,,,text
kpi_organisation,month3_target,text,verbatim,,,Month3 target,,,text
kpi_organisation,month6_target,text,verbatim,,,Month6 target,,,text
kpi_organisation,measurement_evidence,text,verbatim,kpi.evidence,Measurement / evidence,,high,app/hr/kpi/page.tsx:129,text
kpi_organisation,criticality_note,text,verbatim,kpi.criticality,Criticality / management note,,high,app/hr/kpi/page.tsx:133,text
kpi_organisation,is_provisional,boolean,words: Yes / No (common.yes/common.no if present) or a column-specific phrase,kpi.provisionalTag,provisional target,,high,app/hr/kpi/page.tsx:111,boolean
kpi_organisation,provisional_note,text,verbatim,,,Provisional note,,,text
kpi_organisation,sort_order,technical,hide,,,Sort order,,,integer
kpi_organisation,created_at,audit_std,hide: the trail entry already says who and when,,,Created on,,,timestamp with time zone
kpi_organisation,updated_at,audit_std,hide: the trail entry already says who and when,,,Updated on,,,timestamp with time zone
kpi_position_templates,id,technical,hide: row identity (the trail names the record in its heading),,,ID,,,uuid
kpi_position_templates,position_id,fk_other,positions: composed description (see target table),hr.colPosition,Position,,text-only,,uuid
kpi_position_templates,kpi_ref,text,verbatim,,,KPI reference,,,text
kpi_position_templates,title,text,verbatim,,,Title,,,text
kpi_position_templates,weight_pct,number,"number with unit (qty kg, %, rate); Intl en-US grouping",,,Weight %,,,numeric
kpi_position_templates,target_text,text,verbatim,,,Target text,,,text
kpi_position_templates,evidence_source,enum_like,closed value set by convention but no single-column CHECK: needs a value→words map (history old_/new_ columns can reuse the parent column's keys),,,Evidence source,,,text
kpi_position_templates,is_provisional,boolean,words: Yes / No (common.yes/common.no if present) or a column-specific phrase,assay.pricingStatus.provisional,Provisional,,text-only,,boolean
kpi_position_templates,provisional_note,text,verbatim,,,Provisional note,,,text
kpi_position_templates,version,technical,hide,,,Version,,,integer
kpi_position_templates,sort_order,technical,hide,,,Sort order,,,integer
kpi_position_templates,created_at,audit_std,hide: the trail entry already says who and when,,,Created on,,,timestamp with time zone
kpi_position_templates,updated_at,audit_std,hide: the trail entry already says who and when,,,Updated on,,,timestamp with time zone
kpi_score_rubric,score,technical,hide: row identity (the trail names the record in its heading),,,Score,,,integer
kpi_score_rubric,band_en,text,verbatim,,,Band en,,,text
kpi_score_rubric,band_zh,text,verbatim,,,Band zh,,,text
kpi_score_rubric,evidence_standard_en,text,verbatim,,,Evidence standard en,,,text
kpi_score_rubric,management_action_en,text,verbatim,,,Management action en,,,text
kpi_score_rubric,veto_rule_en,text,verbatim,,,Veto rule en,,,text
kpi_score_rubric,review_cadence_en,text,verbatim,,,Review cadence en,,,text
kpi_score_rubric,created_at,audit_std,hide: the trail entry already says who and when,,,Created on,,,timestamp with time zone
kpi_score_rubric,updated_at,audit_std,hide: the trail entry already says who and when,,,Updated on,,,timestamp with time zone
kpi_template_org_links,template_id,fk_other,kpi_position_templates: composed description (see target table),,,Template,,,uuid
kpi_template_org_links,org_code,fk_other,kpi_organisation: composed description (see target table),,,Org,,,text
laboratories,code,own_key,show as-is: the record's own business key (code/number),,,Code,,,text
laboratories,name_en,text,verbatim,dict.f.nameEn,Name (EN),,high,app/settings/dictionaries/DictSection.tsx:199,text
laboratories,name_zh,text,verbatim,dict.f.nameZh,Name (ZH),,high,app/settings/dictionaries/DictSection.tsx:204,text
laboratories,is_active,boolean,words: Yes / No (common.yes/common.no if present) or a column-specific phrase,dict.f.isActive,Status,,high,app/settings/dictionaries/DictSection.tsx:86,boolean
laboratories,sort_order,technical,hide,,,Sort order,,,integer
laboratories,notes,text,verbatim,dict.f.notes,Notes,,high,app/settings/dictionaries/DictSection.tsx:238,text
lane_document_requirements,id,technical,hide: row identity (the trail names the record in its heading),,,ID,,,uuid
lane_document_requirements,lane_id,fk_other,lanes: composed description (see target table),logistics.colLane,Lane,,text-only,,uuid
lane_document_requirements,document_type,enum_like,closed value set by convention but no single-column CHECK: needs a value→words map (history old_/new_ columns can reuse the parent column's keys),logistics.documentType,Document type,,high,app/logistics/lanes/page.tsx:66,text
lane_document_requirements,regime,text,verbatim,logistics.regime,Regime,,high,app/logistics/lanes/page.tsx:67,text
lane_document_requirements,notes,text,verbatim,assay.notes,Notes,,text-only,,text
lane_document_requirements,deleted_at,timestamp_audit,"formatAuditStamp (lib/dates.ts:251) → ""2026-09-01 14:33"" today; DD/MM/YYYY HH:MM if Tim confirms",changeHistory.op.DELETE,Deleted,,text-only,,timestamp with time zone
lane_document_requirements,created_at,audit_std,hide: the trail entry already says who and when,,,Created on,,,timestamp with time zone
lane_document_requirements,created_by,audit_std,hide: the trail entry already says who and when,,,Created by,,,uuid
lanes,id,technical,hide: row identity (the trail names the record in its heading),,,ID,,,uuid
lanes,origin_port_id,fk_other,ports: composed description (see target table),logistics.origin,Origin port,,text-only,,uuid
lanes,destination_port_id,fk_other,ports: composed description (see target table),logistics.destination,Destination port,,text-only,,uuid
lanes,checklist_reviewed_at,timestamp_audit,"formatAuditStamp (lib/dates.ts:251) → ""2026-09-01 14:33"" today; DD/MM/YYYY HH:MM if Tim confirms",,,Checklist reviewed on,,,timestamp with time zone
lanes,deleted_at,timestamp_audit,"formatAuditStamp (lib/dates.ts:251) → ""2026-09-01 14:33"" today; DD/MM/YYYY HH:MM if Tim confirms",changeHistory.op.DELETE,Deleted,,text-only,,timestamp with time zone
lanes,created_at,audit_std,hide: the trail entry already says who and when,,,Created on,,,timestamp with time zone
lanes,created_by,audit_std,hide: the trail entry already says who and when,,,Created by,,,uuid
leave_accrual_rates,id,technical,hide: row identity (the trail names the record in its heading),,,ID,,,uuid
leave_accrual_rates,work_category,enum,message keys hr.workCategory.<v> (2/2 values; key exists; not seen on a page that reads this table),,,Work category,,,text
leave_accrual_rates,employee_id,fk_person,"employees.id → person name: loadActorNames(…, employeeIds) space=""employee"" (app/components/ActorName.tsx:49,119); employee_lookup view for readers without hr.view",attendance.colEmployee,Employee,,text-only,,uuid
leave_accrual_rates,days_per_year,number,"number with unit (qty kg, %, rate); Intl en-US grouping",,,Days per year,,,numeric
leave_accrual_rates,effective_from,date,"formatDate (lib/dates.ts:193) → today ""01 Sep 2026""; Tim now asks DD/MM/YYYY",reviews.salaryEffective,Effective from,,text-only,,date
leave_accrual_rates,reason,text,verbatim,assay.unapplyReason,Reason,,text-only,,text
leave_accrual_rates,notes,text,verbatim,assay.notes,Notes,,text-only,,text
leave_accrual_rates,created_at,audit_std,hide: the trail entry already says who and when,,,Created on,,,timestamp with time zone
leave_accrual_rates,created_by,audit_std,hide: the trail entry already says who and when,,,Created by,,,uuid
leave_accrual_rates,updated_at,audit_std,hide: the trail entry already says who and when,,,Updated on,,,timestamp with time zone
leave_accrual_rates,updated_by,audit_std,hide: the trail entry already says who and when,,,Updated by,,,uuid
leave_consumption,id,technical,hide: row identity (the trail names the record in its heading),,,ID,,,uuid
leave_consumption,leave_request_id,fk_document,"leave_requests.code (document number, prefix LV)",me.requestLeave,Request leave,,text-only,,uuid
leave_consumption,leave_grant_id,fk_other,leave_grants: composed description (see target table),,,Leave grant,,,uuid
leave_consumption,entry_type,enum,"message keys leave.entry_<v> (registered in scripts/check-i18n.mjs, build-checked)",leave.entryType,Entry,,high,app/hr/leave/[id]/LeaveDetailTables.tsx:93,text
leave_consumption,days,number,"number with unit (qty kg, %, rate); Intl en-US grouping",leave.days,Days,,high,app/hr/leave/[id]/LeaveDetailTables.tsx:54,numeric
leave_consumption,notes,text,verbatim,leave.notes,Notes,,high,app/hr/leave/[id]/LeaveDetailTables.tsx:107,text
leave_consumption,created_at,audit_std,hide: the trail entry already says who and when,,,Created on,,,timestamp with time zone
leave_consumption,created_by,audit_std,hide: the trail entry already says who and when,,,Created by,,,uuid
leave_consumption,accrual_year,number,"number with unit (qty kg, %, rate); Intl en-US grouping",,,Accrual year,,,integer
leave_grants,id,technical,hide: row identity (the trail names the record in its heading),,,ID,,,uuid
leave_grants,employee_id,fk_person,"employees.id → person name: loadActorNames(…, employeeIds) space=""employee"" (app/components/ActorName.tsx:49,119); employee_lookup view for readers without hr.view",attendance.colEmployee,Employee,,text-only,,uuid
leave_grants,leave_type_code,dict,leave_types.name_en (via code),,,Leave type,,,text
leave_grants,leave_year,number,"number with unit (qty kg, %, rate); Intl en-US grouping",leave.leaveYear,Leave year,,high,app/hr/leave/grants/page.tsx:44,integer
leave_grants,days,number,"number with unit (qty kg, %, rate); Intl en-US grouping",customers.status.colDays,Days,,text-only,,numeric
leave_grants,granted_on,date,"formatDate (lib/dates.ts:193) → today ""01 Sep 2026""; Tim now asks DD/MM/YYYY",leave.grantId,Grant,,text-only,,date
leave_grants,expires_on,date,"formatDate (lib/dates.ts:193) → today ""01 Sep 2026""; Tim now asks DD/MM/YYYY",contracts.status.expired,Expired,,text-only,,date
leave_grants,grant_type,enum,"message keys leave.grantType_<v> (registered in scripts/check-i18n.mjs, build-checked)",,,Grant type,,,text
leave_grants,source_grant_id,fk_other,leave_grants: composed description (see target table),,,Source grant,,,uuid
leave_grants,notes,text,verbatim,assay.notes,Notes,,text-only,,text
leave_grants,deleted_at,timestamp_audit,"formatAuditStamp (lib/dates.ts:251) → ""2026-09-01 14:33"" today; DD/MM/YYYY HH:MM if Tim confirms",changeHistory.op.DELETE,Deleted,,text-only,,timestamp with time zone
leave_grants,created_at,audit_std,hide: the trail entry already says who and when,,,Created on,,,timestamp with time zone
leave_grants,created_by,audit_std,hide: the trail entry already says who and when,,,Created by,,,uuid
leave_grants,updated_at,audit_std,hide: the trail entry already says who and when,,,Updated on,,,timestamp with time zone
leave_grants,updated_by,audit_std,hide: the trail entry already says who and when,,,Updated by,,,uuid
leave_requests,id,technical,hide: row identity (the trail names the record in its heading),,,ID,,,uuid
leave_requests,code,text,verbatim,,,Leave request number,,,text
leave_requests,employee_id,fk_person,"employees.id → person name: loadActorNames(…, employeeIds) space=""employee"" (app/components/ActorName.tsx:49,119); employee_lookup view for readers without hr.view",leave.employee,Employee,,high,app/hr/leave/LeaveForm.tsx:125,uuid
leave_requests,leave_type_code,dict,leave_types.name_en (via code),,,Leave type,,,text
leave_requests,start_date,date,"formatDate (lib/dates.ts:193) → today ""01 Sep 2026""; Tim now asks DD/MM/YYYY",leave.startDate,Start,,high,app/hr/leave/LeaveForm.tsx:152,date
leave_requests,end_date,date,"formatDate (lib/dates.ts:193) → today ""01 Sep 2026""; Tim now asks DD/MM/YYYY",leave.endDate,End,,high,app/hr/leave/LeaveForm.tsx:163,date
leave_requests,start_half_day,boolean,words: Yes / No (common.yes/common.no if present) or a column-specific phrase,,,Start half day,,,boolean
leave_requests,end_half_day,boolean,words: Yes / No (common.yes/common.no if present) or a column-specific phrase,,,End half day,,,boolean
leave_requests,days,number,"number with unit (qty kg, %, rate); Intl en-US grouping",me.days,days,,high,app/me/page.tsx:355,numeric
leave_requests,reason,text,verbatim,leave.reason,Reason,,high,app/hr/leave/[id]/page.tsx:140,text
leave_requests,certificate_ref,text,verbatim,assay.colCertificate,Certificate ref,,text-only,,text
leave_requests,status,enum,"message keys leave.status_<v> (registered in scripts/check-i18n.mjs, build-checked)",leave.status,Status,,high,app/hr/leave/page.tsx:109,text
leave_requests,decided_at,timestamp_audit,"formatAuditStamp (lib/dates.ts:251) → ""2026-09-01 14:33"" today; DD/MM/YYYY HH:MM if Tim confirms",finance.paymentRequests.decidedAt,Decided,,text-only,,timestamp with time zone
leave_requests,decided_by,actor,bare auth-account uuid (no FK) → person name via loadActorNames (app/components/ActorName.tsx:49),me.decidedByYouFlagged,Decided by you (flagged),,high,app/me/DecisionCell.tsx:27,uuid
leave_requests,decision_notes,text,verbatim,leave.decisionNotes,Decision notes,,high,app/hr/leave/[id]/page.tsx:143,text
leave_requests,deleted_at,timestamp_audit,"formatAuditStamp (lib/dates.ts:251) → ""2026-09-01 14:33"" today; DD/MM/YYYY HH:MM if Tim confirms",changeHistory.op.DELETE,Deleted,,text-only,,timestamp with time zone
leave_requests,created_at,audit_std,hide: the trail entry already says who and when,,,Created on,,,timestamp with time zone
leave_requests,created_by,audit_std,hide: the trail entry already says who and when,,,Created by,,,uuid
leave_requests,updated_at,audit_std,hide: the trail entry already says who and when,,,Updated on,,,timestamp with time zone
leave_requests,updated_by,audit_std,hide: the trail entry already says who and when,,,Updated by,,,uuid
leave_requests,is_exception,boolean,words: Yes / No (common.yes/common.no if present) or a column-specific phrase,leave.exceptionReason,Reason for the exception,,high,app/hr/leave/[id]/page.tsx:142,boolean
leave_requests,exception_reason,text,verbatim,leave.exceptionReason,Reason for the exception,,high,app/hr/leave/[id]/page.tsx:142,text
leave_types,code,own_key,show as-is: the record's own business key (code/number),,,Code,,,text
leave_types,name_en,text,verbatim,dict.f.nameEn,Name (EN),,text-only,,text
leave_types,name_zh,text,verbatim,dict.f.nameZh,Name (ZH),,text-only,,text
leave_types,description_en,text,verbatim,permissions.descriptionEn,Description (EN),,text-only,,text
leave_types,description_zh,text,verbatim,permissions.descriptionZh,Description (ZH),,text-only,,text
leave_types,is_paid,boolean,words: Yes / No (common.yes/common.no if present) or a column-specific phrase,leave.paid,Paid,,high,app/hr/leave/types/LeaveTypesEditor.tsx:98,boolean
leave_types,is_accrued,boolean,words: Yes / No (common.yes/common.no if present) or a column-specific phrase,leave.accrued,Accrues,,high,app/hr/leave/types/LeaveTypesEditor.tsx:99,boolean
leave_types,default_days_per_year,number,"number with unit (qty kg, %, rate); Intl en-US grouping",,,Default days per year,,,numeric
leave_types,requires_certificate_after_days,number,"number with unit (qty kg, %, rate); Intl en-US grouping",,,Requires certificate after days,,,numeric
leave_types,requires_approval,boolean,words: Yes / No (common.yes/common.no if present) or a column-specific phrase,,,Requires approval,,,boolean
leave_types,allows_half_day,boolean,words: Yes / No (common.yes/common.no if present) or a column-specific phrase,leave.halfDay,Half days,,medium,app/hr/leave/types/LeaveTypesEditor.tsx:105,boolean
leave_types,gender_restriction,enum,NO message keys found for values female/male,,,Gender restriction,,,text
leave_types,is_active,boolean,words: Yes / No (common.yes/common.no if present) or a column-specific phrase,permissions.active,Active,,high,app/hr/leave/types/LeaveTypesEditor.tsx:114,boolean
leave_types,sort_order,technical,hide,,,Sort order,,,integer
leave_types,notes,text,verbatim,leave.notes,Notes,,high,app/hr/leave/[id]/LeaveDetailTables.tsx:107,text
leave_types,created_at,audit_std,hide: the trail entry already says who and when,,,Created on,,,timestamp with time zone
leave_types,created_by,audit_std,hide: the trail entry already says who and when,,,Created by,,,uuid
leave_types,updated_at,audit_std,hide: the trail entry already says who and when,,,Updated on,,,timestamp with time zone
leave_types,updated_by,audit_std,hide: the trail entry already says who and when,,,Updated by,,,uuid
list_ledger_residue,side,own_key,show as-is: the record's own business key (code/number),commissions.colSide,Side,,text-only,,text
list_ledger_residue,doc_code,own_key,show as-is: the record's own business key (code/number),,,Doc code,,,text
list_ledger_residue,amount_base,money,"formatAmount(n, base currency from getBaseCurrency lib/currency.ts:16) (lib/format.ts:32)",assets.detail.colAmountCcy,Amount,,text-only,,numeric
list_ledger_residue,residue_class,enum,"message keys finance.listVsLedger.residueClass.<v> (registered in scripts/check-i18n.mjs, build-checked)",,,Residue class,,,text
list_ledger_residue,reason,text,verbatim,assay.unapplyReason,Reason,,text-only,,text
list_ledger_residue,known_wrong_ref,text,verbatim,,,Known wrong reference,,,text
loss_categories,code,own_key,show as-is: the record's own business key (code/number),,,Code,,,text
loss_categories,name_en,text,verbatim,dict.f.nameEn,Name (EN),,text-only,,text
loss_categories,name_zh,text,verbatim,dict.f.nameZh,Name (ZH),,text-only,,text
loss_categories,metal_fate,dict,loss_metal_fates.name_en (via code),processing.loss.colMetalFate,Metal,,high,app/operation/processing/[id]/LossPanel.tsx:73,text
loss_categories,is_true_loss,boolean,words: Yes / No (common.yes/common.no if present) or a column-specific phrase,,,True loss,,,boolean
loss_categories,is_active,boolean,words: Yes / No (common.yes/common.no if present) or a column-specific phrase,assets.status.active,Active,,text-only,,boolean
loss_categories,sort_order,technical,hide,,,Sort order,,,integer
loss_categories,notes,text,verbatim,processing.cost.colNotes,Notes,,high,app/operation/processing/[id]/CostPanel.tsx:70,text
loss_metal_fates,code,own_key,show as-is: the record's own business key (code/number),,,Code,,,text
loss_metal_fates,name_en,text,verbatim,dict.f.nameEn,Name (EN),,text-only,,text
loss_metal_fates,name_zh,text,verbatim,dict.f.nameZh,Name (ZH),,text-only,,text
loss_metal_fates,sort_order,technical,hide,,,Sort order,,,integer
loss_metal_fates,notes,text,verbatim,assay.notes,Notes,,text-only,,text
maintenance_settings,id,own_key,show as-is: the record's own business key (code/number),,,ID,,,boolean
maintenance_settings,capitalise_pct_of_cost,number,"number with unit (qty kg, %, rate); Intl en-US grouping",,,Capitalise % of cost,,,numeric
maintenance_settings,capitalise_floor_base,money,"formatAmount(n, base currency from getBaseCurrency lib/currency.ts:16) (lib/format.ts:32)",,,Capitalise floor (base currency),,,numeric
maintenance_settings,notes,text,verbatim,assay.notes,Notes,,text-only,,text
maintenance_settings,updated_at,audit_std,hide: the trail entry already says who and when,,,Updated on,,,timestamp with time zone
maintenance_settings,updated_by,audit_std,hide: the trail entry already says who and when,,,Updated by,,,uuid
management_packs,id,technical,hide: row identity (the trail names the record in its heading),,,ID,,,uuid
management_packs,code,text,verbatim,,,Management pack number,,,text
management_packs,period_month,date,"formatDate (lib/dates.ts:193) → today ""01 Sep 2026""; Tim now asks DD/MM/YYYY",,,Period month,,,date
management_packs,period_start,date,"formatDate (lib/dates.ts:193) → today ""01 Sep 2026""; Tim now asks DD/MM/YYYY",bank.periodStart,Period start,,text-only,,date
management_packs,period_end,date,"formatDate (lib/dates.ts:193) → today ""01 Sep 2026""; Tim now asks DD/MM/YYYY",assets.depPeriodEnd,Period end,,text-only,,date
management_packs,locked_before_at_production,date,"formatDate (lib/dates.ts:193) → today ""01 Sep 2026""; Tim now asks DD/MM/YYYY",pack.colLockedBefore,Locked before (at production),,high,app/finance/packs/[id]/page.tsx:80,date
management_packs,base_currency,currency,"show the ISO code (currencies.code; every page shows the code, e.g. ""SGD"")",assets.history.field.currency,Currency,,text-only,,text
management_packs,payload,jsonb,no generic rendering: needs a per-column renderer or hide (never raw JSON),,,Payload,,,jsonb
management_packs,notes,text,verbatim,assay.notes,Notes,,text-only,,text
management_packs,produced_at,timestamp_audit,"formatAuditStamp (lib/dates.ts:251) → ""2026-09-01 14:33"" today; DD/MM/YYYY HH:MM if Tim confirms",pack.colProduced,Produced,,high,app/finance/packs/PacksHistoryTable.tsx:35,timestamp with time zone
management_packs,produced_by,actor,bare auth-account uuid (no FK) → person name via loadActorNames (app/components/ActorName.tsx:49),,,Produced by,,,uuid
management_packs,superseded_at,timestamp_audit,"formatAuditStamp (lib/dates.ts:251) → ""2026-09-01 14:33"" today; DD/MM/YYYY HH:MM if Tim confirms",pack.statusSuperseded,superseded,,high,app/finance/packs/PacksHistoryTable.tsx:40,timestamp with time zone
management_packs,superseded_by,fk_document,"management_packs.code (document number, prefix PACK)",,,Superseded by,,,uuid
management_packs,superseded_reason,text,verbatim,,,Superseded reason,,,text
material_attachments,id,technical,hide: row identity (the trail names the record in its heading),,,ID,,,uuid
material_attachments,material_id,fk_document,"materials.code (document number, prefix MAT)",inbound.colMaterial,Material,,text-only,,uuid
material_attachments,storage_path,technical,hide,,,Storage path,,,text
material_attachments,file_name,text,verbatim,materials.attachments.colName,File,,high,app/materials/[id]/edit/AttachmentsPanel.tsx:172,text
material_attachments,file_type,enum_like,closed value set by convention but no single-column CHECK: needs a value→words map (history old_/new_ columns can reuse the parent column's keys),,,File type,,,text
material_attachments,file_size,technical,hide,,,File size,,,bigint
material_attachments,doc_category,enum_like,closed value set by convention but no single-column CHECK: needs a value→words map (history old_/new_ columns can reuse the parent column's keys),,,Doc category,,,text
material_attachments,notes,text,verbatim,materials.attachments.notes,Notes,,high,app/materials/[id]/edit/AttachmentsPanel.tsx:260,text
material_attachments,created_by,audit_std,hide: the trail entry already says who and when,,,Created by,,,uuid
material_attachments,updated_by,audit_std,hide: the trail entry already says who and when,,,Updated by,,,uuid
material_attachments,created_at,audit_std,hide: the trail entry already says who and when,,,Created on,,,timestamp with time zone
material_attachments,updated_at,audit_std,hide: the trail entry already says who and when,,,Updated on,,,timestamp with time zone
material_attachments,deleted_at,timestamp_audit,"formatAuditStamp (lib/dates.ts:251) → ""2026-09-01 14:33"" today; DD/MM/YYYY HH:MM if Tim confirms",changeHistory.op.DELETE,Deleted,,text-only,,timestamp with time zone
material_forms,code,own_key,show as-is: the record's own business key (code/number),,,Code,,,text
material_forms,name_en,text,verbatim,dict.f.nameEn,Name (EN),,text-only,,text
material_forms,name_zh,text,verbatim,dict.f.nameZh,Name (ZH),,text-only,,text
material_forms,implies_dismantling,boolean,words: Yes / No (common.yes/common.no if present) or a column-specific phrase,,,Implies dismantling,,,boolean
material_forms,is_active,boolean,words: Yes / No (common.yes/common.no if present) or a column-specific phrase,assets.status.active,Active,,text-only,,boolean
material_forms,sort_order,technical,hide,,,Sort order,,,integer
material_forms,notes,text,verbatim,assay.notes,Notes,,text-only,,text
material_forms,may_be_sold,boolean,words: Yes / No (common.yes/common.no if present) or a column-specific phrase,,,May be sold,,,boolean
material_kinds,code,own_key,show as-is: the record's own business key (code/number),,,Code,,,text
material_kinds,name_en,text,verbatim,dict.f.nameEn,Name (EN),,high,app/settings/dictionaries/DictSection.tsx:199,text
material_kinds,name_zh,text,verbatim,dict.f.nameZh,Name (ZH),,high,app/settings/dictionaries/DictSection.tsx:204,text
material_kinds,may_ever_be_processed,boolean,words: Yes / No (common.yes/common.no if present) or a column-specific phrase,,,May ever be processed,,,boolean
material_kinds,is_active,boolean,words: Yes / No (common.yes/common.no if present) or a column-specific phrase,dict.f.isActive,Status,,high,app/settings/dictionaries/DictSection.tsx:86,boolean
material_kinds,sort_order,technical,hide,,,Sort order,,,integer
material_kinds,notes,text,verbatim,dict.f.notes,Notes,,high,app/settings/dictionaries/DictSection.tsx:238,text
material_kinds,has_condition_axes,boolean,words: Yes / No (common.yes/common.no if present) or a column-specific phrase,,,Has condition axes,,,boolean
material_required_metals,material_id,fk_document,"materials.code (document number, prefix MAT)",inbound.form.material,Material,,medium,app/inbound/[id]/edit/EditInboundForm.tsx:64,uuid
material_required_metals,metal,dict,substances.name_en (via code),assay.colMetal,Metal,,text-only,,text
material_required_metals,created_at,audit_std,hide: the trail entry already says who and when,,,Created on,,,timestamp with time zone
material_required_metals,created_by,audit_std,hide: the trail entry already says who and when,,,Created by,,,uuid
material_size_formats,code,own_key,show as-is: the record's own business key (code/number),,,Code,,,text
material_size_formats,name_en,text,verbatim,dict.f.nameEn,Name (EN),,text-only,,text
material_size_formats,name_zh,text,verbatim,dict.f.nameZh,Name (ZH),,text-only,,text
material_size_formats,is_active,boolean,words: Yes / No (common.yes/common.no if present) or a column-specific phrase,assets.status.active,Active,,text-only,,boolean
material_size_formats,sort_order,technical,hide,,,Sort order,,,integer
material_size_formats,notes,text,verbatim,assay.notes,Notes,,text-only,,text
material_sources,code,own_key,show as-is: the record's own business key (code/number),,,Code,,,text
material_sources,name_en,text,verbatim,dict.f.nameEn,Name (EN),,text-only,,text
material_sources,name_zh,text,verbatim,dict.f.nameZh,Name (ZH),,text-only,,text
material_sources,implies_never_charged,boolean,words: Yes / No (common.yes/common.no if present) or a column-specific phrase,,,Implies never charged,,,boolean
material_sources,is_active,boolean,words: Yes / No (common.yes/common.no if present) or a column-specific phrase,assets.status.active,Active,,text-only,,boolean
material_sources,sort_order,technical,hide,,,Sort order,,,integer
material_sources,notes,text,verbatim,assay.notes,Notes,,text-only,,text
materials,id,technical,hide: row identity (the trail names the record in its heading),,,ID,,,uuid
materials,code,text,verbatim,,,Material number,,,text
materials,name,text,verbatim,materials.colName,Name,,high,app/materials/MaterialsTable.tsx:68,text
materials,chemistry,dict,battery_chemistries.name_en (via code),materials.colChemistry,Chemistry,,high,app/materials/MaterialsTable.tsx:74,text
materials,unit,enum_like,closed value set by convention but no single-column CHECK: needs a value→words map (history old_/new_ columns can reuse the parent column's keys),materials.colUnit,Unit,,high,app/materials/MaterialsTable.tsx:102,text
materials,spec,text,verbatim,materials.form.spec,Spec / Description,,high,app/materials/[id]/edit/EditMaterialForm.tsx:177,text
materials,notes,text,verbatim,contracts.form.notes,Notes,,high,app/contracts/[id]/HeaderForm.tsx:130,text
materials,status,enum_like,closed value set by convention but no single-column CHECK: needs a value→words map (history old_/new_ columns can reuse the parent column's keys),materials.colStatus,Status,,high,app/materials/MaterialsTable.tsx:109,text
materials,deleted_at,timestamp_audit,"formatAuditStamp (lib/dates.ts:251) → ""2026-09-01 14:33"" today; DD/MM/YYYY HH:MM if Tim confirms",changeHistory.op.DELETE,Deleted,,text-only,,timestamp with time zone
materials,created_at,audit_std,hide: the trail entry already says who and when,,,Created on,,,timestamp with time zone
materials,created_by,audit_std,hide: the trail entry already says who and when,,,Created by,,,uuid
materials,updated_at,audit_std,hide: the trail entry already says who and when,,,Updated on,,,timestamp with time zone
materials,updated_by,audit_std,hide: the trail entry already says who and when,,,Updated by,,,uuid
materials,waste_classification_code,dict,waste_classifications.name_en (via code),materials.form.wasteClass,Waste classification,,high,app/materials/[id]/edit/EditMaterialForm.tsx:154,text
materials,safety_stock_qty,number,"number with unit (qty kg, %, rate); Intl en-US grouping",,,Safety stock quantity,,,numeric
materials,kind_code,dict,material_kinds.name_en (via code),materials.form.kind,Kind,,high,app/materials/MaterialAxesPicker.tsx:89,text
materials,may_be_processed,boolean,words: Yes / No (common.yes/common.no if present) or a column-specific phrase,,,May be processed,,,boolean
materials,form_code,dict,material_forms.name_en (via code),materials.form.formAxis,Form,,high,app/materials/MaterialAxesPicker.tsx:135,text
materials,source_code,dict,material_sources.name_en (via code),materials.form.sourceAxis,Source,,high,app/materials/MaterialAxesPicker.tsx:157,text
materials,size_format_code,dict,material_size_formats.name_en (via code),materials.form.sizeAxis,Size format,,high,app/materials/MaterialAxesPicker.tsx:176,text
medical_claims,id,technical,hide: row identity (the trail names the record in its heading),,,ID,,,uuid
medical_claims,code,text,verbatim,,,Medical claim number,,,text
medical_claims,employee_id,fk_person,"employees.id → person name: loadActorNames(…, employeeIds) space=""employee"" (app/components/ActorName.tsx:49,119); employee_lookup view for readers without hr.view",attendance.colEmployee,Employee,,text-only,,uuid
medical_claims,claim_date,date,"formatDate (lib/dates.ts:193) → today ""01 Sep 2026""; Tim now asks DD/MM/YYYY",,,Claim date,,,date
medical_claims,claim_year,number,"number with unit (qty kg, %, rate); Intl en-US grouping",,,Claim year,,,integer
medical_claims,amount_sgd,money,"formatAmount(n, ""SGD"") (lib/format.ts:32)",claims.amountSgd,Amount (SGD),,text-only,,numeric
medical_claims,description,text,verbatim,assets.colDescription,Description,,text-only,,text
medical_claims,receipt_ref,text,verbatim,claims.receipt,Receipt reference,,text-only,,text
medical_claims,status,enum,"message keys claims.state_<v> (registered in scripts/check-i18n.mjs, build-checked)",assets.history.field.status,Status,,text-only,,text
medical_claims,decided_at,timestamp_audit,"formatAuditStamp (lib/dates.ts:251) → ""2026-09-01 14:33"" today; DD/MM/YYYY HH:MM if Tim confirms",finance.paymentRequests.decidedAt,Decided,,text-only,,timestamp with time zone
medical_claims,decided_by,actor,bare auth-account uuid (no FK) → person name via loadActorNames (app/components/ActorName.tsx:49),finance.selfApproved.colDecider,Decided by,,text-only,,uuid
medical_claims,decision_notes,text,verbatim,leave.decisionNotes,Decision notes,,text-only,,text
medical_claims,expense_id,fk_document,"expenses.code (document number, prefix EXP)",assets.detail.colExpense,Expense,,text-only,,uuid
medical_claims,deleted_at,timestamp_audit,"formatAuditStamp (lib/dates.ts:251) → ""2026-09-01 14:33"" today; DD/MM/YYYY HH:MM if Tim confirms",changeHistory.op.DELETE,Deleted,,text-only,,timestamp with time zone
medical_claims,created_at,audit_std,hide: the trail entry already says who and when,,,Created on,,,timestamp with time zone
medical_claims,created_by,audit_std,hide: the trail entry already says who and when,,,Created by,,,uuid
medical_claims,updated_at,audit_std,hide: the trail entry already says who and when,,,Updated on,,,timestamp with time zone
medical_claims,updated_by,audit_std,hide: the trail entry already says who and when,,,Updated by,,,uuid
medical_claims,withdrawn_at,timestamp_audit,"formatAuditStamp (lib/dates.ts:251) → ""2026-09-01 14:33"" today; DD/MM/YYYY HH:MM if Tim confirms",assetDisposal.status.withdrawn,withdrawn,,text-only,,timestamp with time zone
metal_price_indices,code,own_key,show as-is: the record's own business key (code/number),,,Code,,,text
metal_price_indices,name_en,text,verbatim,dict.f.nameEn,Name (EN),,text-only,,text
metal_price_indices,name_zh,text,verbatim,dict.f.nameZh,Name (ZH),,text-only,,text
metal_price_indices,quote_currency,currency,"show the ISO code (currencies.code; every page shows the code, e.g. ""SGD"")",,,Quote currency,,,text
metal_price_indices,is_active,boolean,words: Yes / No (common.yes/common.no if present) or a column-specific phrase,assets.status.active,Active,,text-only,,boolean
metal_price_indices,sort_order,technical,hide,,,Sort order,,,integer
metal_price_indices,notes,text,verbatim,contracts.form.notes,Notes,,high,app/contracts/[id]/HeaderForm.tsx:130,text
metal_price_indices,created_at,audit_std,hide: the trail entry already says who and when,,,Created on,,,timestamp with time zone
metal_price_indices,updated_at,audit_std,hide: the trail entry already says who and when,,,Updated on,,,timestamp with time zone
metal_price_indices,updated_by,audit_std,hide: the trail entry already says who and when,,,Updated by,,,uuid
metal_price_indices,quote_currency_basis,enum,message keys contracts.col<V> (partial 1/2: house_assumption/contract; used on a page that reads this table),,,Quote currency basis,,,text
metal_prices,id,technical,hide: row identity (the trail names the record in its heading),,,ID,,,uuid
metal_prices,metal,dict,substances.name_en (via code),metalPrices.form.metal,Metal,,high,app/tools/pricing/metal-prices/new/NewMetalPriceForm.tsx:65,text
metal_prices,price_usd_per_tonne,money,"formatAmount(n, ""USD"") + "" per tonne"" (unit is in the column name)",metalPrices.colPricePerTonne,Price / tonne,,medium,app/tools/pricing/metal-prices/MetalPricesTable.tsx:67,numeric
metal_prices,price_date,date,"formatDate (lib/dates.ts:193) → today ""01 Sep 2026""; Tim now asks DD/MM/YYYY",metalPrices.form.priceDate,Price Date,,high,app/tools/pricing/metal-prices/new/NewMetalPriceForm.tsx:113,date
metal_prices,source,enum,"message keys metalPrices.source.<v> (registered in scripts/check-i18n.mjs, build-checked)",metalPrices.source.choose,Choose a source,,high,app/tools/pricing/metal-prices/SourcePicker.tsx:59,text
metal_prices,notes,text,verbatim,metalPrices.form.notes,Notes,,high,app/tools/pricing/metal-prices/new/NewMetalPriceForm.tsx:131,text
metal_prices,deleted_at,timestamp_audit,"formatAuditStamp (lib/dates.ts:251) → ""2026-09-01 14:33"" today; DD/MM/YYYY HH:MM if Tim confirms",changeHistory.op.DELETE,Deleted,,text-only,,timestamp with time zone
metal_prices,created_at,audit_std,hide: the trail entry already says who and when,,,Created on,,,timestamp with time zone
metal_prices,created_by,audit_std,hide: the trail entry already says who and when,,,Created by,,,uuid
metal_prices,updated_at,audit_std,hide: the trail entry already says who and when,,,Updated on,,,timestamp with time zone
metal_prices,updated_by,audit_std,hide: the trail entry already says who and when,,,Updated by,,,uuid
metal_prices,anomaly_check,jsonb,no generic rendering: needs a per-column renderer or hide (never raw JSON),,,Anomaly check,,,jsonb
metal_prices,price_index,dict,metal_price_indices.name_en (via code),metalPrices.form.priceIndex,Price index,,high,app/tools/pricing/metal-prices/[id]/edit/EditMetalPriceForm.tsx:118,text
metal_prices,source_reference,text,verbatim,,,Source reference,,,text
metal_prices,quote_delayed,boolean,words: Yes / No (common.yes/common.no if present) or a column-specific phrase,,,Quote delayed,,,boolean
notifications,id,technical,hide: row identity (the trail names the record in its heading),,,ID,,,uuid
notifications,occurred_at,timestamp_audit,"formatAuditStamp (lib/dates.ts:251) → ""2026-09-01 14:33"" today; DD/MM/YYYY HH:MM if Tim confirms",,,Occurred on,,,timestamp with time zone
notifications,event_type,enum,"message keys notifications.event.<v> (registered in scripts/check-i18n.mjs, build-checked)",,,Event type,,,text
notifications,subject_type,enum,message keys receive.<v> (partial 1/2: material/storage_location; key exists; not seen on a page that reads this table),,,Subject type,,,text
notifications,subject_id,uuid_nofk,"polymorphic / soft reference: resolve by the paired type column, else hide",,,Subject,,,uuid
notifications,subject_code,text_code,"text code without FK: resolve via its dictionary or message keys if one exists, else show verbatim",,,Subject code,,,text
notifications,payload,jsonb,no generic rendering: needs a per-column renderer or hide (never raw JSON),,,Payload,,,jsonb
notifications,actor_user_id,actor,bare auth-account uuid (no FK) → person name via loadActorNames (app/components/ActorName.tsx:49),,,Actor user,,,uuid
notifications,created_at,audit_std,hide: the trail entry already says who and when,,,Created on,,,timestamp with time zone
operation_kinds,code,own_key,show as-is: the record's own business key (code/number),,,Code,,,text
operation_kinds,name_en,text,verbatim,dict.f.nameEn,Name (EN),,text-only,,text
operation_kinds,name_zh,text,verbatim,dict.f.nameZh,Name (ZH),,text-only,,text
operation_kinds,consumes_input,boolean,words: Yes / No (common.yes/common.no if present) or a column-specific phrase,,,Consumes input,,,boolean
operation_kinds,produces_outputs,boolean,words: Yes / No (common.yes/common.no if present) or a column-specific phrase,,,Produces outputs,,,boolean
operation_kinds,is_active,boolean,words: Yes / No (common.yes/common.no if present) or a column-specific phrase,assets.status.active,Active,,text-only,,boolean
operation_kinds,sort_order,technical,hide,,,Sort order,,,integer
operation_kinds,notes,text,verbatim,assay.notes,Notes,,text-only,,text
operation_type_input_forms,operation_type_code,dict,operation_types.name_en (via code),,,Operation type,,,text
operation_type_input_forms,form_code,dict,material_forms.name_en (via code),materials.form.formAxis,Form,,text-only,,text
operation_type_input_forms,notes,text,verbatim,assay.notes,Notes,,text-only,,text
operation_type_output_forms,operation_type_code,dict,operation_types.name_en (via code),,,Operation type,,,text
operation_type_output_forms,form_code,dict,material_forms.name_en (via code),materials.form.formAxis,Form,,text-only,,text
operation_type_output_forms,notes,text,verbatim,assay.notes,Notes,,text-only,,text
operation_type_safety_states,operation_type_code,dict,operation_types.name_en (via code),,,Operation type,,,text
operation_type_safety_states,safety_state_code,dict,inbound_safety_states.name_en (via code),inbound.condition.safety,Safety state,,text-only,,text
operation_type_safety_states,resolves,boolean,words: Yes / No (common.yes/common.no if present) or a column-specific phrase,,,Resolves,,,boolean
operation_type_safety_states,notes,text,verbatim,assay.notes,Notes,,text-only,,text
operation_types,code,own_key,show as-is: the record's own business key (code/number),,,Code,,,text
operation_types,name_en,text,verbatim,dict.f.nameEn,Name (EN),,text-only,,text
operation_types,name_zh,text,verbatim,dict.f.nameZh,Name (ZH),,text-only,,text
operation_types,kind_code,dict,operation_kinds.name_en (via code),assay.colKind,Kind,,text-only,,text
operation_types,resulting_safety_state_code,dict,inbound_safety_states.name_en (via code),,,Resulting safety state,,,text
operation_types,is_active,boolean,words: Yes / No (common.yes/common.no if present) or a column-specific phrase,assets.status.active,Active,,text-only,,boolean
operation_types,sort_order,technical,hide,,,Sort order,,,integer
operation_types,notes,text,verbatim,output.sale.notes,Notes,,high,app/output/[id]/edit/SalePanel.tsx:330,text
output_batch_metals,output_batch_id,fk_document,"output_batches.code (document number, prefix OUT)",deleted.kind.output_batch,Output batch,,text-only,,uuid
output_batch_metals,metal,dict,substances.name_en (via code),traceability.colMetal,Metal,,high,app/output/[id]/edit/TraceabilityTables.tsx:176,text
output_batch_metals,content_pct,number,"number with unit (qty kg, %, rate); Intl en-US grouping",,,Content %,,,numeric
output_batch_metals,created_at,audit_std,hide: the trail entry already says who and when,,,Created on,,,timestamp with time zone
output_batch_metals,created_by,audit_std,hide: the trail entry already says who and when,,,Created by,,,uuid
output_batch_metals,updated_at,audit_std,hide: the trail entry already says who and when,,,Updated on,,,timestamp with time zone
output_batch_metals,updated_by,audit_std,hide: the trail entry already says who and when,,,Updated by,,,uuid
output_batch_metals,content_source,enum,message keys metalContent.source<V> (2/2 values; used on a page that reads this table),,,Content source,,,text
output_batch_metals,source_assay_id,fk_document,"assay_results.code (document number, prefix ASY)",,,Source assay,,,uuid
output_batch_purposes,code,own_key,show as-is: the record's own business key (code/number),,,Code,,,text
output_batch_purposes,name_en,text,verbatim,dict.f.nameEn,Name (EN),,text-only,,text
output_batch_purposes,name_zh,text,verbatim,dict.f.nameZh,Name (ZH),,text-only,,text
output_batch_purposes,is_saleable_stock,boolean,words: Yes / No (common.yes/common.no if present) or a column-specific phrase,,,Saleable stock,,,boolean
output_batch_purposes,is_active,boolean,words: Yes / No (common.yes/common.no if present) or a column-specific phrase,assets.status.active,Active,,text-only,,boolean
output_batch_purposes,sort_order,technical,hide,,,Sort order,,,integer
output_batch_purposes,notes,text,verbatim,output.sale.notes,Notes,,high,app/output/[id]/edit/SalePanel.tsx:330,text
output_batch_safety_states,output_batch_id,fk_document,"output_batches.code (document number, prefix OUT)",deleted.kind.output_batch,Output batch,,text-only,,uuid
output_batch_safety_states,safety_state_code,dict,inbound_safety_states.name_en (via code),inbound.condition.safety,Safety state,,text-only,,text
output_batch_safety_states,created_at,audit_std,hide: the trail entry already says who and when,,,Created on,,,timestamp with time zone
output_batch_safety_states,created_by,audit_std,hide: the trail entry already says who and when,,,Created by,,,uuid
output_batch_states,code,own_key,show as-is: the record's own business key (code/number),,,Code,,,text
output_batch_states,name_en,text,verbatim,dict.f.nameEn,Name (EN),,text-only,,text
output_batch_states,name_zh,text,verbatim,dict.f.nameZh,Name (ZH),,text-only,,text
output_batch_states,is_active,boolean,words: Yes / No (common.yes/common.no if present) or a column-specific phrase,assets.status.active,Active,,text-only,,boolean
output_batch_states,sort_order,technical,hide,,,Sort order,,,integer
output_batch_states,notes,text,verbatim,assay.notes,Notes,,text-only,,text
output_batches,id,technical,hide: row identity (the trail names the record in its heading),,,ID,,,uuid
output_batches,code,text,verbatim,,,Output batche number,,,text
output_batches,material_id,fk_document,"materials.code (document number, prefix MAT)",output.form.material,Material,,medium,app/output/[id]/edit/EditOutputForm.tsx:61,uuid
output_batches,quantity,number,"number with unit (qty kg, %, rate); Intl en-US grouping",output.colQuantity,Quantity,,high,app/output/OutputTable.tsx:71,numeric
output_batches,unit,enum_like,closed value set by convention but no single-column CHECK: needs a value→words map (history old_/new_ columns can reuse the parent column's keys),output.form.unit,Unit,,high,app/output/[id]/edit/EditOutputForm.tsx:131,text
output_batches,remaining_qty,number,"number with unit (qty kg, %, rate); Intl en-US grouping",warehouseRequest.quantity,Remaining quantity,,text-only,,numeric
output_batches,output_date,date,"formatDate (lib/dates.ts:193) → today ""01 Sep 2026""; Tim now asks DD/MM/YYYY",output.colOutputDate,Output Date,,high,app/output/OutputTable.tsx:73,date
output_batches,state,dict,output_batch_states.name_en (via code),output.colState,State,,high,app/output/OutputTable.tsx:75,text
output_batches,customer_id,fk_document,"customers.code (document number, prefix CUS)",output.form.customer,Customer,,high,app/output/[id]/edit/EditOutputForm.tsx:93,uuid
output_batches,purity,text,verbatim,output.form.purity,Purity / Grade,,high,app/output/[id]/edit/EditOutputForm.tsx:184,text
output_batches,notes,text,verbatim,output.form.notes,Notes,,high,app/output/[id]/edit/EditOutputForm.tsx:196,text
output_batches,status,enum_like,closed value set by convention but no single-column CHECK: needs a value→words map (history old_/new_ columns can reuse the parent column's keys),output.colStatus,Status,,high,app/output/OutputTable.tsx:88,text
output_batches,deleted_at,timestamp_audit,"formatAuditStamp (lib/dates.ts:251) → ""2026-09-01 14:33"" today; DD/MM/YYYY HH:MM if Tim confirms",changeHistory.op.DELETE,Deleted,,text-only,,timestamp with time zone
output_batches,created_at,audit_std,hide: the trail entry already says who and when,,,Created on,,,timestamp with time zone
output_batches,created_by,audit_std,hide: the trail entry already says who and when,,,Created by,,,uuid
output_batches,updated_at,audit_std,hide: the trail entry already says who and when,,,Updated on,,,timestamp with time zone
output_batches,updated_by,audit_std,hide: the trail entry already says who and when,,,Updated by,,,uuid
output_batches,deleted_by,actor,bare auth-account uuid (no FK) → person name via loadActorNames (app/components/ActorName.tsx:49),,,Deleted by,,,uuid
output_batches,delete_reason,text,verbatim,,,Delete reason,,,text
output_batches,purpose_code,dict,output_batch_purposes.name_en (via code),,,Purpose,,,text
output_batches,awaiting_operation_type_code,dict,operation_types.name_en (via code),,,Awaiting operation type,,,text
overtime_batches,id,technical,hide: row identity (the trail names the record in its heading),,,ID,,,uuid
overtime_batches,label,text,verbatim,batchLabel.col,Label,,text-only,,text
overtime_batches,period_month,date,"formatDate (lib/dates.ts:193) → today ""01 Sep 2026""; Tim now asks DD/MM/YYYY",,,Period month,,,date
overtime_batches,seq,technical,hide,,,Seq,,,integer
overtime_batches,status,enum,message keys overtime.status_<v> (6/6 values; used on a page that reads this table),overtime.colStatus,Status,,high,app/hr/overtime/BatchesTable.tsx:40,text
overtime_batches,created_at,audit_std,hide: the trail entry already says who and when,,,Created on,,,timestamp with time zone
overtime_batches,created_by,audit_std,hide: the trail entry already says who and when,,,Created by,,,uuid
overtime_batches,submitted_at,timestamp_audit,"formatAuditStamp (lib/dates.ts:251) → ""2026-09-01 14:33"" today; DD/MM/YYYY HH:MM if Tim confirms",gstFiling.colFrozen,Submitted,,text-only,,timestamp with time zone
overtime_batches,submitted_by,actor,bare auth-account uuid (no FK) → person name via loadActorNames (app/components/ActorName.tsx:49),,,Submitted by,,,uuid
overtime_batches,decided_at,timestamp_audit,"formatAuditStamp (lib/dates.ts:251) → ""2026-09-01 14:33"" today; DD/MM/YYYY HH:MM if Tim confirms",overtime.decidedBy,Decided by,,high,app/hr/overtime/[id]/page.tsx:119,timestamp with time zone
overtime_batches,decided_by,actor,bare auth-account uuid (no FK) → person name via loadActorNames (app/components/ActorName.tsx:49),overtime.decidedBy,Decided by,,high,app/hr/overtime/[id]/page.tsx:118,uuid
overtime_batches,decision_notes,text,verbatim,leave.decisionNotes,Decision notes,,text-only,,text
overtime_batches,reversed_at,timestamp_audit,"formatAuditStamp (lib/dates.ts:251) → ""2026-09-01 14:33"" today; DD/MM/YYYY HH:MM if Tim confirms",overtime.reversedBy,Reversed by,,high,app/hr/overtime/[id]/page.tsx:125,timestamp with time zone
overtime_batches,reversed_by,actor,bare auth-account uuid (no FK) → person name via loadActorNames (app/components/ActorName.tsx:49),overtime.reversedBy,Reversed by,,high,app/hr/overtime/[id]/page.tsx:124,uuid
overtime_batches,reverse_reason,text,verbatim,,,Reverse reason,,,text
overtime_batches,discarded_at,timestamp_audit,"formatAuditStamp (lib/dates.ts:251) → ""2026-09-01 14:33"" today; DD/MM/YYYY HH:MM if Tim confirms",overtime.status_discarded,Discarded,,text-only,,timestamp with time zone
overtime_batches,discarded_by,actor,bare auth-account uuid (no FK) → person name via loadActorNames (app/components/ActorName.tsx:49),,,Discarded by,,,uuid
overtime_lines,id,technical,hide: row identity (the trail names the record in its heading),,,ID,,,uuid
overtime_lines,batch_id,fk_other,overtime_batches: composed description (see target table),overtime.newBatch,New batch,,medium,app/hr/overtime/NewBatchForm.tsx:60,uuid
overtime_lines,employee_id,fk_person,"employees.id → person name: loadActorNames(…, employeeIds) space=""employee"" (app/components/ActorName.tsx:49,119); employee_lookup view for readers without hr.view",attendance.colEmployee,Employee,,text-only,,uuid
overtime_lines,work_date,date,"formatDate (lib/dates.ts:193) → today ""01 Sep 2026""; Tim now asks DD/MM/YYYY",,,Work date,,,date
overtime_lines,hours,number,"number with unit (qty kg, %, rate); Intl en-US grouping",overtime.colHours,Hours,,high,app/hr/overtime/BatchesTable.tsx:49,"numeric(4,2)"
overtime_lines,day_kind,enum,message keys overtime.dayKind_<v> (3/3 values; key exists; not seen on a page that reads this table),,,Day kind,,,text
overtime_lines,note,text,verbatim,attendance.colNote,Note,,text-only,,text
overtime_lines,created_at,audit_std,hide: the trail entry already says who and when,,,Created on,,,timestamp with time zone
overtime_lines,created_by,audit_std,hide: the trail entry already says who and when,,,Created by,,,uuid
overtime_lines,voided_at,timestamp_audit,"formatAuditStamp (lib/dates.ts:251) → ""2026-09-01 14:33"" today; DD/MM/YYYY HH:MM if Tim confirms",finance.invoiceRequest.kind.void,Void,,text-only,,timestamp with time zone
payment_allocations,id,technical,hide: row identity (the trail names the record in its heading),,,ID,,,uuid
payment_allocations,payment_id,fk_document,"payments.code (document number, prefix RCPT)",expense.colStatus,Payment,,text-only,,uuid
payment_allocations,sales_record_id,fk_other,sales_records: composed description (see target table),,,Sales record,,,uuid
payment_allocations,inbound_batch_id,fk_document,"inbound_batches.code (document number, prefix IN)",deleted.kind.inbound_batch,Inbound batch,,text-only,,uuid
payment_allocations,allocated_base,money,"formatAmount(n, base currency from getBaseCurrency lib/currency.ts:16) (lib/format.ts:32)",finance.colAllocated,Allocated,,text-only,,numeric
payment_allocations,created_at,audit_std,hide: the trail entry already says who and when,,,Created on,,,timestamp with time zone
payment_allocations,expense_id,fk_document,"expenses.code (document number, prefix EXP)",assets.detail.colExpense,Expense,,text-only,,uuid
payment_allocations,purchase_order_id,fk_document,"purchase_orders.code (document number, prefix PO)",deleted.kind.purchase_order,Purchase order,,text-only,,uuid
payment_allocations,allocated_ccy,money,"formatAmount(n, payments.currency via payment_id) (lib/format.ts:32)",finance.colAllocated,Allocated,,text-only,,numeric
payment_allocations,allocated_pay,money,"formatAmount(n, payments.currency via payment_id) (lib/format.ts:32)",,,Allocated pay,,,numeric
payment_allocations,freight_document_id,fk_document,"freight_documents.code (document number, prefix FRT)",search.docType.freight_document,Freight documents,,text-only,,uuid
payment_allocations,invoice_id,fk_document,"invoices.code (document number, prefix INV)",chases.subject_invoice,Invoice,,text-only,,uuid
payment_allocations,withheld_pay,money,"formatAmount(n, payments.currency via payment_id) (lib/format.ts:32)",,,Withheld pay,,,numeric
payment_allocations,withheld_base,money,"formatAmount(n, base currency from getBaseCurrency lib/currency.ts:16) (lib/format.ts:32)",wht.colWithheld,Withheld,,text-only,,numeric
payment_event_owners,trigger_event,own_key,show as-is: the record's own business key (code/number),,,Trigger event,,,text
payment_event_owners,owner_name,text,verbatim,,,Owner name,,,text
payment_event_owners,note,text,verbatim,attendance.colNote,Note,,text-only,,text
payment_event_owners,updated_at,audit_std,hide: the trail entry already says who and when,,,Updated on,,,timestamp with time zone
payment_event_owners,updated_by,audit_std,hide: the trail entry already says who and when,,,Updated by,,,uuid
payment_requests,id,technical,hide: row identity (the trail names the record in its heading),,,ID,,,uuid
payment_requests,code,text,verbatim,,,Payment request number,,,text
payment_requests,kind,enum,"message keys finance.paymentRequests.kind.<v> (registered in scripts/check-i18n.mjs, build-checked)",finance.paymentRequests.colKind,Type,,high,app/finance/payment-requests/PaymentRequestsTable.tsx:43,text
payment_requests,status,enum,"message keys finance.paymentRequests.status.<v> (registered in scripts/check-i18n.mjs, build-checked)",finance.colStatus,Status,,high,app/finance/payment-requests/PaymentRequestsTable.tsx:52,text
payment_requests,counterparty_type,enum,message keys search.docType.<v> (3/3 values; key exists; not seen on a page that reads this table),,,Counterparty type,,,text
payment_requests,supplier_id,fk_document,"suppliers.code (document number, prefix SUP)",expense.form.supplier,Supplier,,text-only,,uuid
payment_requests,employee_id,fk_person,"employees.id → person name: loadActorNames(…, employeeIds) space=""employee"" (app/components/ActorName.tsx:49,119); employee_lookup view for readers without hr.view",attendance.colEmployee,Employee,,text-only,,uuid
payment_requests,customer_id,fk_document,"customers.code (document number, prefix CUS)",cn.colCustomer,Customer,,text-only,,uuid
payment_requests,amount_ccy,money,"formatAmount(n, row.currency) (lib/format.ts:32)",finance.amount,Amount,,high,app/finance/payment-requests/PaymentRequestsTable.tsx:48,numeric
payment_requests,currency,currency,"show the ISO code (currencies.code; every page shows the code, e.g. ""SGD"")",assets.history.field.currency,Currency,,text-only,,text
payment_requests,amount_base,money,"formatAmount(n, base currency from getBaseCurrency lib/currency.ts:16) (lib/format.ts:32)",wht.colAmount,Amount,,high,app/finance/wht/WhtTables.tsx:90,numeric
payment_requests,fx_rate,number,"number with unit (qty kg, %, rate); Intl en-US grouping",hr.colFxRate,FX rate,,text-only,,numeric
payment_requests,bank_account_code,text_code,"text code without FK: resolve via its dictionary or message keys if one exists, else show verbatim",finance.bankAccount,Bank account,,high,app/finance/payments/[id]/page.tsx:264,text
payment_requests,planned_date,date,"formatDate (lib/dates.ts:193) → today ""01 Sep 2026""; Tim now asks DD/MM/YYYY",finance.plannedPaymentDate,Planned payment date,,high,app/finance/payment-requests/[id]/page.tsx:199,date
payment_requests,allocations,jsonb,no generic rendering: needs a per-column renderer or hide (never raw JSON),finance.source.allocation,Allocation,,text-only,,jsonb
payment_requests,payment_id,fk_document,"payments.code (document number, prefix RCPT)",finance.plannedPaymentDate,Planned payment date,,high,app/finance/payment-requests/[id]/page.tsx:200,uuid
payment_requests,notes,text,verbatim,wht.remitNotes,Notes,,high,app/finance/wht/WhtControls.tsx:80,text
payment_requests,decided_at,timestamp_audit,"formatAuditStamp (lib/dates.ts:251) → ""2026-09-01 14:33"" today; DD/MM/YYYY HH:MM if Tim confirms",finance.paymentRequests.decidedAt,Decided,,high,app/finance/payment-requests/[id]/page.tsx:265,timestamp with time zone
payment_requests,decided_by,actor,bare auth-account uuid (no FK) → person name via loadActorNames (app/components/ActorName.tsx:49),finance.selfApproved.colDecider,Decided by,,text-only,,uuid
payment_requests,decision_notes,text,verbatim,finance.paymentRequests.decisionNotes,Decision note,,high,app/finance/payment-requests/[id]/page.tsx:270,text
payment_requests,withdrawn_at,timestamp_audit,"formatAuditStamp (lib/dates.ts:251) → ""2026-09-01 14:33"" today; DD/MM/YYYY HH:MM if Tim confirms",finance.paymentRequests.withdrawnAt,Withdrawn,,high,app/finance/payment-requests/[id]/page.tsx:281,timestamp with time zone
payment_requests,withdrawn_by,actor,bare auth-account uuid (no FK) → person name via loadActorNames (app/components/ActorName.tsx:49),,,Withdrawn by,,,uuid
payment_requests,paid_at,timestamp_audit,"formatAuditStamp (lib/dates.ts:251) → ""2026-09-01 14:33"" today; DD/MM/YYYY HH:MM if Tim confirms",claims.state_paid,Paid,,text-only,,timestamp with time zone
payment_requests,paid_by,actor,bare auth-account uuid (no FK) → person name via loadActorNames (app/components/ActorName.tsx:49),,,Paid by,,,uuid
payment_requests,result_payment_id,fk_document,"payments.code (document number, prefix RCPT)",,,Result payment,,,uuid
payment_requests,created_at,audit_std,hide: the trail entry already says who and when,,,Created on,,,timestamp with time zone
payment_requests,created_by,audit_std,hide: the trail entry already says who and when,,,Created by,,,uuid
payment_requests,to_account_code,text_code,"text code without FK: resolve via its dictionary or message keys if one exists, else show verbatim",bank.colAccount,Account,,text-only,,text
payment_requests,amount_in,money,"formatAmount(n, row.currency) (lib/format.ts:32)",finance.transfer.amountIn,Amount in (dest ccy),,high,app/finance/payment-requests/[id]/page.tsx:183,numeric
payment_requests,bank_reference,text,verbatim,finance.transfer.reference,Bank reference,,high,app/finance/payment-requests/[id]/page.tsx:186,text
payment_requests,transfer_id,fk_other,bank_transfers: composed description (see target table),finance.source.transfer,Transfer,,text-only,,uuid
payment_requests,period_month,date,"formatDate (lib/dates.ts:193) → today ""01 Sep 2026""; Tim now asks DD/MM/YYYY",,,Period month,,,date
payment_requests,filed_reference,text,verbatim,,,Filed reference,,,text
payment_requests,wht_remittance_id,fk_document,"wht_remittances.code (document number, prefix WHT)",,,WHT remittance,,,uuid
payment_requests,result_transfer_id,fk_other,bank_transfers: composed description (see target table),,,Result transfer,,,uuid
payment_requests,result_journal_entry_id,fk_document,"journal_entries.code (document number, prefix JE)",,,Result journal entry,,,uuid
payment_term_template_lines,id,technical,hide: row identity (the trail names the record in its heading),,,ID,,,uuid
payment_term_template_lines,template_id,fk_other,payment_term_templates: composed description (see target table),,,Template,,,uuid
payment_term_template_lines,seq,technical,hide,,,Seq,,,integer
payment_term_template_lines,label,text,verbatim,purchasing.colLabel,Label,,high,app/purchasing/payment-terms/TemplateForm.tsx:173,text
payment_term_template_lines,percentage,number,"number with unit (qty kg, %, rate); Intl en-US grouping",purchasing.form.percentage,Percentage,,high,app/purchasing/payment-terms/TemplateForm.tsx:207,numeric
payment_term_template_lines,fixed_amount_ccy,money,"formatAmount(n, payment_term_templates.currency via template_id) (lib/format.ts:32)",commissions.basis.fixed_amount,Fixed amount,,text-only,,numeric
payment_term_template_lines,trigger_event,dict,payment_trigger_events.name_en (via code),,,Trigger event,,,text
payment_term_template_lines,days_offset,number,"number with unit (qty kg, %, rate); Intl en-US grouping",,,Days offset,,,integer
payment_term_template_lines,notes,text,verbatim,purchasing.form.notes,Notes,,high,app/purchasing/orders/new/NewOrderForm.tsx:680,text
payment_term_template_lines,created_at,audit_std,hide: the trail entry already says who and when,,,Created on,,,timestamp with time zone
payment_term_templates,id,technical,hide: row identity (the trail names the record in its heading),,,ID,,,uuid
payment_term_templates,name,text,verbatim,suppliers.attachments.colName,File,,high,app/suppliers/[id]/edit/AttachmentsPanel.tsx:179,text
payment_term_templates,description,text,verbatim,purchasing.colDescription,Description,,high,app/purchasing/payment-terms/TemplatesTable.tsx:31,text
payment_term_templates,is_active,boolean,words: Yes / No (common.yes/common.no if present) or a column-specific phrase,pricing.form.active,Active,,high,app/purchasing/payment-terms/TemplatesTable.tsx:40,boolean
payment_term_templates,deleted_at,timestamp_audit,"formatAuditStamp (lib/dates.ts:251) → ""2026-09-01 14:33"" today; DD/MM/YYYY HH:MM if Tim confirms",changeHistory.op.DELETE,Deleted,,text-only,,timestamp with time zone
payment_term_templates,created_at,audit_std,hide: the trail entry already says who and when,,,Created on,,,timestamp with time zone
payment_term_templates,created_by,audit_std,hide: the trail entry already says who and when,,,Created by,,,uuid
payment_term_templates,updated_at,audit_std,hide: the trail entry already says who and when,,,Updated on,,,timestamp with time zone
payment_term_templates,updated_by,audit_std,hide: the trail entry already says who and when,,,Updated by,,,uuid
payment_term_templates,currency,currency,"show the ISO code (currencies.code; every page shows the code, e.g. ""SGD"")",purchasing.form.currency,Currency,,high,app/purchasing/orders/new/NewOrderForm.tsx:648,text
payment_trigger_events,code,own_key,show as-is: the record's own business key (code/number),,,Code,,,text
payment_trigger_events,name_en,text,verbatim,dict.f.nameEn,Name (EN),,text-only,,text
payment_trigger_events,name_zh,text,verbatim,dict.f.nameZh,Name (ZH),,text-only,,text
payment_trigger_events,phrase_en,text,verbatim,,,Phrase en,,,text
payment_trigger_events,applies_to_material,boolean,words: Yes / No (common.yes/common.no if present) or a column-specific phrase,,,Applies to material,,,boolean
payment_trigger_events,applies_to_equipment,boolean,words: Yes / No (common.yes/common.no if present) or a column-specific phrase,,,Applies to equipment,,,boolean
payment_trigger_events,can_anchor_retention,boolean,words: Yes / No (common.yes/common.no if present) or a column-specific phrase,,,Can anchor retention,,,boolean
payment_trigger_events,sort_order,technical,hide,,,Sort order,,,integer
payment_trigger_events,is_active,boolean,words: Yes / No (common.yes/common.no if present) or a column-specific phrase,assets.status.active,Active,,text-only,,boolean
payment_trigger_events,created_at,audit_std,hide: the trail entry already says who and when,,,Created on,,,timestamp with time zone
payments,id,technical,hide: row identity (the trail names the record in its heading),,,ID,,,uuid
payments,code,text,verbatim,,,Payment number,,,text
payments,direction,enum,"message keys finance.direction.<v> (registered in scripts/check-i18n.mjs, build-checked)",cashForecast.direction,Direction,,text-only,,text
payments,counterparty_type,enum,message keys search.docType.<v> (3/3 values; key exists; not seen on a page that reads this table),,,Counterparty type,,,text
payments,customer_id,fk_document,"customers.code (document number, prefix CUS)",cn.colCustomer,Customer,,text-only,,uuid
payments,supplier_id,fk_document,"suppliers.code (document number, prefix SUP)",expense.form.supplier,Supplier,,text-only,,uuid
payments,amount_ccy,money,"formatAmount(n, row.currency) (lib/format.ts:32)",finance.amount,Amount,,medium,app/finance/payments/PaymentsTable.tsx:52,numeric
payments,currency,currency,"show the ISO code (currencies.code; every page shows the code, e.g. ""SGD"")",assets.history.field.currency,Currency,,text-only,,text
payments,fx_rate,number,"number with unit (qty kg, %, rate); Intl en-US grouping",hr.colFxRate,FX rate,,text-only,,numeric
payments,amount_base,money,"formatAmount(n, base currency from getBaseCurrency lib/currency.ts:16) (lib/format.ts:32)",assets.detail.colAmountCcy,Amount,,text-only,,numeric
payments,bank_account_code,enum,message keys finance.bank.<v> (2/2 values; used on a page that reads this table),finance.bankAccount,Bank account,,high,app/finance/payment-requests/[id]/page.tsx:198,text
payments,payment_date,date,"formatDate (lib/dates.ts:193) → today ""01 Sep 2026""; Tim now asks DD/MM/YYYY",finance.paymentDate,Payment date,,high,app/finance/payments/[id]/page.tsx:231,date
payments,notes,text,verbatim,assay.notes,Notes,,text-only,,text
payments,journal_entry_id,fk_document,"journal_entries.code (document number, prefix JE)",assay.journalLink,Journal entry,,text-only,,uuid
payments,status,enum,message keys finance.status.<v> (2/2 values; used on a page that reads this table),finance.colStatus,Status,,high,app/finance/payments/PaymentsTable.tsx:63,text
payments,reversed_by_payment,fk_document,"payments.code (document number, prefix RCPT)",,,Reversed by payment,,,uuid
payments,created_at,audit_std,hide: the trail entry already says who and when,,,Created on,,,timestamp with time zone
payments,created_by,audit_std,hide: the trail entry already says who and when,,,Created by,,,uuid
payments,employee_id,fk_person,"employees.id → person name: loadActorNames(…, employeeIds) space=""employee"" (app/components/ActorName.tsx:49,119); employee_lookup view for readers without hr.view",attendance.colEmployee,Employee,,text-only,,uuid
payroll_lines,id,technical,hide: row identity (the trail names the record in its heading),,,ID,,,uuid
payroll_lines,payroll_period_id,fk_document,"payroll_periods.code (document number, prefix PAY)",,,Payroll period,,,uuid
payroll_lines,employee_id,fk_person,"employees.id → person name: loadActorNames(…, employeeIds) space=""employee"" (app/components/ActorName.tsx:49,119); employee_lookup view for readers without hr.view",finance.payrollPay.colEmployee,Employee,,high,app/finance/payroll-payments/PayPanel.tsx:110,uuid
payroll_lines,gross_pay,money,"formatAmount(n, payroll_periods.currency via payroll_period_id) (lib/format.ts:32)",hr.colGross,Gross pay,,high,app/hr/payroll/PayrollGrid.tsx:209,numeric
payroll_lines,employer_cpf,money,"formatAmount(n, payroll_periods.currency via payroll_period_id) (lib/format.ts:32)",me.employerCpf,Employer CPF,,high,app/me/MyPayslipsTable.tsx:59,numeric
payroll_lines,employee_cpf,money,"formatAmount(n, payroll_periods.currency via payroll_period_id) (lib/format.ts:32)",me.employeeCpf,Employee CPF,,high,app/me/MyPayslipsTable.tsx:62,numeric
payroll_lines,other_deductions,money,"formatAmount(n, payroll_periods.currency via payroll_period_id) (lib/format.ts:32)",,,Other deductions,,,numeric
payroll_lines,net_pay,money,"formatAmount(n, payroll_periods.currency via payroll_period_id) (lib/format.ts:32)",finance.payrollPay.colAmount,Net pay,,high,app/finance/payroll-payments/PayPanel.tsx:116,numeric
payroll_lines,notes,text,verbatim,hr.colNotes,Notes,,high,app/hr/employees/[id]/page.tsx:375,text
payroll_lines,created_at,audit_std,hide: the trail entry already says who and when,,,Created on,,,timestamp with time zone
payroll_lines,paid_at,timestamp_audit,"formatAuditStamp (lib/dates.ts:251) → ""2026-09-01 14:33"" today; DD/MM/YYYY HH:MM if Tim confirms",claims.state_paid,Paid,,text-only,,timestamp with time zone
payroll_lines,paid_journal_entry_id,fk_document,"journal_entries.code (document number, prefix JE)",,,Paid journal entry,,,uuid
payroll_periods,id,technical,hide: row identity (the trail names the record in its heading),,,ID,,,uuid
payroll_periods,code,text,verbatim,,,Payroll period number,,,text
payroll_periods,period_month,date,"formatDate (lib/dates.ts:193) → today ""01 Sep 2026""; Tim now asks DD/MM/YYYY",,,Period month,,,date
payroll_periods,payment_date,date,"formatDate (lib/dates.ts:193) → today ""01 Sep 2026""; Tim now asks DD/MM/YYYY",hr.colPaymentDate,Payment date,,high,app/hr/payroll/PayrollPeriodsTable.tsx:48,date
payroll_periods,currency,currency,"show the ISO code (currencies.code; every page shows the code, e.g. ""SGD"")",expenseClaims.currency,Currency,,high,app/me/MyExpenseClaimsPanel.tsx:187,text
payroll_periods,fx_rate,number,"number with unit (qty kg, %, rate); Intl en-US grouping",hr.colFxRate,FX rate,,medium,app/hr/payroll/PayrollGrid.tsx:388,numeric
payroll_periods,status,enum,"message keys hr.payrollStatus.<v> (registered in scripts/check-i18n.mjs, build-checked)",leave.status,Status,,high,app/me/MyLeavePanel.tsx:102,text
payroll_periods,gross_total,money,"formatAmount(n, row.currency) (lib/format.ts:32)",hr.colGrossTotal,Gross total,,high,app/hr/payroll/PayrollPeriodsTable.tsx:52,numeric
payroll_periods,employer_cpf_total,money,"formatAmount(n, row.currency) (lib/format.ts:32)",,,Employer CPF total,,,numeric
payroll_periods,employee_cpf_total,money,"formatAmount(n, row.currency) (lib/format.ts:32)",,,Employee CPF total,,,numeric
payroll_periods,other_deductions_total,money,"formatAmount(n, row.currency) (lib/format.ts:32)",,,Other deductions total,,,numeric
payroll_periods,net_pay_total,money,"formatAmount(n, row.currency) (lib/format.ts:32)",,,Net pay total,,,numeric
payroll_periods,journal_entry_id,fk_document,"journal_entries.code (document number, prefix JE)",assay.journalLink,Journal entry,,high,app/hr/payroll/[id]/page.tsx:222,uuid
payroll_periods,source_note,text,verbatim,hr.colSourceNote,Source,,high,app/hr/payroll/[id]/page.tsx:233,text
payroll_periods,notes,text,verbatim,hr.colNotes,Notes,,high,app/hr/payroll/[id]/page.tsx:241,text
payroll_periods,deleted_at,timestamp_audit,"formatAuditStamp (lib/dates.ts:251) → ""2026-09-01 14:33"" today; DD/MM/YYYY HH:MM if Tim confirms",changeHistory.op.DELETE,Deleted,,text-only,,timestamp with time zone
payroll_periods,created_at,audit_std,hide: the trail entry already says who and when,,,Created on,,,timestamp with time zone
payroll_periods,created_by,audit_std,hide: the trail entry already says who and when,,,Created by,,,uuid
payroll_periods,updated_at,audit_std,hide: the trail entry already says who and when,,,Updated on,,,timestamp with time zone
payroll_periods,updated_by,audit_std,hide: the trail entry already says who and when,,,Updated by,,,uuid
payroll_periods,cpf_paid_at,date,"formatDate (lib/dates.ts:193) → today ""01 Sep 2026""; Tim now asks DD/MM/YYYY",,,CPF paid on,,,date
payroll_periods,cpf_journal_entry_id,fk_document,"journal_entries.code (document number, prefix JE)",,,CPF journal entry,,,uuid
payroll_periods,deductions_paid_at,date,"formatDate (lib/dates.ts:193) → today ""01 Sep 2026""; Tim now asks DD/MM/YYYY",,,Deductions paid on,,,date
payroll_periods,deductions_journal_entry_id,fk_document,"journal_entries.code (document number, prefix JE)",,,Deductions journal entry,,,uuid
payroll_requests,id,technical,hide: row identity (the trail names the record in its heading),,,ID,,,uuid
payroll_requests,payroll_period_id,fk_document,"payroll_periods.code (document number, prefix PAY)",,,Payroll period,,,uuid
payroll_requests,kind,enum,"message keys hr.payrollRequest.kind.<v> (registered in scripts/check-i18n.mjs, build-checked)",assay.colKind,Kind,,text-only,,text
payroll_requests,status,enum,"message keys hr.payrollRequest.status.<v> (registered in scripts/check-i18n.mjs, build-checked)",hr.colStatus,Status,,high,app/hr/payroll/PayrollPeriodsTable.tsx:61,text
payroll_requests,label,text,verbatim,hr.payrollRequest.label,Request,,high,app/hr/payroll/[id]/PostControls.tsx:155,text
payroll_requests,snapshot,jsonb,no generic rendering: needs a per-column renderer or hide (never raw JSON),breadcrumb.snapshot,Snapshot,,text-only,,jsonb
payroll_requests,currency,currency,"show the ISO code (currencies.code; every page shows the code, e.g. ""SGD"")",hr.colCurrency,Currency,,high,app/hr/payroll/PayrollPeriodsTable.tsx:49,text
payroll_requests,fx_rate,number,"number with unit (qty kg, %, rate); Intl en-US grouping",hr.colFxRate,FX rate,,medium,app/hr/payroll/PayrollGrid.tsx:388,numeric
payroll_requests,gross_total,money,"formatAmount(n, row.currency) (lib/format.ts:32)",hr.colGrossTotal,Gross total,,high,app/hr/payroll/PayrollPeriodsTable.tsx:52,numeric
payroll_requests,amount_base,money,"formatAmount(n, base currency from getBaseCurrency lib/currency.ts:16) (lib/format.ts:32)",assets.detail.colAmountCcy,Amount,,text-only,,numeric
payroll_requests,notes,text,verbatim,hr.colNotes,Notes,,high,app/hr/payroll/[id]/page.tsx:241,text
payroll_requests,decided_at,timestamp_audit,"formatAuditStamp (lib/dates.ts:251) → ""2026-09-01 14:33"" today; DD/MM/YYYY HH:MM if Tim confirms",finance.paymentRequests.decidedAt,Decided,,text-only,,timestamp with time zone
payroll_requests,decided_by,actor,bare auth-account uuid (no FK) → person name via loadActorNames (app/components/ActorName.tsx:49),finance.selfApproved.colDecider,Decided by,,text-only,,uuid
payroll_requests,decision_notes,text,verbatim,hr.payrollRequest.decisionNotes,CFO's note,,high,app/hr/payroll/[id]/PostControls.tsx:167,text
payroll_requests,withdrawn_at,timestamp_audit,"formatAuditStamp (lib/dates.ts:251) → ""2026-09-01 14:33"" today; DD/MM/YYYY HH:MM if Tim confirms",assetDisposal.status.withdrawn,withdrawn,,text-only,,timestamp with time zone
payroll_requests,withdrawn_by,actor,bare auth-account uuid (no FK) → person name via loadActorNames (app/components/ActorName.tsx:49),,,Withdrawn by,,,uuid
payroll_requests,executed_at,timestamp_audit,"formatAuditStamp (lib/dates.ts:251) → ""2026-09-01 14:33"" today; DD/MM/YYYY HH:MM if Tim confirms",,,Executed on,,,timestamp with time zone
payroll_requests,executed_by,actor,bare auth-account uuid (no FK) → person name via loadActorNames (app/components/ActorName.tsx:49),,,Executed by,,,uuid
payroll_requests,result_journal_entry_id,fk_document,"journal_entries.code (document number, prefix JE)",,,Result journal entry,,,uuid
payroll_requests,created_at,audit_std,hide: the trail entry already says who and when,,,Created on,,,timestamp with time zone
payroll_requests,created_by,audit_std,hide: the trail entry already says who and when,,,Created by,,,uuid
performance_reviews,id,technical,hide: row identity (the trail names the record in its heading),,,ID,,,uuid
performance_reviews,employee_id,fk_person,"employees.id → person name: loadActorNames(…, employeeIds) space=""employee"" (app/components/ActorName.tsx:49,119); employee_lookup view for readers without hr.view",attendance.colEmployee,Employee,,text-only,,uuid
performance_reviews,review_type,enum,"message keys reviews.type_<v> (registered in scripts/check-i18n.mjs, build-checked)",,,Review type,,,text
performance_reviews,cycle_id,fk_other,review_cycles: composed description (see target table),reviews.openCycle,Open cycle,,high,app/hr/reviews/cycles/CycleActions.tsx:31,uuid
performance_reviews,period_start,date,"formatDate (lib/dates.ts:193) → today ""01 Sep 2026""; Tim now asks DD/MM/YYYY",bank.periodStart,Period start,,text-only,,date
performance_reviews,period_end,date,"formatDate (lib/dates.ts:193) → today ""01 Sep 2026""; Tim now asks DD/MM/YYYY",assets.depPeriodEnd,Period end,,text-only,,date
performance_reviews,reviewer_employee_id,fk_person,"employees.id → person name: loadActorNames(…, employeeIds) space=""employee"" (app/components/ActorName.tsx:49,119); employee_lookup view for readers without hr.view",,,Reviewer employee,,,uuid
performance_reviews,status,enum,"message keys reviews.status_<v> (registered in scripts/check-i18n.mjs, build-checked)",reviews.status,Status,,high,app/hr/reviews/ReviewsTable.tsx:60,text
performance_reviews,rating_code,dict,review_rating_scale.name_en (via code),reviews.rating,Rating,,high,app/hr/reviews/[id]/page.tsx:203,text
performance_reviews,summary_text,text,verbatim,,,Summary text,,,text
performance_reviews,self_assessment_text,text,verbatim,reviews.selfText,Overall self-assessment,,medium,app/me/MySelfAssessmentPanel.tsx:217,text
performance_reviews,probation_outcome,enum,"message keys reviews.outcome_<v> (registered in scripts/check-i18n.mjs, build-checked)",reviews.probationOutcome,Probation outcome,,high,app/hr/reviews/[id]/page.tsx:302,text
performance_reviews,new_monthly_salary,money,NO determinable currency column,reviews.newSalary,New monthly salary,,high,app/hr/reviews/[id]/page.tsx:209,numeric
performance_reviews,salary_effective_date,date,"formatDate (lib/dates.ts:193) → today ""01 Sep 2026""; Tim now asks DD/MM/YYYY",reviews.salaryEffective,Effective from,,medium,app/me/MyReviewsPanel.tsx:149,date
performance_reviews,submitted_at,timestamp_audit,"formatAuditStamp (lib/dates.ts:251) → ""2026-09-01 14:33"" today; DD/MM/YYYY HH:MM if Tim confirms",gstFiling.colFrozen,Submitted,,text-only,,timestamp with time zone
performance_reviews,submitted_by,actor,bare auth-account uuid (no FK) → person name via loadActorNames (app/components/ActorName.tsx:49),,,Submitted by,,,uuid
performance_reviews,approved_at,timestamp_audit,"formatAuditStamp (lib/dates.ts:251) → ""2026-09-01 14:33"" today; DD/MM/YYYY HH:MM if Tim confirms",assetDisposal.status.approved,approved,,text-only,,timestamp with time zone
performance_reviews,approved_by,actor,bare auth-account uuid (no FK) → person name via loadActorNames (app/components/ActorName.tsx:49),,,Approved by,,,uuid
performance_reviews,acknowledged_at,timestamp_audit,"formatAuditStamp (lib/dates.ts:251) → ""2026-09-01 14:33"" today; DD/MM/YYYY HH:MM if Tim confirms",reviews.status_acknowledged,Acknowledged,,text-only,,timestamp with time zone
performance_reviews,void_reason,text,verbatim,reviews.voidReason,Void reason,,high,app/hr/reviews/ReviewActions.tsx:175,text
performance_reviews,voided_at,timestamp_audit,"formatAuditStamp (lib/dates.ts:251) → ""2026-09-01 14:33"" today; DD/MM/YYYY HH:MM if Tim confirms",finance.invoiceRequest.kind.void,Void,,text-only,,timestamp with time zone
performance_reviews,voided_by,actor,bare auth-account uuid (no FK) → person name via loadActorNames (app/components/ActorName.tsx:49),,,Voided by,,,uuid
performance_reviews,notes,text,verbatim,leave.notes,Notes,,high,app/hr/reviews/cycles/CycleForm.tsx:66,text
performance_reviews,created_at,audit_std,hide: the trail entry already says who and when,,,Created on,,,timestamp with time zone
performance_reviews,created_by,audit_std,hide: the trail entry already says who and when,,,Created by,,,uuid
performance_reviews,updated_at,audit_std,hide: the trail entry already says who and when,,,Updated on,,,timestamp with time zone
performance_reviews,updated_by,audit_std,hide: the trail entry already says who and when,,,Updated by,,,uuid
performance_reviews,self_assessment_submitted_at,timestamp_audit,"formatAuditStamp (lib/dates.ts:251) → ""2026-09-01 14:33"" today; DD/MM/YYYY HH:MM if Tim confirms",,,Self assessment submitted on,,,timestamp with time zone
period_closes,id,technical,hide: row identity (the trail names the record in its heading),,,ID,,,uuid
period_closes,period_end,date,"formatDate (lib/dates.ts:193) → today ""01 Sep 2026""; Tim now asks DD/MM/YYYY",finance.colPeriodEnd,Period end,,high,app/finance/close/CloseHistoryTable.tsx:45,date
period_closes,closed_at,timestamp_audit,"formatAuditStamp (lib/dates.ts:251) → ""2026-09-01 14:33"" today; DD/MM/YYYY HH:MM if Tim confirms",finance.colClosedAt,Closed at,,high,app/finance/close/CloseHistoryTable.tsx:47,timestamp with time zone
period_closes,closed_by,actor,bare auth-account uuid (no FK) → person name via loadActorNames (app/components/ActorName.tsx:49),,,Closed by,,,uuid
period_closes,notes,text,verbatim,assay.notes,Notes,,text-only,,text
period_closes,entries_count,number,"number with unit (qty kg, %, rate); Intl en-US grouping",finance.entriesCount,Entries,,high,app/finance/close/page.tsx:226,integer
period_closes,total_debits,money,NO determinable currency column,,,Total debits,,,numeric
period_closes,total_credits,money,NO determinable currency column,cn.totalLabel,Total credited,,text-only,,numeric
period_closes,reopened_at,timestamp_audit,"formatAuditStamp (lib/dates.ts:251) → ""2026-09-01 14:33"" today; DD/MM/YYYY HH:MM if Tim confirms",bank.unreconcile,Reopen,,text-only,,timestamp with time zone
period_closes,reopened_by,actor,bare auth-account uuid (no FK) → person name via loadActorNames (app/components/ActorName.tsx:49),,,Reopened by,,,uuid
period_closes,reopen_reason,text,verbatim,finance.yearClose.reopenReason,Reason (required),,high,app/finance/close/YearClosePanel.tsx:78,text
permissions,code,own_key,show as-is: the record's own business key (code/number),,,Code,,,text
permissions,category,enum,message keys permissions.cat<V> (3/3 values; used on a page that reads this table),assets.colCategory,Category,,text-only,,text
permissions,name_en,text,verbatim,dict.f.nameEn,Name (EN),,text-only,,text
permissions,name_zh,text,verbatim,dict.f.nameZh,Name (ZH),,text-only,,text
permissions,description_en,text,verbatim,permissions.descriptionEn,Description (EN),,text-only,,text
permissions,description_zh,text,verbatim,permissions.descriptionZh,Description (ZH),,text-only,,text
permissions,sort_order,technical,hide,,,Sort order,,,integer
po_issues,id,technical,hide: row identity (the trail names the record in its heading),,,ID,,,uuid
po_issues,purchase_order_id,fk_document,"purchase_orders.code (document number, prefix PO)",deleted.kind.purchase_order,Purchase order,,text-only,,uuid
po_issues,version,technical,hide,,,Version,,,integer
po_issues,file_path,technical,hide,,,File path,,,text
po_issues,sha256,text,verbatim,,,Sha256,,,text
po_issues,issued_at,timestamp_audit,"formatAuditStamp (lib/dates.ts:251) → ""2026-09-01 14:33"" today; DD/MM/YYYY HH:MM if Tim confirms",cn.colIssued,Issued,,text-only,,timestamp with time zone
po_issues,issued_by,actor,bare auth-account uuid (no FK) → person name via loadActorNames (app/components/ActorName.tsx:49),,,Issued by,,,uuid
ports,id,technical,hide: row identity (the trail names the record in its heading),,,ID,,,uuid
ports,code,text,verbatim,,,Code,,,text
ports,name,text,verbatim,contacts.colName,Name,,text-only,,text
ports,country,text,verbatim,company.country,Country,,text-only,,text
ports,deleted_at,timestamp_audit,"formatAuditStamp (lib/dates.ts:251) → ""2026-09-01 14:33"" today; DD/MM/YYYY HH:MM if Tim confirms",changeHistory.op.DELETE,Deleted,,text-only,,timestamp with time zone
ports,created_at,audit_std,hide: the trail entry already says who and when,,,Created on,,,timestamp with time zone
ports,created_by,audit_std,hide: the trail entry already says who and when,,,Created by,,,uuid
positions,id,technical,hide: row identity (the trail names the record in its heading),,,ID,,,uuid
positions,code,text,verbatim,,,Code,,,text
positions,title,text,verbatim,,,Title,,,text
positions,source_incumbent_name,text,verbatim,,,Source incumbent name,,,text
positions,is_active,boolean,words: Yes / No (common.yes/common.no if present) or a column-specific phrase,assets.status.active,Active,,text-only,,boolean
positions,sort_order,technical,hide,,,Sort order,,,integer
positions,notes,text,verbatim,hr.colNotes,Notes,,high,app/hr/employees/EmployeeForm.tsx:550,text
positions,created_at,audit_std,hide: the trail entry already says who and when,,,Created on,,,timestamp with time zone
positions,created_by,audit_std,hide: the trail entry already says who and when,,,Created by,,,uuid
positions,updated_at,audit_std,hide: the trail entry already says who and when,,,Updated on,,,timestamp with time zone
positions,updated_by,audit_std,hide: the trail entry already says who and when,,,Updated by,,,uuid
prepayment_applications,id,technical,hide: row identity (the trail names the record in its heading),,,ID,,,uuid
prepayment_applications,purchase_order_id,fk_document,"purchase_orders.code (document number, prefix PO)",inbound.againstPo,Against purchase order,,high,app/inbound/[id]/edit/page.tsx:727,uuid
prepayment_applications,inbound_batch_id,fk_document,"inbound_batches.code (document number, prefix IN)",deleted.kind.inbound_batch,Inbound batch,,text-only,,uuid
prepayment_applications,amount_base,money,"formatAmount(n, base currency from getBaseCurrency lib/currency.ts:16) (lib/format.ts:32)",assets.detail.colAmountCcy,Amount,,text-only,,numeric
prepayment_applications,notes,text,verbatim,inbound.pricing.notes,Notes,,high,app/inbound/[id]/edit/PricingPanel.tsx:231,text
prepayment_applications,journal_entry_id,fk_document,"journal_entries.code (document number, prefix JE)",assay.journalLink,Journal entry,,text-only,,uuid
prepayment_applications,created_at,audit_std,hide: the trail entry already says who and when,,,Created on,,,timestamp with time zone
prepayment_applications,created_by,audit_std,hide: the trail entry already says who and when,,,Created by,,,uuid
prepayment_applications,expense_id,fk_document,"expenses.code (document number, prefix EXP)",assets.detail.colExpense,Expense,,text-only,,uuid
prepayment_applications,currency,currency,"show the ISO code (currencies.code; every page shows the code, e.g. ""SGD"")",inbound.pricing.currency,Currency,,high,app/inbound/[id]/edit/PricingPanel.tsx:215,text
prepayment_applications,amount_ccy,money,"formatAmount(n, row.currency) (lib/format.ts:32)",assets.detail.colAmountCcy,Amount,,text-only,,numeric
price_history,id,technical,hide: row identity (the trail names the record in its heading),,,ID,,,uuid
price_history,inbound_batch_id,fk_document,"inbound_batches.code (document number, prefix IN)",deleted.kind.inbound_batch,Inbound batch,,text-only,,uuid
price_history,old_unit_price,money,"formatAmount(n, row.currency) (lib/format.ts:32)",,,Previous unit price,,,numeric
price_history,new_unit_price,money,"formatAmount(n, row.currency) (lib/format.ts:32)",,,New unit price,,,numeric
price_history,currency,currency,show the ISO code (it is how every page shows currency),inbound.pricing.currency,Currency,,high,app/inbound/[id]/edit/PricingPanel.tsx:215,text
price_history,original_price,money,"formatAmount(n, row.currency) (lib/format.ts:32)",,,Original price,,,numeric
price_history,fx_rate,number,"number with unit (qty kg, %, rate); Intl en-US grouping",hr.colFxRate,FX rate,,text-only,,numeric
price_history,notes,text,verbatim,inbound.pricing.notes,Notes,,high,app/inbound/[id]/edit/PricingPanel.tsx:231,text
price_history,created_at,audit_std,hide: the trail entry already says who and when,,,Created on,,,timestamp with time zone
price_history,created_by,audit_std,hide: the trail entry already says who and when,,,Created by,,,uuid
price_history,rate_as_of,date,"formatDate (lib/dates.ts:193) → today ""01 Sep 2026""; Tim now asks DD/MM/YYYY",,,Rate as of,,,date
price_history,rate_type,enum,message keys finance.fxPage.rateType.<v> (3/3 values; key exists; not seen on a page that reads this table),,,Rate type,,,text
pricing_formula_history,id,technical,hide: row identity (the trail names the record in its heading),,,ID,,,uuid
pricing_formula_history,formula_id,fk_document,"pricing_formulas.code (document number, prefix PF)",output.sale.pricing.formula,Formula,,text-only,,uuid
pricing_formula_history,change_type,enum,NO message keys found for values create/update/delete/restore/metal_set/metal_clear,,,Change type,,,text
pricing_formula_history,metal,dict,substances.name_en (via code),assay.colMetal,Metal,,text-only,,text
pricing_formula_history,old_payable_pct,number,"number with unit (qty kg, %, rate); Intl en-US grouping",,,Previous payable %,,,numeric
pricing_formula_history,new_payable_pct,number,"number with unit (qty kg, %, rate); Intl en-US grouping",,,New payable %,,,numeric
pricing_formula_history,old_name,text,verbatim,,,Previous name,,,text
pricing_formula_history,new_name,text,verbatim,,,New name,,,text
pricing_formula_history,old_direction,enum_like,closed value set by convention but no single-column CHECK: needs a value→words map (history old_/new_ columns can reuse the parent column's keys),,,Previous direction,,,text
pricing_formula_history,new_direction,enum_like,closed value set by convention but no single-column CHECK: needs a value→words map (history old_/new_ columns can reuse the parent column's keys),,,New direction,,,text
pricing_formula_history,old_price_basis,enum_like,closed value set by convention but no single-column CHECK: needs a value→words map (history old_/new_ columns can reuse the parent column's keys),,,Previous price basis,,,text
pricing_formula_history,new_price_basis,enum_like,closed value set by convention but no single-column CHECK: needs a value→words map (history old_/new_ columns can reuse the parent column's keys),,,New price basis,,,text
pricing_formula_history,old_average_days,number,"number with unit (qty kg, %, rate); Intl en-US grouping",,,Previous average days,,,integer
pricing_formula_history,new_average_days,number,"number with unit (qty kg, %, rate); Intl en-US grouping",,,New average days,,,integer
pricing_formula_history,old_treatment_charge_usd_per_tonne,money,"formatAmount(n, ""USD"") + "" per tonne"" (unit is in the column name)",,,Previous treatment charge USD per tonne,,,numeric
pricing_formula_history,new_treatment_charge_usd_per_tonne,money,"formatAmount(n, ""USD"") + "" per tonne"" (unit is in the column name)",,,New treatment charge USD per tonne,,,numeric
pricing_formula_history,old_flat_discount_pct,number,"number with unit (qty kg, %, rate); Intl en-US grouping",,,Previous flat discount %,,,numeric
pricing_formula_history,new_flat_discount_pct,number,"number with unit (qty kg, %, rate); Intl en-US grouping",,,New flat discount %,,,numeric
pricing_formula_history,old_is_active,boolean,words: Yes / No (common.yes/common.no if present) or a column-specific phrase,,,Previous active,,,boolean
pricing_formula_history,new_is_active,boolean,words: Yes / No (common.yes/common.no if present) or a column-specific phrase,,,New active,,,boolean
pricing_formula_history,changed_at,timestamp_audit,"formatAuditStamp (lib/dates.ts:251) → ""2026-09-01 14:33"" today; DD/MM/YYYY HH:MM if Tim confirms",assets.history.type.updated,Changed,,text-only,,timestamp with time zone
pricing_formula_history,changed_by,actor,bare auth-account uuid (no FK) → person name via loadActorNames (app/components/ActorName.tsx:49),,,Changed by,,,uuid
pricing_formula_metals,formula_id,fk_document,"pricing_formulas.code (document number, prefix PF)",output.sale.pricing.formula,Formula,,text-only,,uuid
pricing_formula_metals,metal,dict,substances.name_en (via code),assay.colMetal,Metal,,text-only,,text
pricing_formula_metals,payable_pct,number,"number with unit (qty kg, %, rate); Intl en-US grouping",,,Payable %,,,numeric
pricing_formula_metals,created_at,audit_std,hide: the trail entry already says who and when,,,Created on,,,timestamp with time zone
pricing_formula_metals,created_by,audit_std,hide: the trail entry already says who and when,,,Created by,,,uuid
pricing_formula_metals,updated_at,audit_std,hide: the trail entry already says who and when,,,Updated on,,,timestamp with time zone
pricing_formula_metals,updated_by,audit_std,hide: the trail entry already says who and when,,,Updated by,,,uuid
pricing_formulas,id,technical,hide: row identity (the trail names the record in its heading),,,ID,,,uuid
pricing_formulas,code,text,verbatim,,,Pricing formula number,,,text
pricing_formulas,name,text,verbatim,pricing.form.name,Formula name,,high,app/tools/pricing/formulas/FormulaForm.tsx:207,text
pricing_formulas,direction,enum,"message keys pricing.direction.<v> (registered in scripts/check-i18n.mjs, build-checked)",pricing.form.direction,Direction,,high,app/tools/pricing/formulas/FormulaForm.tsx:219,text
pricing_formulas,price_basis,enum,message keys pricing.basis.<v> (2/2 values; used on a page that reads this table),pricing.form.basis,Price basis,,medium,app/tools/pricing/formulas/FormulaForm.tsx:257,text
pricing_formulas,average_days,number,"number with unit (qty kg, %, rate); Intl en-US grouping",pricing.form.averageDays,Days,,high,app/tools/pricing/formulas/FormulaForm.tsx:280,integer
pricing_formulas,treatment_charge_usd_per_tonne,money,"formatAmount(n, ""USD"") + "" per tonne"" (unit is in the column name)",pricing.form.treatment,Treatment charge (USD per tonne),,high,app/tools/pricing/formulas/FormulaForm.tsx:313,numeric
pricing_formulas,flat_discount_pct,number,"number with unit (qty kg, %, rate); Intl en-US grouping",,,Flat discount %,,,numeric
pricing_formulas,supplier_id,fk_document,"suppliers.code (document number, prefix SUP)",purchasing.colSupplier,Supplier,,medium,app/purchasing/orders/[id]/page.tsx:704,uuid
pricing_formulas,customer_id,fk_document,"customers.code (document number, prefix CUS)",output.form.customer,Customer,,high,app/output/[id]/edit/EditOutputForm.tsx:93,uuid
pricing_formulas,notes,text,verbatim,pricing.form.notes,Notes,,high,app/tools/pricing/formulas/FormulaForm.tsx:419,text
pricing_formulas,is_active,boolean,words: Yes / No (common.yes/common.no if present) or a column-specific phrase,termsRequest.formulaActive,Status: in use,,high,app/tools/pricing/formulas/FormulaForm.tsx:416,boolean
pricing_formulas,deleted_at,timestamp_audit,"formatAuditStamp (lib/dates.ts:251) → ""2026-09-01 14:33"" today; DD/MM/YYYY HH:MM if Tim confirms",changeHistory.op.DELETE,Deleted,,text-only,,timestamp with time zone
pricing_formulas,created_at,audit_std,hide: the trail entry already says who and when,,,Created on,,,timestamp with time zone
pricing_formulas,created_by,audit_std,hide: the trail entry already says who and when,,,Created by,,,uuid
pricing_formulas,updated_at,audit_std,hide: the trail entry already says who and when,,,Updated on,,,timestamp with time zone
pricing_formulas,updated_by,audit_std,hide: the trail entry already says who and when,,,Updated by,,,uuid
pricing_formulas,price_index,dict,metal_price_indices.name_en (via code),pricing.form.priceIndex,Settlement index,,high,app/tools/pricing/formulas/FormulaForm.tsx:238,text
pricing_settings,id,own_key,show as-is: the record's own business key (code/number),,,ID,,,boolean
pricing_settings,metal_price_change_warn_pct,number,"number with unit (qty kg, %, rate); Intl en-US grouping",,,Metal price change warn %,,,numeric
pricing_settings,notes,text,verbatim,metalPrices.colNotes,Notes,,high,app/tools/pricing/metal-prices/MetalPricesTable.tsx:119,text
pricing_settings,updated_at,audit_std,hide: the trail entry already says who and when,,,Updated on,,,timestamp with time zone
pricing_settings,updated_by,audit_std,hide: the trail entry already says who and when,,,Updated by,,,uuid
pricing_settings,default_metal_index,dict,metal_price_indices.name_en (via code),,,Default metal index,,,text
pricing_settings,metal_quote_stale_days,number,"number with unit (qty kg, %, rate); Intl en-US grouping",,,Metal quote stale days,,,integer
pricing_settings,notes_en,text,verbatim,,,Notes en,,,text
pricing_settings,notes_zh,text,verbatim,,,Notes zh,,,text
pricing_term_commitment_metals,commitment_id,fk_other,pricing_term_commitments: composed description (see target table),,,Commitment,,,uuid
pricing_term_commitment_metals,metal,dict,substances.name_en (via code),assay.colMetal,Metal,,text-only,,text
pricing_term_commitment_metals,payable_pct,number,"number with unit (qty kg, %, rate); Intl en-US grouping",,,Payable %,,,numeric
pricing_term_commitments,id,technical,hide: row identity (the trail names the record in its heading),,,ID,,,uuid
pricing_term_commitments,purchase_order_line_id,fk_other,purchase_order_lines: composed description (see target table),,,Purchase order line,,,uuid
pricing_term_commitments,inbound_batch_id,fk_document,"inbound_batches.code (document number, prefix IN)",deleted.kind.inbound_batch,Inbound batch,,text-only,,uuid
pricing_term_commitments,source_formula_id,uuid_nofk,"polymorphic / soft reference: resolve by the paired type column, else hide",,,Source formula,,,uuid
pricing_term_commitments,source_formula_code,text_code,"text code without FK: resolve via its dictionary or message keys if one exists, else show verbatim",,,Source formula code,,,text
pricing_term_commitments,source_formula_name,text,verbatim,,,Source formula name,,,text
pricing_term_commitments,price_basis,enum,message keys pricing.basis.<v> (2/2 values; key exists; not seen on a page that reads this table),pricing.colBasis,Price basis,,text-only,,text
pricing_term_commitments,average_days,number,"number with unit (qty kg, %, rate); Intl en-US grouping",,,Average days,,,integer
pricing_term_commitments,treatment_charge_usd_per_tonne,money,"formatAmount(n, ""USD"") + "" per tonne"" (unit is in the column name)",pricing.form.treatment,Treatment charge (USD per tonne),,text-only,,numeric
pricing_term_commitments,flat_discount_pct,number,"number with unit (qty kg, %, rate); Intl en-US grouping",,,Flat discount %,,,numeric
pricing_term_commitments,committed_at,timestamp_audit,"formatAuditStamp (lib/dates.ts:251) → ""2026-09-01 14:33"" today; DD/MM/YYYY HH:MM if Tim confirms",cashForecast.conf_committed,Committed,,text-only,,timestamp with time zone
pricing_term_commitments,committed_by,actor,bare auth-account uuid (no FK) → person name via loadActorNames (app/components/ActorName.tsx:49),contractDetail.field.volume_commitments.committed_by_party,Committed by,,text-only,,uuid
pricing_term_commitments,price_index,dict,metal_price_indices.name_en (via code),metalPrices.form.priceIndex,Price index,,text-only,,text
processing_cost_entries,id,technical,hide: row identity (the trail names the record in its heading),,,ID,,,uuid
processing_cost_entries,run_id,fk_document,"processing_runs.code (document number, prefix PROC)",finance.costSettle.colRun,Run,,high,app/finance/processing-costs/CostSettlePanel.tsx:99,uuid
processing_cost_entries,cost_type,enum,"message keys processing.costTypes.<v> (registered in scripts/check-i18n.mjs, build-checked)",finance.costSettle.colCostType,Cost type,,high,app/finance/processing-costs/CostSettlePanel.tsx:100,text
processing_cost_entries,amount_base,money,"formatAmount(n, base currency from getBaseCurrency lib/currency.ts:16) (lib/format.ts:32)",finance.costSettle.colAmount,Amount,,high,app/finance/processing-costs/CostSettlePanel.tsx:101,numeric
processing_cost_entries,is_estimate,boolean,words: Yes / No (common.yes/common.no if present) or a column-specific phrase,processing.cost.estimateTag,(est.),,high,app/operation/processing/[id]/CostPanel.tsx:52,boolean
processing_cost_entries,notes,text,verbatim,processing.cost.colNotes,Notes,,high,app/operation/processing/[id]/CostPanel.tsx:70,text
processing_cost_entries,deleted_at,timestamp_audit,"formatAuditStamp (lib/dates.ts:251) → ""2026-09-01 14:33"" today; DD/MM/YYYY HH:MM if Tim confirms",processing.detail.deletedMarker,(deleted),,high,app/operation/processing/[id]/page.tsx:376,timestamp with time zone
processing_cost_entries,created_at,audit_std,hide: the trail entry already says who and when,,,Created on,,,timestamp with time zone
processing_cost_entries,created_by,audit_std,hide: the trail entry already says who and when,,,Created by,,,uuid
processing_cost_entries,updated_at,audit_std,hide: the trail entry already says who and when,,,Updated on,,,timestamp with time zone
processing_cost_entries,updated_by,audit_std,hide: the trail entry already says who and when,,,Updated by,,,uuid
processing_cost_entries,remitted_at,date,"formatDate (lib/dates.ts:193) → today ""01 Sep 2026""; Tim now asks DD/MM/YYYY",wht.colRemitted,Remitted,,text-only,,date
processing_cost_entries,remitted_journal_entry_id,fk_document,"journal_entries.code (document number, prefix JE)",,,Remitted journal entry,,,uuid
processing_cost_entries,relieved_at,date,"formatDate (lib/dates.ts:193) → today ""01 Sep 2026""; Tim now asks DD/MM/YYYY",,,Relieved on,,,date
processing_cost_entries,relief_expense_id,fk_document,"expenses.code (document number, prefix EXP)",,,Relief expense,,,uuid
processing_cost_entry_history,id,technical,hide: row identity (the trail names the record in its heading),,,ID,,,uuid
processing_cost_entry_history,entry_id,fk_other,processing_cost_entries: composed description (see target table),gst.entry,Entry,,text-only,,uuid
processing_cost_entry_history,run_id,fk_document,"processing_runs.code (document number, prefix PROC)",finance.costSettle.colRun,Run,,text-only,,uuid
processing_cost_entry_history,change_type,enum,NO message keys found for values create/update/delete/restore,,,Change type,,,text
processing_cost_entry_history,old_amount_base,money,"formatAmount(n, base currency from getBaseCurrency lib/currency.ts:16) (lib/format.ts:32)",,,Previous amount (base currency),,,numeric
processing_cost_entry_history,new_amount_base,money,"formatAmount(n, base currency from getBaseCurrency lib/currency.ts:16) (lib/format.ts:32)",,,New amount (base currency),,,numeric
processing_cost_entry_history,old_cost_type,enum_like,closed value set by convention but no single-column CHECK: needs a value→words map (history old_/new_ columns can reuse the parent column's keys),,,Previous cost type,,,text
processing_cost_entry_history,new_cost_type,enum_like,closed value set by convention but no single-column CHECK: needs a value→words map (history old_/new_ columns can reuse the parent column's keys),,,New cost type,,,text
processing_cost_entry_history,old_is_estimate,boolean,words: Yes / No (common.yes/common.no if present) or a column-specific phrase,,,Previous estimate,,,boolean
processing_cost_entry_history,new_is_estimate,boolean,words: Yes / No (common.yes/common.no if present) or a column-specific phrase,,,New estimate,,,boolean
processing_cost_entry_history,changed_at,timestamp_audit,"formatAuditStamp (lib/dates.ts:251) → ""2026-09-01 14:33"" today; DD/MM/YYYY HH:MM if Tim confirms",assets.history.type.updated,Changed,,text-only,,timestamp with time zone
processing_cost_entry_history,changed_by,actor,bare auth-account uuid (no FK) → person name via loadActorNames (app/components/ActorName.tsx:49),,,Changed by,,,uuid
processing_inputs,id,technical,hide: row identity (the trail names the record in its heading),,,ID,,,uuid
processing_inputs,run_id,fk_document,"processing_runs.code (document number, prefix PROC)",finance.costSettle.colRun,Run,,text-only,,uuid
processing_inputs,inbound_batch_id,fk_document,"inbound_batches.code (document number, prefix IN)",deleted.kind.inbound_batch,Inbound batch,,text-only,,uuid
processing_inputs,quantity_consumed,number,"number with unit (qty kg, %, rate); Intl en-US grouping",processing.detail.colConsumedQty,Consumed Qty,,text-only,,numeric
processing_inputs,created_at,audit_std,hide: the trail entry already says who and when,,,Created on,,,timestamp with time zone
processing_inputs,output_batch_id,fk_document,"output_batches.code (document number, prefix OUT)",deleted.kind.output_batch,Output batch,,text-only,,uuid
processing_outputs,id,technical,hide: row identity (the trail names the record in its heading),,,ID,,,uuid
processing_outputs,run_id,fk_document,"processing_runs.code (document number, prefix PROC)",finance.costSettle.colRun,Run,,text-only,,uuid
processing_outputs,output_batch_id,fk_document,"output_batches.code (document number, prefix OUT)",deleted.kind.output_batch,Output batch,,text-only,,uuid
processing_outputs,quantity_produced,number,"number with unit (qty kg, %, rate); Intl en-US grouping",processing.detail.colProducedQty,Produced Qty,,text-only,,numeric
processing_outputs,created_at,audit_std,hide: the trail entry already says who and when,,,Created on,,,timestamp with time zone
processing_outputs,allocated_cost_base,money,"formatAmount(n, base currency from getBaseCurrency lib/currency.ts:16) (lib/format.ts:32)",,,Allocated cost (base currency),,,numeric
processing_outputs,unit_cost_base,money,"formatAmount(n, base currency from getBaseCurrency lib/currency.ts:16) (lib/format.ts:32)",,,Unit cost (base currency),,,numeric
processing_outputs,cost_incomplete,boolean,words: Yes / No (common.yes/common.no if present) or a column-specific phrase,processing.detail.costIncomplete,cost incomplete,,high,app/operation/processing/[id]/ProcessingTables.tsx:233,boolean
processing_run_losses,run_id,fk_document,"processing_runs.code (document number, prefix PROC)",finance.costSettle.colRun,Run,,text-only,,uuid
processing_run_losses,loss_category_code,dict,loss_categories.name_en (via code),,,Loss category,,,text
processing_run_losses,quantity,number,"number with unit (qty kg, %, rate); Intl en-US grouping",processing.loss.colQty,Quantity,,high,app/operation/processing/[id]/LossPanel.tsx:189,numeric
processing_run_losses,notes,text,verbatim,processing.cost.colNotes,Notes,,high,app/operation/processing/[id]/CostPanel.tsx:70,text
processing_run_losses,created_at,audit_std,hide: the trail entry already says who and when,,,Created on,,,timestamp with time zone
processing_run_losses,created_by,audit_std,hide: the trail entry already says who and when,,,Created by,,,uuid
processing_runs,id,technical,hide: row identity (the trail names the record in its heading),,,ID,,,uuid
processing_runs,code,text,verbatim,,,Processing run number,,,text
processing_runs,process_date,date,"formatDate (lib/dates.ts:193) → today ""01 Sep 2026""; Tim now asks DD/MM/YYYY",processing.colProcessDate,Process Date,,high,app/operation/processing/ProcessingTable.tsx:43,date
processing_runs,total_input,number,"number with unit (qty kg, %, rate); Intl en-US grouping",processing.colTotalInput,Total Input,,high,app/operation/processing/ProcessingTable.tsx:44,numeric
processing_runs,total_output,number,"number with unit (qty kg, %, rate); Intl en-US grouping",processing.colTotalOutput,Total Output,,high,app/operation/processing/ProcessingTable.tsx:45,numeric
processing_runs,loss_qty,number,"number with unit (qty kg, %, rate); Intl en-US grouping",,,Loss quantity,,,numeric
processing_runs,notes,text,verbatim,processing.cost.colNotes,Notes,,high,app/operation/processing/[id]/CostPanel.tsx:70,text
processing_runs,status,enum,message keys processing.status.<v> (2/2 values; used on a page that reads this table),processing.colStatus,Status,,high,app/operation/processing/ProcessingTable.tsx:48,text
processing_runs,deleted_at,timestamp_audit,"formatAuditStamp (lib/dates.ts:251) → ""2026-09-01 14:33"" today; DD/MM/YYYY HH:MM if Tim confirms",processing.detail.deletedMarker,(deleted),,high,app/operation/processing/[id]/page.tsx:376,timestamp with time zone
processing_runs,created_at,audit_std,hide: the trail entry already says who and when,,,Created on,,,timestamp with time zone
processing_runs,created_by,audit_std,hide: the trail entry already says who and when,,,Created by,,,uuid
processing_runs,updated_at,audit_std,hide: the trail entry already says who and when,,,Updated on,,,timestamp with time zone
processing_runs,updated_by,audit_std,hide: the trail entry already says who and when,,,Updated by,,,uuid
processing_runs,allocation_basis,enum,"message keys processing.allocation.basis.<v> (registered in scripts/check-i18n.mjs, build-checked)",,,Allocation basis,,,text
processing_runs,material_cost_base,money,"formatAmount(n, base currency from getBaseCurrency lib/currency.ts:16) (lib/format.ts:32)",processing.detail.materialCost,Material Cost:,,high,app/operation/processing/[id]/page.tsx:463,numeric
processing_runs,process_cost_base,money,"formatAmount(n, base currency from getBaseCurrency lib/currency.ts:16) (lib/format.ts:32)",processing.detail.processCost,Process Cost:,,high,app/operation/processing/[id]/page.tsx:467,numeric
processing_runs,total_cost_base,money,"formatAmount(n, base currency from getBaseCurrency lib/currency.ts:16) (lib/format.ts:32)",processing.detail.totalCost,Total Cost:,,high,app/operation/processing/[id]/page.tsx:471,numeric
processing_runs,allocation_snapshot,jsonb,no generic rendering: needs a per-column renderer or hide (never raw JSON),,,Allocation snapshot,,,jsonb
processing_runs,allocated_at,timestamp_audit,"formatAuditStamp (lib/dates.ts:251) → ""2026-09-01 14:33"" today; DD/MM/YYYY HH:MM if Tim confirms",finance.colAllocated,Allocated,,text-only,,timestamp with time zone
processing_runs,allocated_by,actor,bare auth-account uuid (no FK) → person name via loadActorNames (app/components/ActorName.tsx:49),,,Allocated by,,,uuid
processing_runs,capitalized_cost_base,money,"formatAmount(n, base currency from getBaseCurrency lib/currency.ts:16) (lib/format.ts:32)",,,Capitalized cost (base currency),,,numeric
processing_runs,capitalization_entry_id,fk_document,"journal_entries.code (document number, prefix JE)",,,Capitalization entry,,,uuid
processing_runs,allocation_basis_changed_at,timestamp_audit,"formatAuditStamp (lib/dates.ts:251) → ""2026-09-01 14:33"" today; DD/MM/YYYY HH:MM if Tim confirms",,,Allocation basis changed on,,,timestamp with time zone
processing_runs,work_order_id,fk_document,"work_orders.code (document number, prefix WO)",processing.colWorkOrder,Work order,,high,app/operation/processing/ProcessingTable.tsx:56,uuid
processing_runs,deleted_by,actor,bare auth-account uuid (no FK) → person name via loadActorNames (app/components/ActorName.tsx:49),,,Deleted by,,,uuid
processing_runs,delete_reason,text,verbatim,,,Delete reason,,,text
processing_runs,equipment_id,fk_document,"fixed_assets.code (document number, prefix FA)",assets.category.equipment,Equipment,,text-only,,uuid
processing_runs,operation_type_code,dict,operation_types.name_en (via code),,,Operation type,,,text
processing_settings,id,own_key,show as-is: the record's own business key (code/number),,,ID,,,boolean
processing_settings,wo_input_overrun_pct,number,"number with unit (qty kg, %, rate); Intl en-US grouping",,,Wo input overrun %,,,numeric
processing_settings,wo_output_shortfall_pct,number,"number with unit (qty kg, %, rate); Intl en-US grouping",,,Wo output shortfall %,,,numeric
processing_settings,notes,text,verbatim,processing.wo.colNotes,Notes,,high,app/operation/orders/WorkOrdersTable.tsx:62,text
processing_settings,updated_at,audit_std,hide: the trail entry already says who and when,,,Updated on,,,timestamp with time zone
processing_settings,updated_by,audit_std,hide: the trail entry already says who and when,,,Updated by,,,uuid
public_holidays,id,technical,hide: row identity (the trail names the record in its heading),,,ID,,,uuid
public_holidays,holiday_date,date,"formatDate (lib/dates.ts:193) → today ""01 Sep 2026""; Tim now asks DD/MM/YYYY",,,Holiday date,,,date
public_holidays,name_en,text,verbatim,permissions.nameEn,Name (EN),,high,app/hr/leave/holidays/HolidaysEditor.tsx:74,text
public_holidays,name_zh,text,verbatim,permissions.nameZh,Name (ZH),,high,app/hr/leave/holidays/HolidaysEditor.tsx:76,text
public_holidays,country,text,verbatim,company.country,Country,,text-only,,text
public_holidays,is_active,boolean,words: Yes / No (common.yes/common.no if present) or a column-specific phrase,permissions.active,Active,,high,app/hr/leave/types/LeaveTypesEditor.tsx:114,boolean
public_holidays,notes,text,verbatim,leave.notes,Notes,,high,app/hr/leave/holidays/HolidaysTable.tsx:56,text
public_holidays,created_at,audit_std,hide: the trail entry already says who and when,,,Created on,,,timestamp with time zone
public_holidays,created_by,audit_std,hide: the trail entry already says who and when,,,Created by,,,uuid
public_holidays,updated_at,audit_std,hide: the trail entry already says who and when,,,Updated on,,,timestamp with time zone
public_holidays,updated_by,audit_std,hide: the trail entry already says who and when,,,Updated by,,,uuid
public_holidays,holiday_key,text,verbatim,leave.holidayKey,Identity key,,high,app/hr/leave/holidays/HolidaysTable.tsx:52,text
public_holidays,is_in_lieu,boolean,words: Yes / No (common.yes/common.no if present) or a column-specific phrase,leave.isInLieu,Holiday in lieu (of a Sunday),,high,app/hr/leave/holidays/HolidaysEditor.tsx:91,boolean
purchase_order_history,id,technical,hide: row identity (the trail names the record in its heading),,,ID,,,uuid
purchase_order_history,purchase_order_id,fk_document,"purchase_orders.code (document number, prefix PO)",deleted.kind.purchase_order,Purchase order,,text-only,,uuid
purchase_order_history,purchase_order_line_id,uuid_nofk,"polymorphic / soft reference: resolve by the paired type column, else hide",,,Purchase order line,,,uuid
purchase_order_history,line_no,number,"number with unit (qty kg, %, rate); Intl en-US grouping",,,Line number,,,integer
purchase_order_history,change_type,enum,"message keys purchasing.amend.change.<v> (registered in scripts/check-i18n.mjs, build-checked)",,,Change type,,,text
purchase_order_history,old_order_date,date,"formatDate (lib/dates.ts:193) → today ""01 Sep 2026""; Tim now asks DD/MM/YYYY",,,Previous order date,,,date
purchase_order_history,new_order_date,date,"formatDate (lib/dates.ts:193) → today ""01 Sep 2026""; Tim now asks DD/MM/YYYY",,,New order date,,,date
purchase_order_history,old_expected_delivery_date,date,"formatDate (lib/dates.ts:193) → today ""01 Sep 2026""; Tim now asks DD/MM/YYYY",,,Previous expected delivery date,,,date
purchase_order_history,new_expected_delivery_date,date,"formatDate (lib/dates.ts:193) → today ""01 Sep 2026""; Tim now asks DD/MM/YYYY",,,New expected delivery date,,,date
purchase_order_history,old_fx_rate,number,"number with unit (qty kg, %, rate); Intl en-US grouping",,,Previous exchange rate,,,numeric
purchase_order_history,new_fx_rate,number,"number with unit (qty kg, %, rate); Intl en-US grouping",,,New exchange rate,,,numeric
purchase_order_history,old_estimated_total_ccy,money,"formatAmount(n, purchase_orders.currency via purchase_order_id) (lib/format.ts:32)",,,Previous estimated total,,,numeric
purchase_order_history,new_estimated_total_ccy,money,"formatAmount(n, purchase_orders.currency via purchase_order_id) (lib/format.ts:32)",,,New estimated total,,,numeric
purchase_order_history,old_incoterm,text,verbatim,,,Previous incoterm,,,text
purchase_order_history,new_incoterm,text,verbatim,,,New incoterm,,,text
purchase_order_history,old_terms_text,text,verbatim,,,Previous terms text,,,text
purchase_order_history,new_terms_text,text,verbatim,,,New terms text,,,text
purchase_order_history,old_notes,text,verbatim,,,Previous notes,,,text
purchase_order_history,new_notes,text,verbatim,,,New notes,,,text
purchase_order_history,old_quantity,number,"number with unit (qty kg, %, rate); Intl en-US grouping",,,Previous quantity,,,numeric
purchase_order_history,new_quantity,number,"number with unit (qty kg, %, rate); Intl en-US grouping",,,New quantity,,,numeric
purchase_order_history,old_unit,enum_like,closed value set by convention but no single-column CHECK: needs a value→words map (history old_/new_ columns can reuse the parent column's keys),,,Previous unit,,,text
purchase_order_history,new_unit,enum_like,closed value set by convention but no single-column CHECK: needs a value→words map (history old_/new_ columns can reuse the parent column's keys),,,New unit,,,text
purchase_order_history,old_estimated_unit_price,money,"formatAmount(n, purchase_orders.currency via purchase_order_id) (lib/format.ts:32)",,,Previous estimated unit price,,,numeric
purchase_order_history,new_estimated_unit_price,money,"formatAmount(n, purchase_orders.currency via purchase_order_id) (lib/format.ts:32)",,,New estimated unit price,,,numeric
purchase_order_history,old_estimated_amount_ccy,money,"formatAmount(n, purchase_orders.currency via purchase_order_id) (lib/format.ts:32)",,,Previous estimated amount,,,numeric
purchase_order_history,new_estimated_amount_ccy,money,"formatAmount(n, purchase_orders.currency via purchase_order_id) (lib/format.ts:32)",,,New estimated amount,,,numeric
purchase_order_history,amend_reason,text,verbatim,,,Amend reason,,,text
purchase_order_history,changed_at,timestamp_audit,"formatAuditStamp (lib/dates.ts:251) → ""2026-09-01 14:33"" today; DD/MM/YYYY HH:MM if Tim confirms",assets.history.type.updated,Changed,,text-only,,timestamp with time zone
purchase_order_history,changed_by,actor,bare auth-account uuid (no FK) → person name via loadActorNames (app/components/ActorName.tsx:49),,,Changed by,,,uuid
purchase_order_history,old_delivery_location,text,verbatim,,,Previous delivery location,,,text
purchase_order_history,new_delivery_location,text,verbatim,,,New delivery location,,,text
purchase_order_history,old_price_status,enum_like,closed value set by convention but no single-column CHECK: needs a value→words map (history old_/new_ columns can reuse the parent column's keys),,,Previous price status,,,text
purchase_order_history,new_price_status,enum_like,closed value set by convention but no single-column CHECK: needs a value→words map (history old_/new_ columns can reuse the parent column's keys),,,New price status,,,text
purchase_order_history,payment_term_seq,number,"number with unit (qty kg, %, rate); Intl en-US grouping",,,Payment term seq,,,integer
purchase_order_history,old_payment_term,jsonb,no generic rendering: needs a per-column renderer or hide (never raw JSON),,,Previous payment term,,,jsonb
purchase_order_history,new_payment_term,jsonb,no generic rendering: needs a per-column renderer or hide (never raw JSON),,,New payment term,,,jsonb
purchase_order_line_retentions,id,technical,hide: row identity (the trail names the record in its heading),,,ID,,,uuid
purchase_order_line_retentions,purchase_order_line_id,fk_other,purchase_order_lines: composed description (see target table),,,Purchase order line,,,uuid
purchase_order_line_retentions,percentage,number,"number with unit (qty kg, %, rate); Intl en-US grouping",purchasing.form.percentage,Percentage,,text-only,,numeric
purchase_order_line_retentions,fixed_amount_ccy,money,NO determinable currency column,commissions.basis.fixed_amount,Fixed amount,,text-only,,numeric
purchase_order_line_retentions,retention_months,number,"number with unit (qty kg, %, rate); Intl en-US grouping",,,Retention months,,,integer
purchase_order_line_retentions,anchor_event,dict,payment_trigger_events.name_en (via code),,,Anchor event,,,text
purchase_order_line_retentions,notes,text,verbatim,assay.notes,Notes,,text-only,,text
purchase_order_line_retentions,created_at,audit_std,hide: the trail entry already says who and when,,,Created on,,,timestamp with time zone
purchase_order_line_retentions,created_by,audit_std,hide: the trail entry already says who and when,,,Created by,,,uuid
purchase_order_line_retentions,released_at,timestamp_audit,"formatAuditStamp (lib/dates.ts:251) → ""2026-09-01 14:33"" today; DD/MM/YYYY HH:MM if Tim confirms",leave.entry_release,Released,,text-only,,timestamp with time zone
purchase_order_line_retentions,released_by,actor,bare auth-account uuid (no FK) → person name via loadActorNames (app/components/ActorName.tsx:49),,,Released by,,,uuid
purchase_order_line_retentions,released_amount_ccy,money,NO determinable currency column,,,Released amount,,,numeric
purchase_order_line_retentions,withheld_amount_ccy,money,NO determinable currency column,,,Withheld amount,,,numeric
purchase_order_line_retentions,withholding_reason,text,verbatim,,,Withholding reason,,,text
purchase_order_lines,id,technical,hide: row identity (the trail names the record in its heading),,,ID,,,uuid
purchase_order_lines,purchase_order_id,fk_document,"purchase_orders.code (document number, prefix PO)",inbound.againstPo,Against purchase order,,high,app/inbound/[id]/edit/page.tsx:727,uuid
purchase_order_lines,line_no,number,"number with unit (qty kg, %, rate); Intl en-US grouping",,,Line number,,,integer
purchase_order_lines,material_id,fk_document,"materials.code (document number, prefix MAT)",inbound.form.material,Material,,medium,app/inbound/[id]/edit/EditInboundForm.tsx:64,uuid
purchase_order_lines,quantity,number,"number with unit (qty kg, %, rate); Intl en-US grouping",inbound.form.quantity,Quantity,,high,app/inbound/[id]/edit/EditInboundForm.tsx:145,numeric
purchase_order_lines,unit,enum_like,closed value set by convention but no single-column CHECK: needs a value→words map (history old_/new_ columns can reuse the parent column's keys),inbound.form.unit,Unit,,high,app/purchasing/orders/new/NewOrderForm.tsx:826,text
purchase_order_lines,pricing_formula_id,fk_document,"pricing_formulas.code (document number, prefix PF)",purchasing.colFormula,Pricing formula,,text-only,,uuid
purchase_order_lines,estimated_unit_price,money,"formatAmount(n, purchase_orders.currency via purchase_order_id) (lib/format.ts:32)",,,Estimated unit price,,,numeric
purchase_order_lines,estimated_amount_ccy,money,"formatAmount(n, purchase_orders.currency via purchase_order_id) (lib/format.ts:32)",,,Estimated amount,,,numeric
purchase_order_lines,expected_assay,jsonb,no generic rendering: needs a per-column renderer or hide (never raw JSON),purchasing.form.expectedAssay,Expected assay,,high,app/purchasing/orders/new/NewOrderForm.tsx:963,jsonb
purchase_order_lines,notes,text,verbatim,inbound.pricing.notes,Notes,,high,app/inbound/[id]/edit/PricingPanel.tsx:231,text
purchase_order_lines,created_at,audit_std,hide: the trail entry already says who and when,,,Created on,,,timestamp with time zone
purchase_order_lines,created_by,audit_std,hide: the trail entry already says who and when,,,Created by,,,uuid
purchase_order_lines,price_source,enum,message keys purchasing.priceSource.<v> (2/2 values; used on a page that reads this table),,,Price source,,,text
purchase_order_lines,price_provenance,jsonb,no generic rendering: needs a per-column renderer or hide (never raw JSON),,,Price provenance,,,jsonb
purchase_order_lines,asset_id,fk_document,"fixed_assets.code (document number, prefix FA)",expense.form.existingAsset,Which machine,,high,app/finance/expenses/new/NewExpenseForm.tsx:457,uuid
purchase_order_lines,deep_discharge_judgement_code,dict,deep_discharge_judgements.name_en (via code),,,Deep discharge judgement,,,text
purchase_order_lines,tax_code,dict,tax_codes.name_en (via code),expense.form.taxCode,Tax code,,high,app/finance/expenses/new/NewExpenseForm.tsx:254,text
purchase_order_lines,tax_rate_pct,number,"number with unit (qty kg, %, rate); Intl en-US grouping",,,Tax rate %,,,numeric
purchase_order_lines,tax_amount_ccy,money,"formatAmount(n, purchase_orders.currency via purchase_order_id) (lib/format.ts:32)",,,Tax amount,,,numeric
purchase_order_lines,price_status,enum,message keys purchasing.form.priceStatus<V> (2/2 values; used on a page that reads this table),purchasing.form.priceStatus,Price,,high,app/purchasing/orders/new/NewOrderForm.tsx:910,text
purchase_order_payment_terms,id,technical,hide: row identity (the trail names the record in its heading),,,ID,,,uuid
purchase_order_payment_terms,purchase_order_id,fk_document,"purchase_orders.code (document number, prefix PO)",deleted.kind.purchase_order,Purchase order,,text-only,,uuid
purchase_order_payment_terms,seq,technical,hide,,,Seq,,,integer
purchase_order_payment_terms,label,text,verbatim,poCategory.label,Category,,high,app/purchasing/orders/[id]/page.tsx:724,text
purchase_order_payment_terms,percentage,number,"number with unit (qty kg, %, rate); Intl en-US grouping",purchasing.form.percentage,Percentage,,text-only,,numeric
purchase_order_payment_terms,fixed_amount_ccy,money,"formatAmount(n, purchase_orders.currency via purchase_order_id) (lib/format.ts:32)",commissions.basis.fixed_amount,Fixed amount,,text-only,,numeric
purchase_order_payment_terms,trigger_event,dict,payment_trigger_events.name_en (via code),,,Trigger event,,,text
purchase_order_payment_terms,due_date,date,"formatDate (lib/dates.ts:193) → today ""01 Sep 2026""; Tim now asks DD/MM/YYYY",purchasing.form.termDue,Due date,,high,app/purchasing/orders/[id]/amend/AmendOrderForm.tsx:561,date
purchase_order_payment_terms,notes,text,verbatim,purchasing.form.notes,Notes,,high,app/purchasing/orders/[id]/page.tsx:893,text
purchase_order_payment_terms,created_at,audit_std,hide: the trail entry already says who and when,,,Created on,,,timestamp with time zone
purchase_order_payment_terms,expected_date,date,"formatDate (lib/dates.ts:193) → today ""01 Sep 2026""; Tim now asks DD/MM/YYYY",cashForecast.expectedDate,Expected date,,high,app/purchasing/orders/[id]/PoPaymentTermsTable.tsx:93,date
purchase_order_payment_terms,expected_date_set_by,actor,bare auth-account uuid (no FK) → person name via loadActorNames (app/components/ActorName.tsx:49),,,Expected date set by,,,uuid
purchase_order_payment_terms,expected_date_set_at,timestamp_audit,"formatAuditStamp (lib/dates.ts:251) → ""2026-09-01 14:33"" today; DD/MM/YYYY HH:MM if Tim confirms",cashForecast.expectedDateSet,Set expected date,,text-only,,timestamp with time zone
purchase_orders,id,technical,hide: row identity (the trail names the record in its heading),,,ID,,,uuid
purchase_orders,code,text,verbatim,,,Purchase order number,,,text
purchase_orders,supplier_id,fk_document,"suppliers.code (document number, prefix SUP)",equipment.maint.capSupplier,Supplier (optional),,high,app/finance/assets/[id]/MaintenancePanel.tsx:499,uuid
purchase_orders,order_date,date,"formatDate (lib/dates.ts:193) → today ""01 Sep 2026""; Tim now asks DD/MM/YYYY",purchasing.form.orderDate,Order date,,high,app/purchasing/orders/new/NewOrderForm.tsx:628,date
purchase_orders,expected_delivery_date,date,"formatDate (lib/dates.ts:193) → today ""01 Sep 2026""; Tim now asks DD/MM/YYYY",purchasing.colExpectedDelivery,Expected delivery,,medium,app/purchasing/orders/[id]/page.tsx:712,date
purchase_orders,currency,currency,"show the ISO code (currencies.code; every page shows the code, e.g. ""SGD"")",purchasing.form.currency,Currency,,high,app/purchasing/orders/new/NewOrderForm.tsx:648,text
purchase_orders,fx_rate,number,"number with unit (qty kg, %, rate); Intl en-US grouping",hr.colFxRate,FX rate,,text-only,,numeric
purchase_orders,estimated_total_ccy,money,"formatAmount(n, row.currency) (lib/format.ts:32)",purchasing.colEstimatedTotal,Estimated total,,high,app/purchasing/orders/[id]/page.tsx:516,numeric
purchase_orders,status,enum,"message keys purchasing.status.<v> (registered in scripts/check-i18n.mjs, build-checked)",purchasing.colStatus,Status,,high,app/purchasing/orders/OrdersTable.tsx:112,text
purchase_orders,approval_status,enum,"message keys purchasing.approvalState.<v> (registered in scripts/check-i18n.mjs, build-checked)",purchasing.approvalOn,Approval status:,,medium,app/purchasing/orders/[id]/page.tsx:768,text
purchase_orders,approved_at,timestamp_audit,"formatAuditStamp (lib/dates.ts:251) → ""2026-09-01 14:33"" today; DD/MM/YYYY HH:MM if Tim confirms",assetDisposal.status.approved,approved,,text-only,,timestamp with time zone
purchase_orders,approved_by,actor,bare auth-account uuid (no FK) → person name via loadActorNames (app/components/ActorName.tsx:49),,,Approved by,,,uuid
purchase_orders,incoterm,text,verbatim,purchasing.form.incoterm,Incoterm,,high,app/purchasing/orders/new/NewOrderForm.tsx:664,text
purchase_orders,terms_text,text,verbatim,purchasing.form.termsText,Terms text,,high,app/purchasing/orders/new/NewOrderForm.tsx:684,text
purchase_orders,notes,text,verbatim,purchasing.form.notes,Notes,,high,app/purchasing/orders/new/NewOrderForm.tsx:680,text
purchase_orders,closed_at,timestamp_audit,"formatAuditStamp (lib/dates.ts:251) → ""2026-09-01 14:33"" today; DD/MM/YYYY HH:MM if Tim confirms",finance.closeStatus.active,Closed,,text-only,,timestamp with time zone
purchase_orders,cancelled_at,timestamp_audit,"formatAuditStamp (lib/dates.ts:251) → ""2026-09-01 14:33"" today; DD/MM/YYYY HH:MM if Tim confirms",purchasing.status.cancelled,Cancelled,,high,app/purchasing/orders/[id]/page.tsx:679,timestamp with time zone
purchase_orders,cancel_reason,text,verbatim,purchasing.cancelReason,Reason,,high,app/purchasing/orders/[id]/CancelOrderControl.tsx:67,text
purchase_orders,deleted_at,timestamp_audit,"formatAuditStamp (lib/dates.ts:251) → ""2026-09-01 14:33"" today; DD/MM/YYYY HH:MM if Tim confirms",changeHistory.op.DELETE,Deleted,,text-only,,timestamp with time zone
purchase_orders,created_at,audit_std,hide: the trail entry already says who and when,,,Created on,,,timestamp with time zone
purchase_orders,created_by,audit_std,hide: the trail entry already says who and when,,,Created by,,,uuid
purchase_orders,updated_at,audit_std,hide: the trail entry already says who and when,,,Updated on,,,timestamp with time zone
purchase_orders,updated_by,audit_std,hide: the trail entry already says who and when,,,Updated by,,,uuid
purchase_orders,deleted_by,actor,bare auth-account uuid (no FK) → person name via loadActorNames (app/components/ActorName.tsx:49),,,Deleted by,,,uuid
purchase_orders,delete_reason,text,verbatim,,,Delete reason,,,text
purchase_orders,cancelled_by,actor,bare auth-account uuid (no FK) → person name via loadActorNames (app/components/ActorName.tsx:49),,,Cancelled by,,,uuid
purchase_orders,contract_id,fk_document,"contracts.code (document number, prefix CON)",contracts.colContract,Contract,,text-only,,uuid
purchase_orders,tax_total_ccy,money,"formatAmount(n, row.currency) (lib/format.ts:32)",purchasing.colTaxTotal,GST,,high,app/purchasing/orders/[id]/page.tsx:511,numeric
purchase_orders,delivery_location,text,verbatim,purchasing.form.deliveryLocation,Delivery location,,high,app/purchasing/orders/new/NewOrderForm.tsx:672,text
purchase_orders,category,enum,"message keys poCategory.name.<v> (registered in scripts/check-i18n.mjs, build-checked)",poCategory.label,Category,,high,app/purchasing/orders/[id]/page.tsx:724,text
purchase_orders,closed_by,actor,bare auth-account uuid (no FK) → person name via loadActorNames (app/components/ActorName.tsx:49),,,Closed by,,,uuid
purchase_orders,close_reason,text,verbatim,,,Reason for closing,,,text
purchase_orders,reopened_at,timestamp_audit,"U1-B (2026-10-05): when a closed purchase order was reopened",,,Reopened on,,,timestamp with time zone
purchase_orders,reopened_by,actor,bare auth-account uuid (no FK) → person name via loadActorNames (app/components/ActorName.tsx:49),,,Reopened by,,,uuid
purchase_orders,reopen_reason,text,verbatim,,,Reason for reopening,,,text
qt_issues,id,technical,hide: row identity (the trail names the record in its heading),,,ID,,,uuid
qt_issues,quote_id,fk_document,"quotes.code (document number, prefix QT)",,,Quote,,,uuid
qt_issues,version,technical,hide,,,Version,,,integer
qt_issues,file_path,technical,hide,,,File path,,,text
qt_issues,sha256,text,verbatim,,,Sha256,,,text
qt_issues,issued_at,timestamp_audit,"formatAuditStamp (lib/dates.ts:251) → ""2026-09-01 14:33"" today; DD/MM/YYYY HH:MM if Tim confirms",cn.colIssued,Issued,,text-only,,timestamp with time zone
qt_issues,issued_by,actor,bare auth-account uuid (no FK) → person name via loadActorNames (app/components/ActorName.tsx:49),,,Issued by,,,uuid
quote_history,id,technical,hide: row identity (the trail names the record in its heading),,,ID,,,uuid
quote_history,quote_id,fk_document,"quotes.code (document number, prefix QT)",,,Quote,,,uuid
quote_history,change_type,enum,"message keys quotes.changeType.<v> (registered in scripts/check-i18n.mjs, build-checked)",,,Change type,,,text
quote_history,detail,text,verbatim,auditTrail.colDetail,Detail,,high,app/components/audit/BatchAuditTrailTable.tsx:81,text
quote_history,changed_at,timestamp_audit,"formatAuditStamp (lib/dates.ts:251) → ""2026-09-01 14:33"" today; DD/MM/YYYY HH:MM if Tim confirms",assets.history.type.updated,Changed,,text-only,,timestamp with time zone
quote_history,changed_by,actor,bare auth-account uuid (no FK) → person name via loadActorNames (app/components/ActorName.tsx:49),,,Changed by,,,uuid
quote_lines,id,technical,hide: row identity (the trail names the record in its heading),,,ID,,,uuid
quote_lines,quote_id,fk_document,"quotes.code (document number, prefix QT)",,,Quote,,,uuid
quote_lines,line_no,number,"number with unit (qty kg, %, rate); Intl en-US grouping",,,Line number,,,integer
quote_lines,material_id,fk_document,"materials.code (document number, prefix MAT)",inbound.colMaterial,Material,,text-only,,uuid
quote_lines,quantity,number,"number with unit (qty kg, %, rate); Intl en-US grouping",sales.form.qty,Quantity,,medium,app/sales/quotes/[id]/QuoteLinesEditor.tsx:107,numeric
quote_lines,unit_price,money,"formatAmount(n, quotes.currency via quote_id) (lib/format.ts:32)",sales.form.unitPrice,Unit price,,high,app/sales/quotes/[id]/QuoteLinesEditor.tsx:228,numeric
quote_lines,price_source,enum,message keys purchasing.priceSource.<v> (2/2 values; key exists; not seen on a page that reads this table),,,Price source,,,text
quote_lines,price_provenance,jsonb,no generic rendering: needs a per-column renderer or hide (never raw JSON),,,Price provenance,,,jsonb
quote_lines,notes,text,verbatim,assay.notes,Notes,,text-only,,text
quote_lines,created_at,audit_std,hide: the trail entry already says who and when,,,Created on,,,timestamp with time zone
quotes,id,technical,hide: row identity (the trail names the record in its heading),,,ID,,,uuid
quotes,code,text,verbatim,,,Quote number,,,text
quotes,customer_id,fk_document,"customers.code (document number, prefix CUS)",cn.colCustomer,Customer,,text-only,,uuid
quotes,quote_date,date,"formatDate (lib/dates.ts:193) → today ""01 Sep 2026""; Tim now asks DD/MM/YYYY",quotes.colQuoteDate,Quoted,,high,app/sales/quotes/QuotesTable.tsx:45,date
quotes,valid_until,date,"formatDate (lib/dates.ts:193) → today ""01 Sep 2026""; Tim now asks DD/MM/YYYY",quotes.colValidUntil,Valid until,,high,app/sales/quotes/QuotesTable.tsx:49,date
quotes,currency,currency,"show the ISO code (currencies.code; every page shows the code, e.g. ""SGD"")",sales.colCurrency,Currency,,high,app/sales/quotes/QuotesTable.tsx:69,text
quotes,fx_rate,number,"number with unit (qty kg, %, rate); Intl en-US grouping",hr.colFxRate,FX rate,,text-only,,numeric
quotes,status,enum,message keys quotes.status.<v> (4/4 values; used on a page that reads this table),sales.colStatus,Status,,high,app/sales/quotes/QuotesTable.tsx:65,text
quotes,decline_reason,text,verbatim,,,Decline reason,,,text
quotes,converted_order_id,fk_document,"sales_orders.code (document number, prefix SO)",quotes.colOrder,Converted to,,high,app/sales/quotes/QuotesTable.tsx:73,uuid
quotes,notes,text,verbatim,assay.notes,Notes,,text-only,,text
quotes,terms_text,text,verbatim,purchasing.form.termsText,Terms text,,text-only,,text
quotes,deleted_at,timestamp_audit,"formatAuditStamp (lib/dates.ts:251) → ""2026-09-01 14:33"" today; DD/MM/YYYY HH:MM if Tim confirms",changeHistory.op.DELETE,Deleted,,text-only,,timestamp with time zone
quotes,created_at,audit_std,hide: the trail entry already says who and when,,,Created on,,,timestamp with time zone
quotes,created_by,audit_std,hide: the trail entry already says who and when,,,Created by,,,uuid
quotes,updated_at,audit_std,hide: the trail entry already says who and when,,,Updated on,,,timestamp with time zone
quotes,updated_by,audit_std,hide: the trail entry already says who and when,,,Updated by,,,uuid
quotes,deleted_by,actor,bare auth-account uuid (no FK) → person name via loadActorNames (app/components/ActorName.tsx:49),,,Deleted by,,,uuid
quotes,delete_reason,text,verbatim,,,Delete reason,,,text
receipt_price_requests,id,technical,hide: row identity (the trail names the record in its heading),,,ID,,,uuid
receipt_price_requests,inbound_batch_id,fk_document,"inbound_batches.code (document number, prefix IN)",deleted.kind.inbound_batch,Inbound batch,,text-only,,uuid
receipt_price_requests,source,enum,"message keys inbound.priceRequest.source.<v> (registered in scripts/check-i18n.mjs, build-checked)",inbound.colSource,Source,,high,app/inbound/InboundTable.tsx:113,text
receipt_price_requests,assay_result_id,fk_document,"assay_results.code (document number, prefix ASY)",search.docType.assay_result,Assay results,,text-only,,uuid
receipt_price_requests,commitment_id,fk_other,pricing_term_commitments: composed description (see target table),,,Commitment,,,uuid
receipt_price_requests,status,enum,"message keys inbound.priceRequest.status.<v> (registered in scripts/check-i18n.mjs, build-checked)",inbound.colStatus,Status,,high,app/inbound/InboundTable.tsx:135,text
receipt_price_requests,label,text,verbatim,batchLabel.col,Label,,high,app/inbound/InboundTable.tsx:169,text
receipt_price_requests,unit_price_ccy,money,"formatAmount(n, row.currency) (lib/format.ts:32)",inbound.priceRequest.current,Current unit price,,high,app/inbound/[id]/edit/ReceiptPriceRequestPanel.tsx:96,numeric
receipt_price_requests,currency,currency,"show the ISO code (currencies.code; every page shows the code, e.g. ""SGD"")",inbound.pricing.currency,Currency,,high,app/inbound/[id]/edit/PricingPanel.tsx:215,text
receipt_price_requests,snapshot,jsonb,no generic rendering: needs a per-column renderer or hide (never raw JSON),breadcrumb.snapshot,Snapshot,,text-only,,jsonb
receipt_price_requests,old_unit_price,money,"formatAmount(n, row.currency) (lib/format.ts:32)",,,Previous unit price,,,numeric
receipt_price_requests,amount_base,money,"formatAmount(n, base currency from getBaseCurrency lib/currency.ts:16) (lib/format.ts:32)",assets.detail.colAmountCcy,Amount,,text-only,,numeric
receipt_price_requests,notes,text,verbatim,inbound.priceRequest.notes,Notes,,high,app/inbound/[id]/edit/ReceiptPriceRequestPanel.tsx:103,text
receipt_price_requests,decided_at,timestamp_audit,"formatAuditStamp (lib/dates.ts:251) → ""2026-09-01 14:33"" today; DD/MM/YYYY HH:MM if Tim confirms",finance.paymentRequests.decidedAt,Decided,,text-only,,timestamp with time zone
receipt_price_requests,decided_by,actor,bare auth-account uuid (no FK) → person name via loadActorNames (app/components/ActorName.tsx:49),finance.selfApproved.colDecider,Decided by,,text-only,,uuid
receipt_price_requests,decision_notes,text,verbatim,leave.decisionNotes,Decision notes,,text-only,,text
receipt_price_requests,posted_unit_price,money,"formatAmount(n, row.currency) (lib/format.ts:32)",,,Posted unit price,,,numeric
receipt_price_requests,result_journal_entry_id,fk_document,"journal_entries.code (document number, prefix JE)",,,Result journal entry,,,uuid
receipt_price_requests,withdrawn_at,timestamp_audit,"formatAuditStamp (lib/dates.ts:251) → ""2026-09-01 14:33"" today; DD/MM/YYYY HH:MM if Tim confirms",assetDisposal.status.withdrawn,withdrawn,,text-only,,timestamp with time zone
receipt_price_requests,withdrawn_by,actor,bare auth-account uuid (no FK) → person name via loadActorNames (app/components/ActorName.tsx:49),,,Withdrawn by,,,uuid
receipt_price_requests,withdraw_reason,text,verbatim,,,Withdraw reason,,,text
receipt_price_requests,created_at,audit_std,hide: the trail entry already says who and when,,,Created on,,,timestamp with time zone
receipt_price_requests,created_by,audit_std,hide: the trail entry already says who and when,,,Created by,,,uuid
receiving_settings,id,own_key,show as-is: the record's own business key (code/number),,,ID,,,boolean
receiving_settings,grn_short_pct,number,"number with unit (qty kg, %, rate); Intl en-US grouping",,,GRN short %,,,numeric
receiving_settings,grn_over_pct,number,"number with unit (qty kg, %, rate); Intl en-US grouping",,,GRN over %,,,numeric
receiving_settings,grn_assay_tolerance_pct,number,"number with unit (qty kg, %, rate); Intl en-US grouping",,,GRN assay tolerance %,,,numeric
receiving_settings,notes,text,verbatim,inbound.pricing.notes,Notes,,high,app/inbound/[id]/edit/PricingPanel.tsx:231,text
receiving_settings,updated_at,audit_std,hide: the trail entry already says who and when,,,Updated on,,,timestamp with time zone
receiving_settings,updated_by,audit_std,hide: the trail entry already says who and when,,,Updated by,,,uuid
review_cycles,id,technical,hide: row identity (the trail names the record in its heading),,,ID,,,uuid
review_cycles,name,text,verbatim,reviews.cycleName,Name,,high,app/hr/reviews/cycles/CycleForm.tsx:51,text
review_cycles,period_start,date,"formatDate (lib/dates.ts:193) → today ""01 Sep 2026""; Tim now asks DD/MM/YYYY",bank.periodStart,Period start,,text-only,,date
review_cycles,period_end,date,"formatDate (lib/dates.ts:193) → today ""01 Sep 2026""; Tim now asks DD/MM/YYYY",assets.depPeriodEnd,Period end,,text-only,,date
review_cycles,due_date,date,"formatDate (lib/dates.ts:193) → today ""01 Sep 2026""; Tim now asks DD/MM/YYYY",reviews.dueDate,Due date,,high,app/hr/reviews/cycles/page.tsx:142,date
review_cycles,status,enum,"message keys reviews.cycleStatus_<v> (registered in scripts/check-i18n.mjs, build-checked)",reviews.status,Status,,high,app/hr/reviews/ReviewsTable.tsx:60,text
review_cycles,notes,text,verbatim,leave.notes,Notes,,high,app/hr/reviews/cycles/CycleForm.tsx:66,text
review_cycles,deleted_at,timestamp_audit,"formatAuditStamp (lib/dates.ts:251) → ""2026-09-01 14:33"" today; DD/MM/YYYY HH:MM if Tim confirms",changeHistory.op.DELETE,Deleted,,text-only,,timestamp with time zone
review_cycles,created_at,audit_std,hide: the trail entry already says who and when,,,Created on,,,timestamp with time zone
review_cycles,created_by,audit_std,hide: the trail entry already says who and when,,,Created by,,,uuid
review_cycles,updated_at,audit_std,hide: the trail entry already says who and when,,,Updated on,,,timestamp with time zone
review_cycles,updated_by,audit_std,hide: the trail entry already says who and when,,,Updated by,,,uuid
review_goals,id,technical,hide: row identity (the trail names the record in its heading),,,ID,,,uuid
review_goals,review_id,fk_other,performance_reviews: composed description (see target table),hr.subnav.reviews,Reviews,,text-only,,uuid
review_goals,sequence,number,"number with unit (qty kg, %, rate); Intl en-US grouping",,,Sequence,,,integer
review_goals,objective_text,text,verbatim,,,Objective text,,,text
review_goals,employee_result_text,text,verbatim,,,Employee result text,,,text
review_goals,reviewer_assessment_text,text,verbatim,,,Reviewer assessment text,,,text
review_goals,created_at,audit_std,hide: the trail entry already says who and when,,,Created on,,,timestamp with time zone
review_goals,created_by,audit_std,hide: the trail entry already says who and when,,,Created by,,,uuid
review_goals,updated_at,audit_std,hide: the trail entry already says who and when,,,Updated on,,,timestamp with time zone
review_goals,updated_by,audit_std,hide: the trail entry already says who and when,,,Updated by,,,uuid
review_goals,target_value,number,"number with unit (qty kg, %, rate); Intl en-US grouping",,,Target value,,,numeric
review_goals,actual_value,number,"number with unit (qty kg, %, rate); Intl en-US grouping",,,Actual value,,,numeric
review_goals,unit,enum_like,closed value set by convention but no single-column CHECK: needs a value→words map (history old_/new_ columns can reuse the parent column's keys),contractDetail.field.volume_commitments.unit,Unit,,text-only,,text
review_rating_scale,code,own_key,show as-is: the record's own business key (code/number),,,Code,,,text
review_rating_scale,name_en,text,verbatim,permissions.nameEn,Name (EN),,high,app/hr/reviews/scale/ScaleEditor.tsx:89,text
review_rating_scale,name_zh,text,verbatim,permissions.nameZh,Name (ZH),,high,app/hr/reviews/scale/ScaleEditor.tsx:91,text
review_rating_scale,description_en,text,verbatim,permissions.descriptionEn,Description (EN),,text-only,,text
review_rating_scale,description_zh,text,verbatim,permissions.descriptionZh,Description (ZH),,text-only,,text
review_rating_scale,sort_order,technical,hide,,,Sort order,,,integer
review_rating_scale,is_active,boolean,words: Yes / No (common.yes/common.no if present) or a column-specific phrase,reviews.scaleActive,Active,,high,app/hr/reviews/scale/ScaleEditor.tsx:125,boolean
review_rating_scale,is_probation_pass,boolean,words: Yes / No (common.yes/common.no if present) or a column-specific phrase,reviews.scaleProbationPass,Usually passes probation,,high,app/hr/reviews/scale/ScaleEditor.tsx:134,boolean
review_rating_scale,notes,text,verbatim,hr.colNotes,Notes,,high,app/hr/employees/[id]/page.tsx:375,text
review_rating_scale,created_at,audit_std,hide: the trail entry already says who and when,,,Created on,,,timestamp with time zone
review_rating_scale,created_by,audit_std,hide: the trail entry already says who and when,,,Created by,,,uuid
review_rating_scale,updated_at,audit_std,hide: the trail entry already says who and when,,,Updated on,,,timestamp with time zone
review_rating_scale,updated_by,audit_std,hide: the trail entry already says who and when,,,Updated by,,,uuid
role_permissions,role_id,dict,roles.name_en (via id),contacts.colRole,Role,,text-only,,uuid
role_permissions,permission_code,dict,permissions.name_en (via code),permissions.permission,Permission,,text-only,,text
role_permissions,created_at,audit_std,hide: the trail entry already says who and when,,,Created on,,,timestamp with time zone
role_permissions,created_by,audit_std,hide: the trail entry already says who and when,,,Created by,,,uuid
roles,id,technical,hide: row identity (the trail names the record in its heading),,,ID,,,uuid
roles,code,text,verbatim,,,Code,,,text
roles,name_en,text,verbatim,permissions.nameEn,Name (EN),,high,app/settings/roles/RoleForm.tsx:107,text
roles,name_zh,text,verbatim,permissions.nameZh,Name (ZH),,high,app/settings/roles/RoleForm.tsx:115,text
roles,description_en,text,verbatim,permissions.descriptionEn,Description (EN),,high,app/settings/roles/RoleForm.tsx:123,text
roles,description_zh,text,verbatim,permissions.descriptionZh,Description (ZH),,high,app/settings/roles/RoleForm.tsx:131,text
roles,is_system,boolean,words: Yes / No (common.yes/common.no if present) or a column-specific phrase,permissions.systemRole,system,,high,app/settings/roles/RolesTable.tsx:36,boolean
roles,is_active,boolean,words: Yes / No (common.yes/common.no if present) or a column-specific phrase,permissions.active,Active,,high,app/settings/roles/RolesTable.tsx:54,boolean
roles,sort_order,technical,hide,,,Sort order,,,integer
roles,deleted_at,timestamp_audit,"formatAuditStamp (lib/dates.ts:251) → ""2026-09-01 14:33"" today; DD/MM/YYYY HH:MM if Tim confirms",changeHistory.op.DELETE,Deleted,,text-only,,timestamp with time zone
roles,created_at,audit_std,hide: the trail entry already says who and when,,,Created on,,,timestamp with time zone
roles,created_by,audit_std,hide: the trail entry already says who and when,,,Created by,,,uuid
roles,updated_at,audit_std,hide: the trail entry already says who and when,,,Updated on,,,timestamp with time zone
roles,updated_by,audit_std,hide: the trail entry already says who and when,,,Updated by,,,uuid
salary_change_requests,id,technical,hide: row identity (the trail names the record in its heading),,,ID,,,uuid
salary_change_requests,status,enum,"message keys salaryChange.status.<v> (registered in scripts/check-i18n.mjs, build-checked)",assets.history.field.status,Status,,text-only,,text
salary_change_requests,label,text,verbatim,batchLabel.col,Label,,text-only,,text
salary_change_requests,employee_id,fk_person,"employees.id → person name: loadActorNames(…, employeeIds) space=""employee"" (app/components/ActorName.tsx:49,119); employee_lookup view for readers without hr.view",attendance.colEmployee,Employee,,text-only,,uuid
salary_change_requests,old_monthly_salary,money,NO determinable currency column,,,Previous monthly salary,,,numeric
salary_change_requests,new_monthly_salary,money,NO determinable currency column,reviews.newSalary,New monthly salary,,text-only,,numeric
salary_change_requests,effective_date,date,"formatDate (lib/dates.ts:193) → today ""01 Sep 2026""; Tim now asks DD/MM/YYYY",hr.effectiveDate,Effective date,,text-only,,date
salary_change_requests,reason,text,verbatim,assay.unapplyReason,Reason,,text-only,,text
salary_change_requests,snapshot,jsonb,no generic rendering: needs a per-column renderer or hide (never raw JSON),breadcrumb.snapshot,Snapshot,,text-only,,jsonb
salary_change_requests,decided_at,timestamp_audit,"formatAuditStamp (lib/dates.ts:251) → ""2026-09-01 14:33"" today; DD/MM/YYYY HH:MM if Tim confirms",finance.paymentRequests.decidedAt,Decided,,text-only,,timestamp with time zone
salary_change_requests,decided_by,actor,bare auth-account uuid (no FK) → person name via loadActorNames (app/components/ActorName.tsx:49),finance.selfApproved.colDecider,Decided by,,text-only,,uuid
salary_change_requests,decided_via,text,verbatim,,,Decided via,,,text
salary_change_requests,decision_notes,text,verbatim,leave.decisionNotes,Decision notes,,text-only,,text
salary_change_requests,executed_at,timestamp_audit,"formatAuditStamp (lib/dates.ts:251) → ""2026-09-01 14:33"" today; DD/MM/YYYY HH:MM if Tim confirms",,,Executed on,,,timestamp with time zone
salary_change_requests,withdrawn_at,timestamp_audit,"formatAuditStamp (lib/dates.ts:251) → ""2026-09-01 14:33"" today; DD/MM/YYYY HH:MM if Tim confirms",assetDisposal.status.withdrawn,withdrawn,,text-only,,timestamp with time zone
salary_change_requests,withdrawn_by,actor,bare auth-account uuid (no FK) → person name via loadActorNames (app/components/ActorName.tsx:49),,,Withdrawn by,,,uuid
salary_change_requests,withdraw_reason,text,verbatim,,,Withdraw reason,,,text
salary_change_requests,created_at,audit_std,hide: the trail entry already says who and when,,,Created on,,,timestamp with time zone
salary_change_requests,created_by,audit_std,hide: the trail entry already says who and when,,,Created by,,,uuid
sales_attribution_log,id,technical,hide: row identity (the trail names the record in its heading),,,ID,,,uuid
sales_attribution_log,sales_record_id,fk_other,sales_records: composed description (see target table),,,Sales record,,,uuid
sales_attribution_log,customer_id,fk_document,"customers.code (document number, prefix CUS)",cn.colCustomer,Customer,,text-only,,uuid
sales_attribution_log,amount_base,money,"formatAmount(n, base currency from getBaseCurrency lib/currency.ts:16) (lib/format.ts:32)",assets.detail.colAmountCcy,Amount,,text-only,,numeric
sales_attribution_log,exposure_after,number,"number with unit (qty kg, %, rate); Intl en-US grouping",,,Exposure after,,,numeric
sales_attribution_log,note,text,verbatim,attendance.colNote,Note,,text-only,,text
sales_attribution_log,attributed_at,timestamp_audit,"formatAuditStamp (lib/dates.ts:251) → ""2026-09-01 14:33"" today; DD/MM/YYYY HH:MM if Tim confirms",,,Attributed on,,,timestamp with time zone
sales_attribution_log,attributed_by,actor,bare auth-account uuid (no FK) → person name via loadActorNames (app/components/ActorName.tsx:49),,,Attributed by,,,uuid
sales_order_history,id,technical,hide: row identity (the trail names the record in its heading),,,ID,,,uuid
sales_order_history,sales_order_id,fk_document,"sales_orders.code (document number, prefix SO)",deleted.kind.sales_order,Sales order,,text-only,,uuid
sales_order_history,change_type,enum,"message keys sales.changeType.<v> (registered in scripts/check-i18n.mjs, build-checked)",,,Change type,,,text
sales_order_history,detail,text,verbatim,auditTrail.colDetail,Detail,,text-only,,text
sales_order_history,changed_at,timestamp_audit,"formatAuditStamp (lib/dates.ts:251) → ""2026-09-01 14:33"" today; DD/MM/YYYY HH:MM if Tim confirms",assets.history.type.updated,Changed,,text-only,,timestamp with time zone
sales_order_history,changed_by,actor,bare auth-account uuid (no FK) → person name via loadActorNames (app/components/ActorName.tsx:49),,,Changed by,,,uuid
sales_order_history,sales_order_line_id,uuid_nofk,"polymorphic / soft reference: resolve by the paired type column, else hide",,,Sales order line,,,uuid
sales_order_history,line_no,number,"number with unit (qty kg, %, rate); Intl en-US grouping",,,Line number,,,integer
sales_order_history,old_notes,text,verbatim,,,Previous notes,,,text
sales_order_history,new_notes,text,verbatim,,,New notes,,,text
sales_order_history,old_terms_text,text,verbatim,,,Previous terms text,,,text
sales_order_history,new_terms_text,text,verbatim,,,New terms text,,,text
sales_order_history,old_quantity,number,"number with unit (qty kg, %, rate); Intl en-US grouping",,,Previous quantity,,,numeric
sales_order_history,new_quantity,number,"number with unit (qty kg, %, rate); Intl en-US grouping",,,New quantity,,,numeric
sales_order_history,old_unit_price,money,"formatAmount(n, sales_orders.currency via sales_order_id) (lib/format.ts:32)",,,Previous unit price,,,numeric
sales_order_history,new_unit_price,money,"formatAmount(n, sales_orders.currency via sales_order_id) (lib/format.ts:32)",,,New unit price,,,numeric
sales_order_history,amend_reason,text,verbatim,,,Amend reason,,,text
sales_order_lines,id,technical,hide: row identity (the trail names the record in its heading),,,ID,,,uuid
sales_order_lines,sales_order_id,fk_document,"sales_orders.code (document number, prefix SO)",deleted.kind.sales_order,Sales order,,text-only,,uuid
sales_order_lines,line_no,number,"number with unit (qty kg, %, rate); Intl en-US grouping",,,Line number,,,integer
sales_order_lines,material_id,fk_document,"materials.code (document number, prefix MAT)",sales.colMaterial,Material,,high,app/sales/orders/[id]/amend/AmendOrderForm.tsx:308,uuid
sales_order_lines,quantity,number,"number with unit (qty kg, %, rate); Intl en-US grouping",sales.form.qty,Quantity,,high,app/sales/orders/[id]/OrderLinesTable.tsx:26,numeric
sales_order_lines,unit_price,money,"formatAmount(n, sales_orders.currency via sales_order_id) (lib/format.ts:32)",sales.form.unitPrice,Unit price,,high,app/sales/orders/[id]/OrderLinesTable.tsx:27,numeric
sales_order_lines,price_source,enum,message keys purchasing.priceSource.<v> (2/2 values; key exists; not seen on a page that reads this table),,,Price source,,,text
sales_order_lines,price_provenance,jsonb,no generic rendering: needs a per-column renderer or hide (never raw JSON),,,Price provenance,,,jsonb
sales_order_lines,notes,text,verbatim,sales.form.notes,Notes,,high,app/sales/orders/[id]/amend/AmendOrderForm.tsx:515,text
sales_order_lines,created_at,audit_std,hide: the trail entry already says who and when,,,Created on,,,timestamp with time zone
sales_order_reservations,id,technical,hide: row identity (the trail names the record in its heading),,,ID,,,uuid
sales_order_reservations,sales_order_line_id,fk_other,sales_order_lines: composed description (see target table),,,Sales order line,,,uuid
sales_order_reservations,output_batch_id,fk_document,"output_batches.code (document number, prefix OUT)",deleted.kind.output_batch,Output batch,,text-only,,uuid
sales_order_reservations,location_id,fk_other,storage_locations: composed description (see target table),stock.receiptLocation,Storage location,,high,app/components/inventory/LocationPicker.tsx:23,uuid
sales_order_reservations,qty,number,"number with unit (qty kg, %, rate); Intl en-US grouping",sales.form.qty,Quantity,,high,app/sales/orders/[id]/amend/AmendOrderForm.tsx:325,numeric
sales_order_reservations,pair_id,uuid_nofk,"polymorphic / soft reference: resolve by the paired type column, else hide",,,Pair,,,uuid
sales_order_reservations,created_at,audit_std,hide: the trail entry already says who and when,,,Created on,,,timestamp with time zone
sales_order_reservations,created_by,audit_std,hide: the trail entry already says who and when,,,Created by,,,uuid
sales_order_reservations,released_at,timestamp_audit,"formatAuditStamp (lib/dates.ts:251) → ""2026-09-01 14:33"" today; DD/MM/YYYY HH:MM if Tim confirms",leave.entry_release,Released,,text-only,,timestamp with time zone
sales_order_reservations,released_by,actor,bare auth-account uuid (no FK) → person name via loadActorNames (app/components/ActorName.tsx:49),,,Released by,,,uuid
sales_order_reservations,release_reason,text,verbatim,sales.reserve.releaseReason,Reason,,high,app/sales/orders/[id]/ReleaseControl.tsx:93,text
sales_order_reservations,release_pair_id,uuid_nofk,"polymorphic / soft reference: resolve by the paired type column, else hide",,,Release pair,,,uuid
sales_order_reservations,consumed_at,timestamp_audit,"formatAuditStamp (lib/dates.ts:251) → ""2026-09-01 14:33"" today; DD/MM/YYYY HH:MM if Tim confirms",finance.consumedPay,Consumed,,text-only,,timestamp with time zone
sales_order_reservations,consumed_by,actor,bare auth-account uuid (no FK) → person name via loadActorNames (app/components/ActorName.tsx:49),,,Consumed by,,,uuid
sales_orders,id,technical,hide: row identity (the trail names the record in its heading),,,ID,,,uuid
sales_orders,code,text,verbatim,,,Sales order number,,,text
sales_orders,customer_id,fk_document,"customers.code (document number, prefix CUS)",cn.colCustomer,Customer,,text-only,,uuid
sales_orders,order_date,date,"formatDate (lib/dates.ts:193) → today ""01 Sep 2026""; Tim now asks DD/MM/YYYY",sales.colDate,Order date,,high,app/sales/orders/[id]/amend/AmendOrderForm.tsx:391,date
sales_orders,status,enum,message keys sales.status.<v> (6/6 values; used on a page that reads this table),sales.colStatus,Status,,high,app/sales/orders/SalesOrdersTable.tsx:36,text
sales_orders,currency,currency,"show the ISO code (currencies.code; every page shows the code, e.g. ""SGD"")",output.sale.currency,Currency,,high,app/finance/invoices/[id]/page.tsx:487,text
sales_orders,fx_rate,number,"number with unit (qty kg, %, rate); Intl en-US grouping",hr.colFxRate,FX rate,,text-only,,numeric
sales_orders,notes,text,verbatim,sales.form.notes,Notes,,high,app/sales/orders/[id]/amend/AmendOrderForm.tsx:515,text
sales_orders,terms_text,text,verbatim,sales.amend.terms,Terms text,,high,app/sales/orders/[id]/amend/AmendOrderForm.tsx:521,text
sales_orders,confirmed_at,timestamp_audit,"formatAuditStamp (lib/dates.ts:251) → ""2026-09-01 14:33"" today; DD/MM/YYYY HH:MM if Tim confirms",,,Confirmed on,,,timestamp with time zone
sales_orders,closed_at,timestamp_audit,"formatAuditStamp (lib/dates.ts:251) → ""2026-09-01 14:33"" today; DD/MM/YYYY HH:MM if Tim confirms",finance.closeStatus.active,Closed,,text-only,,timestamp with time zone
sales_orders,cancelled_at,timestamp_audit,"formatAuditStamp (lib/dates.ts:251) → ""2026-09-01 14:33"" today; DD/MM/YYYY HH:MM if Tim confirms",chases.outcome_cancelled,Cancelled,,text-only,,timestamp with time zone
sales_orders,cancel_reason,text,verbatim,sales.cancelReason,Cancellation reason,,high,app/sales/orders/[id]/page.tsx:144,text
sales_orders,deleted_at,timestamp_audit,"formatAuditStamp (lib/dates.ts:251) → ""2026-09-01 14:33"" today; DD/MM/YYYY HH:MM if Tim confirms",changeHistory.op.DELETE,Deleted,,text-only,,timestamp with time zone
sales_orders,created_at,audit_std,hide: the trail entry already says who and when,,,Created on,,,timestamp with time zone
sales_orders,created_by,audit_std,hide: the trail entry already says who and when,,,Created by,,,uuid
sales_orders,updated_at,audit_std,hide: the trail entry already says who and when,,,Updated on,,,timestamp with time zone
sales_orders,updated_by,audit_std,hide: the trail entry already says who and when,,,Updated by,,,uuid
sales_orders,deleted_by,actor,bare auth-account uuid (no FK) → person name via loadActorNames (app/components/ActorName.tsx:49),,,Deleted by,,,uuid
sales_orders,delete_reason,text,verbatim,,,Delete reason,,,text
sales_orders,contract_id,fk_document,"contracts.code (document number, prefix CON)",contracts.colContract,Contract,,text-only,,uuid
sales_record_movements,id,technical,hide: row identity (the trail names the record in its heading),,,ID,,,uuid
sales_record_movements,sales_record_id,fk_other,sales_records: composed description (see target table),,,Sales record,,,uuid
sales_record_movements,movement_id,fk_other,inventory_movements: composed description (see target table),reports.colType,Movement,,text-only,,uuid
sales_record_movements,created_at,audit_std,hide: the trail entry already says who and when,,,Created on,,,timestamp with time zone
sales_records,id,technical,hide: row identity (the trail names the record in its heading),,,ID,,,uuid
sales_records,output_batch_id,fk_document,"output_batches.code (document number, prefix OUT)",deleted.kind.output_batch,Output batch,,text-only,,uuid
sales_records,customer_id,fk_document,"customers.code (document number, prefix CUS)",invoice.form.selectCustomer,Select customer,,high,app/finance/invoices/new/NewInvoiceForm.tsx:377,uuid
sales_records,quantity,number,"number with unit (qty kg, %, rate); Intl en-US grouping",invoice.colQuantity,Quantity,,high,app/finance/invoices/new/NewInvoiceForm.tsx:211,numeric
sales_records,unit_price,money,"formatAmount(n, row.currency) (lib/format.ts:32)",invoice.colUnitPrice,Unit price,,high,app/finance/invoices/new/NewInvoiceForm.tsx:215,numeric
sales_records,currency,currency,"show the ISO code (currencies.code; every page shows the code, e.g. ""SGD"")",assets.history.field.currency,Currency,,text-only,,text
sales_records,fx_rate,number,"number with unit (qty kg, %, rate); Intl en-US grouping",hr.colFxRate,FX rate,,text-only,,numeric
sales_records,amount_base,money,"formatAmount(n, base currency from getBaseCurrency lib/currency.ts:16) (lib/format.ts:32)",invoice.colAmount,Amount,,medium,app/finance/invoices/new/NewInvoiceForm.tsx:244,numeric
sales_records,sale_date,date,"formatDate (lib/dates.ts:193) → today ""01 Sep 2026""; Tim now asks DD/MM/YYYY",customers.status.colDate,Sale date,,text-only,,date
sales_records,notes,text,verbatim,invoice.form.notes,Notes,,high,app/finance/invoices/new/NewInvoiceForm.tsx:402,text
sales_records,created_at,audit_std,hide: the trail entry already says who and when,,,Created on,,,timestamp with time zone
sales_records,created_by,audit_std,hide: the trail entry already says who and when,,,Created by,,,uuid
sales_records,cogs_entry_id,fk_document,"journal_entries.code (document number, prefix JE)",,,Cogs entry,,,uuid
sales_records,price_source,enum,message keys purchasing.priceSource.<v> (2/2 values; key exists; not seen on a page that reads this table),,,Price source,,,text
sales_records,price_provenance,jsonb,no generic rendering: needs a per-column renderer or hide (never raw JSON),,,Price provenance,,,jsonb
sales_records,sales_order_line_id,fk_other,sales_order_lines: composed description (see target table),,,Sales order line,,,uuid
sales_settlements,id,technical,hide: row identity (the trail names the record in its heading),,,ID,,,uuid
sales_settlements,sales_order_id,fk_document,"sales_orders.code (document number, prefix SO)",deleted.kind.sales_order,Sales order,,text-only,,uuid
sales_settlements,output_batch_id,fk_document,"output_batches.code (document number, prefix OUT)",deleted.kind.output_batch,Output batch,,text-only,,uuid
sales_settlements,assay_result_id,fk_document,"assay_results.code (document number, prefix ASY)",search.docType.assay_result,Assay results,,text-only,,uuid
sales_settlements,settling_party_used,enum,message keys contracts.settlement.party.<v> (3/3 values; used on a page that reads this table),,,Settling party used,,,text
sales_settlements,weight_basis_used,enum,message keys contracts.settlement.basis.<v> (2/2 values; used on a page that reads this table),,,Weight basis used,,,text
sales_settlements,gross_weight_kg,number,"number with unit (qty kg, %, rate); Intl en-US grouping",,,Gross weight kg,,,numeric
sales_settlements,moisture_pct,number,"number with unit (qty kg, %, rate); Intl en-US grouping",,,Moisture %,,,numeric
sales_settlements,settlement_weight_kg,number,"number with unit (qty kg, %, rate); Intl en-US grouping",,,Settlement weight kg,,,numeric
sales_settlements,metal_value_usd,money,"formatAmount(n, ""USD"") (lib/format.ts:32): currency is in the column name",,,Metal value (USD),,,numeric
sales_settlements,refining_charge_usd,money,"formatAmount(n, ""USD"") (lib/format.ts:32): currency is in the column name",,,Refining charge (USD),,,numeric
sales_settlements,penalty_usd,money,"formatAmount(n, ""USD"") (lib/format.ts:32): currency is in the column name",,,Penalty (USD),,,numeric
sales_settlements,amount_usd,money,"formatAmount(n, ""USD"") (lib/format.ts:32): currency is in the column name",contracts.settlement.colAmount,Amount (USD),,text-only,,numeric
sales_settlements,breakdown,jsonb,no generic rendering: needs a per-column renderer or hide (never raw JSON),pricing.calcResult,Breakdown,,text-only,,jsonb
sales_settlements,terms_snapshot,jsonb,no generic rendering: needs a per-column renderer or hide (never raw JSON),,,Terms snapshot,,,jsonb
sales_settlements,superseded_by,fk_other,sales_settlements: composed description (see target table),,,Superseded by,,,uuid
sales_settlements,computed_at,timestamp_audit,"formatAuditStamp (lib/dates.ts:251) → ""2026-09-01 14:33"" today; DD/MM/YYYY HH:MM if Tim confirms",kpi.computedTag,computed,,text-only,,timestamp with time zone
sales_settlements,computed_by,actor,bare auth-account uuid (no FK) → person name via loadActorNames (app/components/ActorName.tsx:49),,,Computed by,,,uuid
shift_handover_equipment_refs,handover_id,fk_other,shift_handovers: composed description (see target table),,,Handover,,,uuid
shift_handover_equipment_refs,downtime_id,fk_other,equipment_downtime: composed description (see target table),,,Downtime,,,uuid
shift_handover_equipment_refs,created_at,audit_std,hide: the trail entry already says who and when,,,Created on,,,timestamp with time zone
shift_handover_equipment_refs,created_by,audit_std,hide: the trail entry already says who and when,,,Created by,,,uuid
shift_handover_items,id,technical,hide: row identity (the trail names the record in its heading),,,ID,,,uuid
shift_handover_items,handover_id,fk_other,shift_handovers: composed description (see target table),,,Handover,,,uuid
shift_handover_items,item_type_code,dict,handover_item_types.name_en (via code),,,Item type,,,text
shift_handover_items,body,text,verbatim,,,Body,,,text
shift_handover_items,sort_order,technical,hide,,,Sort order,,,integer
shift_handover_items,created_at,audit_std,hide: the trail entry already says who and when,,,Created on,,,timestamp with time zone
shift_handover_items,created_by,audit_std,hide: the trail entry already says who and when,,,Created by,,,uuid
shift_handovers,id,technical,hide: row identity (the trail names the record in its heading),,,ID,,,uuid
shift_handovers,shift_code,dict,shifts.name_en (via code),processing.handover.colShift,Shift,,text-only,,text
shift_handovers,handover_date,date,"formatDate (lib/dates.ts:193) → today ""01 Sep 2026""; Tim now asks DD/MM/YYYY",,,Handover date,,,date
shift_handovers,outgoing_employee_id,fk_person,"employees.id → person name: loadActorNames(…, employeeIds) space=""employee"" (app/components/ActorName.tsx:49,119); employee_lookup view for readers without hr.view",,,Outgoing employee,,,uuid
shift_handovers,incoming_employee_id,fk_person,"employees.id → person name: loadActorNames(…, employeeIds) space=""employee"" (app/components/ActorName.tsx:49,119); employee_lookup view for readers without hr.view",,,Incoming employee,,,uuid
shift_handovers,notes,text,verbatim,assay.notes,Notes,,text-only,,text
shift_handovers,submitted_at,timestamp_audit,"formatAuditStamp (lib/dates.ts:251) → ""2026-09-01 14:33"" today; DD/MM/YYYY HH:MM if Tim confirms",gstFiling.colFrozen,Submitted,,text-only,,timestamp with time zone
shift_handovers,submitted_by,actor,bare auth-account uuid (no FK) → person name via loadActorNames (app/components/ActorName.tsx:49),,,Submitted by,,,uuid
shift_handovers,acknowledged_at,timestamp_audit,"formatAuditStamp (lib/dates.ts:251) → ""2026-09-01 14:33"" today; DD/MM/YYYY HH:MM if Tim confirms",reviews.status_acknowledged,Acknowledged,,text-only,,timestamp with time zone
shift_handovers,acknowledged_by,actor,"employees.id → person name: loadActorNames(…, employeeIds) space=""employee"" (app/components/ActorName.tsx:49,119); employee_lookup view for readers without hr.view",,,Acknowledged by,,,uuid
shift_handovers,created_at,audit_std,hide: the trail entry already says who and when,,,Created on,,,timestamp with time zone
shift_handovers,created_by,audit_std,hide: the trail entry already says who and when,,,Created by,,,uuid
shift_handovers,updated_at,audit_std,hide: the trail entry already says who and when,,,Updated on,,,timestamp with time zone
shift_handovers,updated_by,audit_std,hide: the trail entry already says who and when,,,Updated by,,,uuid
shifts,code,own_key,show as-is: the record's own business key (code/number),,,Code,,,text
shifts,name_en,text,verbatim,dict.f.nameEn,Name (EN),,text-only,,text
shifts,name_zh,text,verbatim,dict.f.nameZh,Name (ZH),,text-only,,text
shifts,starts_at,time,HH:MM / duration in words,leave.startDate,Start,,text-only,,time without time zone
shifts,ends_at,time,HH:MM / duration in words,,,Ends on,,,time without time zone
shifts,is_active,boolean,words: Yes / No (common.yes/common.no if present) or a column-specific phrase,assets.status.active,Active,,text-only,,boolean
shifts,sort_order,technical,hide,,,Sort order,,,integer
shifts,notes,text,verbatim,processing.handover.notes,Notes,,high,app/operation/handovers/new/NewHandoverForm.tsx:146,text
shifts,created_at,audit_std,hide: the trail entry already says who and when,,,Created on,,,timestamp with time zone
shifts,updated_at,audit_std,hide: the trail entry already says who and when,,,Updated on,,,timestamp with time zone
shipment_issues,id,technical,hide: row identity (the trail names the record in its heading),,,ID,,,uuid
shipment_issues,shipment_id,fk_document,"shipments.code (document number, prefix SHP)",contractDetail.opt.base_event.shipment,Shipment,,text-only,,uuid
shipment_issues,version,technical,hide,,,Version,,,integer
shipment_issues,file_path,technical,hide,,,File path,,,text
shipment_issues,sha256,text,verbatim,,,Sha256,,,text
shipment_issues,issued_at,timestamp_audit,"formatAuditStamp (lib/dates.ts:251) → ""2026-09-01 14:33"" today; DD/MM/YYYY HH:MM if Tim confirms",cn.colIssued,Issued,,text-only,,timestamp with time zone
shipment_issues,issued_by,actor,bare auth-account uuid (no FK) → person name via loadActorNames (app/components/ActorName.tsx:49),,,Issued by,,,uuid
shipment_lines,id,technical,hide: row identity (the trail names the record in its heading),,,ID,,,uuid
shipment_lines,shipment_id,fk_document,"shipments.code (document number, prefix SHP)",contractDetail.opt.base_event.shipment,Shipment,,text-only,,uuid
shipment_lines,sales_order_line_id,fk_other,sales_order_lines: composed description (see target table),,,Sales order line,,,uuid
shipment_lines,reservation_id,fk_other,sales_order_reservations: composed description (see target table),,,Reservation,,,uuid
shipment_lines,output_batch_id,fk_document,"output_batches.code (document number, prefix OUT)",deleted.kind.output_batch,Output batch,,text-only,,uuid
shipment_lines,location_id,fk_other,storage_locations: composed description (see target table),stock.unspecifiedLocation,Unspecified location,,medium,app/sales/orders/[id]/ReservationSection.tsx:137,uuid
shipment_lines,qty,number,"number with unit (qty kg, %, rate); Intl en-US grouping",sales.form.qty,Quantity,,high,app/sales/orders/[id]/amend/AmendOrderForm.tsx:325,numeric
shipment_lines,sales_record_id,fk_other,sales_records: composed description (see target table),,,Sales record,,,uuid
shipment_lines,created_at,audit_std,hide: the trail entry already says who and when,,,Created on,,,timestamp with time zone
shipments,id,technical,hide: row identity (the trail names the record in its heading),,,ID,,,uuid
shipments,code,text,verbatim,,,Shipment number,,,text
shipments,sales_order_id,fk_document,"sales_orders.code (document number, prefix SO)",deleted.kind.sales_order,Sales order,,text-only,,uuid
shipments,ship_date,date,"formatDate (lib/dates.ts:193) → today ""01 Sep 2026""; Tim now asks DD/MM/YYYY",sales.shipDetail.colShipDate,Ship date,,high,app/sales/shipments/[id]/page.tsx:154,date
shipments,notes,text,verbatim,sales.shipDetail.colNotes,Notes,,high,app/sales/shipments/[id]/page.tsx:169,text
shipments,created_at,audit_std,hide: the trail entry already says who and when,,,Created on,,,timestamp with time zone
shipments,created_by,audit_std,hide: the trail entry already says who and when,,,Created by,,,uuid
shipments,container_id,fk_document,"containers.code (document number, prefix CTR)",finance.freight.colContainer,Container,,text-only,,uuid
shipping_release_lines,id,technical,hide: row identity (the trail names the record in its heading),,,ID,,,uuid
shipping_release_lines,release_id,fk_other,shipping_releases: composed description (see target table),processing.wo.actions.release,Release,,text-only,,uuid
shipping_release_lines,invoice_line_id,fk_other,invoice_lines: composed description (see target table),cn.colLine,Invoice line,,text-only,,uuid
shipping_release_lines,sales_order_line_id,fk_other,sales_order_lines: composed description (see target table),,,Sales order line,,,uuid
shipping_release_lines,created_at,audit_std,hide: the trail entry already says who and when,,,Created on,,,timestamp with time zone
shipping_releases,id,technical,hide: row identity (the trail names the record in its heading),,,ID,,,uuid
shipping_releases,sales_order_id,fk_document,"sales_orders.code (document number, prefix SO)",deleted.kind.sales_order,Sales order,,text-only,,uuid
shipping_releases,status,enum,"message keys sales.release.status.<v> (registered in scripts/check-i18n.mjs, build-checked)",assets.history.field.status,Status,,text-only,,text
shipping_releases,label,text,verbatim,sales.reserve.batchLabel,Batch and location,,high,app/sales/orders/[id]/ReserveControl.tsx:82,text
shipping_releases,amount_base,money,"formatAmount(n, base currency from getBaseCurrency lib/currency.ts:16) (lib/format.ts:32)",sales.release.amount,Invoiced amount,,high,app/sales/orders/[id]/ShippingReleasePanel.tsx:116,numeric
shipping_releases,decided_at,timestamp_audit,"formatAuditStamp (lib/dates.ts:251) → ""2026-09-01 14:33"" today; DD/MM/YYYY HH:MM if Tim confirms",finance.paymentRequests.decidedAt,Decided,,text-only,,timestamp with time zone
shipping_releases,decided_by,actor,bare auth-account uuid (no FK) → person name via loadActorNames (app/components/ActorName.tsx:49),finance.selfApproved.colDecider,Decided by,,text-only,,uuid
shipping_releases,decision_notes,text,verbatim,leave.decisionNotes,Decision notes,,text-only,,text
shipping_releases,withdrawn_at,timestamp_audit,"formatAuditStamp (lib/dates.ts:251) → ""2026-09-01 14:33"" today; DD/MM/YYYY HH:MM if Tim confirms",assetDisposal.status.withdrawn,withdrawn,,text-only,,timestamp with time zone
shipping_releases,withdrawn_by,actor,bare auth-account uuid (no FK) → person name via loadActorNames (app/components/ActorName.tsx:49),,,Withdrawn by,,,uuid
shipping_releases,withdraw_reason,text,verbatim,,,Withdraw reason,,,text
shipping_releases,created_at,audit_std,hide: the trail entry already says who and when,,,Created on,,,timestamp with time zone
shipping_releases,created_by,audit_std,hide: the trail entry already says who and when,,,Created by,,,uuid
so_issues,id,technical,hide: row identity (the trail names the record in its heading),,,ID,,,uuid
so_issues,sales_order_id,fk_document,"sales_orders.code (document number, prefix SO)",deleted.kind.sales_order,Sales order,,text-only,,uuid
so_issues,version,technical,hide,,,Version,,,integer
so_issues,file_path,technical,hide,,,File path,,,text
so_issues,sha256,text,verbatim,,,Sha256,,,text
so_issues,issued_at,timestamp_audit,"formatAuditStamp (lib/dates.ts:251) → ""2026-09-01 14:33"" today; DD/MM/YYYY HH:MM if Tim confirms",cn.colIssued,Issued,,text-only,,timestamp with time zone
so_issues,issued_by,actor,bare auth-account uuid (no FK) → person name via loadActorNames (app/components/ActorName.tsx:49),,,Issued by,,,uuid
statement_issues,id,technical,hide: row identity (the trail names the record in its heading),,,ID,,,uuid
statement_issues,statement_id,fk_document,"customer_statements.code (document number, prefix STMT)",chases.subject_statement,Statement,,text-only,,uuid
statement_issues,version,technical,hide,,,Version,,,integer
statement_issues,file_path,technical,hide,,,File path,,,text
statement_issues,sha256,text,verbatim,,,Sha256,,,text
statement_issues,issued_at,timestamp_audit,"formatAuditStamp (lib/dates.ts:251) → ""2026-09-01 14:33"" today; DD/MM/YYYY HH:MM if Tim confirms",cn.colIssued,Issued,,text-only,,timestamp with time zone
statement_issues,issued_by,actor,bare auth-account uuid (no FK) → person name via loadActorNames (app/components/ActorName.tsx:49),,,Issued by,,,uuid
stocktake_counts,id,technical,hide: row identity (the trail names the record in its heading),,,ID,,,uuid
stocktake_counts,stocktake_id,fk_document,"stocktakes.code (document number, prefix ST)",deleted.kind.stocktake,Stocktake,,text-only,,uuid
stocktake_counts,stocktake_line_id,fk_other,stocktake_lines: composed description (see target table),,,Stocktake line,,,uuid
stocktake_counts,inbound_batch_id,fk_document,"inbound_batches.code (document number, prefix IN)",deleted.kind.inbound_batch,Inbound batch,,text-only,,uuid
stocktake_counts,output_batch_id,fk_document,"output_batches.code (document number, prefix OUT)",deleted.kind.output_batch,Output batch,,text-only,,uuid
stocktake_counts,book_qty,number,"number with unit (qty kg, %, rate); Intl en-US grouping",,,Book quantity,,,numeric
stocktake_counts,counted_qty,number,"number with unit (qty kg, %, rate); Intl en-US grouping",,,Counted quantity,,,numeric
stocktake_counts,notes,text,verbatim,assay.notes,Notes,,text-only,,text
stocktake_counts,counted_by,actor,bare auth-account uuid (no FK) → person name via loadActorNames (app/components/ActorName.tsx:49),stocktakes.countedBy,Counted by,,high,app/stocktakes/[id]/review/page.tsx:196,uuid
stocktake_counts,counted_at,timestamp_audit,"formatAuditStamp (lib/dates.ts:251) → ""2026-09-01 14:33"" today; DD/MM/YYYY HH:MM if Tim confirms",assets.detail.entryLive,counted,,text-only,,timestamp with time zone
stocktake_lines,id,technical,hide: row identity (the trail names the record in its heading),,,ID,,,uuid
stocktake_lines,stocktake_id,fk_document,"stocktakes.code (document number, prefix ST)",deleted.kind.stocktake,Stocktake,,text-only,,uuid
stocktake_lines,inbound_batch_id,fk_document,"inbound_batches.code (document number, prefix IN)",deleted.kind.inbound_batch,Inbound batch,,text-only,,uuid
stocktake_lines,output_batch_id,fk_document,"output_batches.code (document number, prefix OUT)",deleted.kind.output_batch,Output batch,,text-only,,uuid
stocktake_lines,book_qty,number,"number with unit (qty kg, %, rate); Intl en-US grouping",,,Book quantity,,,numeric
stocktake_lines,counted_qty,number,"number with unit (qty kg, %, rate); Intl en-US grouping",,,Counted quantity,,,numeric
stocktake_lines,notes,text,verbatim,inbound.pricing.notes,Notes,,high,app/inbound/[id]/edit/PricingPanel.tsx:231,text
stocktake_lines,counted_at,timestamp_audit,"formatAuditStamp (lib/dates.ts:251) → ""2026-09-01 14:33"" today; DD/MM/YYYY HH:MM if Tim confirms",assets.detail.entryLive,counted,,text-only,,timestamp with time zone
stocktake_lines,created_by,audit_std,hide: the trail entry already says who and when,,,Created by,,,uuid
stocktakes,id,technical,hide: row identity (the trail names the record in its heading),,,ID,,,uuid
stocktakes,code,text,verbatim,,,Stocktake number,,,text
stocktakes,status,enum,message keys stocktakes.status.<v> (3/3 values; used on a page that reads this table),stocktakes.colStatus,Status,,high,app/stocktakes/StocktakesTable.tsx:35,text
stocktakes,notes,text,verbatim,output.form.notes,Notes,,high,app/output/[id]/edit/EditOutputForm.tsx:196,text
stocktakes,started_at,timestamp_audit,"formatAuditStamp (lib/dates.ts:251) → ""2026-09-01 14:33"" today; DD/MM/YYYY HH:MM if Tim confirms",leave.startDate,Start,,text-only,,timestamp with time zone
stocktakes,posted_at,timestamp_audit,"formatAuditStamp (lib/dates.ts:251) → ""2026-09-01 14:33"" today; DD/MM/YYYY HH:MM if Tim confirms",stocktakes.colPosted,Posted,,high,app/stocktakes/[id]/page.tsx:197,timestamp with time zone
stocktakes,deleted_at,timestamp_audit,"formatAuditStamp (lib/dates.ts:251) → ""2026-09-01 14:33"" today; DD/MM/YYYY HH:MM if Tim confirms",changeHistory.op.DELETE,Deleted,,text-only,,timestamp with time zone
stocktakes,created_by,audit_std,hide: the trail entry already says who and when,,,Created by,,,uuid
stocktakes,updated_by,audit_std,hide: the trail entry already says who and when,,,Updated by,,,uuid
stocktakes,created_at,audit_std,hide: the trail entry already says who and when,,,Created on,,,timestamp with time zone
stocktakes,updated_at,audit_std,hide: the trail entry already says who and when,,,Updated on,,,timestamp with time zone
stocktakes,deleted_by,actor,bare auth-account uuid (no FK) → person name via loadActorNames (app/components/ActorName.tsx:49),,,Deleted by,,,uuid
stocktakes,delete_reason,text,verbatim,,,Delete reason,,,text
stocktakes,cancelled_at,timestamp_audit,"formatAuditStamp (lib/dates.ts:251) → ""2026-09-01 14:33"" today; DD/MM/YYYY HH:MM if Tim confirms",stocktakes.cancelledAt,Cancelled,,high,app/stocktakes/[id]/page.tsx:187,timestamp with time zone
stocktakes,cancelled_by,actor,bare auth-account uuid (no FK) → person name via loadActorNames (app/components/ActorName.tsx:49),,,Cancelled by,,,uuid
stocktakes,cancel_reason,text,verbatim,stocktakes.cancelReasonLabel,Cancellation reason,,high,app/stocktakes/[id]/page.tsx:204,text
storage_location_allowed_classes,id,technical,hide: row identity (the trail names the record in its heading),,,ID,,,uuid
storage_location_allowed_classes,location_id,fk_other,storage_locations: composed description (see target table),reports.colLocation,Location,,text-only,,uuid
storage_location_allowed_classes,classification_code,dict,waste_classifications.name_en (via code),,,Classification,,,text
storage_location_allowed_classes,created_at,audit_std,hide: the trail entry already says who and when,,,Created on,,,timestamp with time zone
storage_location_allowed_classes,created_by,audit_std,hide: the trail entry already says who and when,,,Created by,,,uuid
storage_locations,id,technical,hide: row identity (the trail names the record in its heading),,,ID,,,uuid
storage_locations,code,text,verbatim,,,Code,,,text
storage_locations,name,text,verbatim,locations.form.name,Name,,high,app/inventory/locations/LocationForm.tsx:69,text
storage_locations,notes,text,verbatim,inbound.form.notes,Notes,,high,app/inbound/new/NewInboundForm.tsx:447,text
storage_locations,created_by,audit_std,hide: the trail entry already says who and when,,,Created by,,,uuid
storage_locations,updated_by,audit_std,hide: the trail entry already says who and when,,,Updated by,,,uuid
storage_locations,created_at,audit_std,hide: the trail entry already says who and when,,,Created on,,,timestamp with time zone
storage_locations,updated_at,audit_std,hide: the trail entry already says who and when,,,Updated on,,,timestamp with time zone
storage_locations,zone,text,verbatim,locations.form.zone,Zone,,high,app/inventory/locations/LocationForm.tsx:83,text
storage_locations,is_active,boolean,words: Yes / No (common.yes/common.no if present) or a column-specific phrase,locations.active,active,,high,app/inventory/locations/LocationsTable.tsx:68,boolean
substances,code,own_key,show as-is: the record's own business key (code/number),,,Code,,,text
substances,name_en,text,verbatim,dict.f.nameEn,Name (EN),,high,app/settings/dictionaries/DictSection.tsx:199,text
substances,name_zh,text,verbatim,dict.f.nameZh,Name (ZH),,high,app/settings/dictionaries/DictSection.tsx:204,text
substances,symbol,text,verbatim,dict.f.symbol,Symbol,,text-only,,text
substances,is_active,boolean,words: Yes / No (common.yes/common.no if present) or a column-specific phrase,dict.f.isActive,Status,,high,app/settings/dictionaries/DictSection.tsx:86,boolean
substances,sort_order,technical,hide,,,Sort order,,,integer
substances,notes,text,verbatim,contracts.form.notes,Notes,,high,app/contracts/[id]/HeaderForm.tsx:130,text
supplier_attachments,id,technical,hide: row identity (the trail names the record in its heading),,,ID,,,uuid
supplier_attachments,supplier_id,fk_document,"suppliers.code (document number, prefix SUP)",expense.form.supplier,Supplier,,text-only,,uuid
supplier_attachments,storage_path,technical,hide,,,Storage path,,,text
supplier_attachments,file_name,text,verbatim,suppliers.attachments.colName,File,,high,app/suppliers/[id]/edit/AttachmentsPanel.tsx:179,text
supplier_attachments,file_type,enum_like,closed value set by convention but no single-column CHECK: needs a value→words map (history old_/new_ columns can reuse the parent column's keys),,,File type,,,text
supplier_attachments,file_size,technical,hide,,,File size,,,bigint
supplier_attachments,doc_category,enum_like,closed value set by convention but no single-column CHECK: needs a value→words map (history old_/new_ columns can reuse the parent column's keys),,,Doc category,,,text
supplier_attachments,notes,text,verbatim,suppliers.form.notes,Notes,,high,app/suppliers/[id]/edit/EditSupplierForm.tsx:262,text
supplier_attachments,created_by,audit_std,hide: the trail entry already says who and when,,,Created by,,,uuid
supplier_attachments,updated_by,audit_std,hide: the trail entry already says who and when,,,Updated by,,,uuid
supplier_attachments,created_at,audit_std,hide: the trail entry already says who and when,,,Created on,,,timestamp with time zone
supplier_attachments,updated_at,audit_std,hide: the trail entry already says who and when,,,Updated on,,,timestamp with time zone
supplier_attachments,deleted_at,timestamp_audit,"formatAuditStamp (lib/dates.ts:251) → ""2026-09-01 14:33"" today; DD/MM/YYYY HH:MM if Tim confirms",changeHistory.op.DELETE,Deleted,,text-only,,timestamp with time zone
supplier_compliance,id,technical,hide: row identity (the trail names the record in its heading),,,ID,,,uuid
supplier_compliance,supplier_id,fk_document,"suppliers.code (document number, prefix SUP)",expense.form.supplier,Supplier,,text-only,,uuid
supplier_compliance,cert_no,text,verbatim,suppliers.compliance.certNo,Certificate No.,,high,app/suppliers/[id]/edit/CompliancePanel.tsx:230,text
supplier_compliance,issuing_body,text,verbatim,suppliers.compliance.colIssuer,Issuing Body,,high,app/suppliers/[id]/edit/CompliancePanel.tsx:127,text
supplier_compliance,valid_from,date,"formatDate (lib/dates.ts:193) → today ""01 Sep 2026""; Tim now asks DD/MM/YYYY",suppliers.compliance.validFrom,Valid From,,high,app/suppliers/[id]/edit/CompliancePanel.tsx:251,date
supplier_compliance,valid_until,date,"formatDate (lib/dates.ts:193) → today ""01 Sep 2026""; Tim now asks DD/MM/YYYY",suppliers.compliance.validUntil,Valid Until,,high,app/suppliers/[id]/edit/CompliancePanel.tsx:259,date
supplier_compliance,document_id,fk_other,supplier_attachments: composed description (see target table),suppliers.compliance.document,Certificate document (from attachments below),,high,app/suppliers/[id]/edit/CompliancePanel.tsx:214,uuid
supplier_compliance,notes,text,verbatim,suppliers.form.notes,Notes,,high,app/suppliers/[id]/edit/EditSupplierForm.tsx:262,text
supplier_compliance,deleted_at,timestamp_audit,"formatAuditStamp (lib/dates.ts:251) → ""2026-09-01 14:33"" today; DD/MM/YYYY HH:MM if Tim confirms",changeHistory.op.DELETE,Deleted,,text-only,,timestamp with time zone
supplier_compliance,created_at,audit_std,hide: the trail entry already says who and when,,,Created on,,,timestamp with time zone
supplier_compliance,created_by,audit_std,hide: the trail entry already says who and when,,,Created by,,,uuid
supplier_compliance,updated_at,audit_std,hide: the trail entry already says who and when,,,Updated on,,,timestamp with time zone
supplier_compliance,updated_by,audit_std,hide: the trail entry already says who and when,,,Updated by,,,uuid
supplier_compliance,cert_type_code,dict,certificate_types.name_en (via code),suppliers.compliance.certType,Certificate Type,,medium,app/suppliers/[id]/edit/CompliancePanel.tsx:194,text
supplier_status_history,id,technical,hide: row identity (the trail names the record in its heading),,,ID,,,uuid
supplier_status_history,supplier_id,fk_document,"suppliers.code (document number, prefix SUP)",expense.form.supplier,Supplier,,text-only,,uuid
supplier_status_history,from_status,enum_like,closed value set by convention but no single-column CHECK: needs a value→words map (history old_/new_ columns can reuse the parent column's keys),,,From status,,,text
supplier_status_history,to_status,enum_like,closed value set by convention but no single-column CHECK: needs a value→words map (history old_/new_ columns can reuse the parent column's keys),assets.history.field.status,Status,,text-only,,text
supplier_status_history,changed_at,timestamp_audit,"formatAuditStamp (lib/dates.ts:251) → ""2026-09-01 14:33"" today; DD/MM/YYYY HH:MM if Tim confirms",assets.history.type.updated,Changed,,text-only,,timestamp with time zone
supplier_status_history,changed_by,actor,bare auth-account uuid (no FK) → person name via loadActorNames (app/components/ActorName.tsx:49),,,Changed by,,,uuid
supplier_status_history,note,text,verbatim,attendance.colNote,Note,,text-only,,text
suppliers,id,technical,hide: row identity (the trail names the record in its heading),,,ID,,,uuid
suppliers,code,text,verbatim,,,Supplier number,,,text
suppliers,legal_name,text,verbatim,suppliers.form.legalName,Legal Name,,high,app/suppliers/new/NewSupplierForm.tsx:59,text
suppliers,short_name,text,verbatim,suppliers.form.shortName,Short Name,,high,app/suppliers/new/NewSupplierForm.tsx:77,text
suppliers,country,text,verbatim,suppliers.form.country,Country (2-letter code),,high,app/suppliers/new/NewSupplierForm.tsx:89,text
suppliers,address,text,verbatim,suppliers.form.address,Address,,high,app/suppliers/new/NewSupplierForm.tsx:118,text
suppliers,tax_id,text,verbatim,suppliers.form.taxId,Tax ID,,high,app/suppliers/new/NewSupplierForm.tsx:108,text
suppliers,supplier_types,array,list joined with commas; resolve element codes if they are dictionary codes,,,Supplier types,,,text[]
suppliers,payment_terms,text,verbatim,suppliers.form.paymentTerms,Payment Terms,,high,app/suppliers/new/NewSupplierForm.tsx:169,text
suppliers,incoterm,text,verbatim,suppliers.form.incoterm,Incoterm,,high,app/suppliers/new/NewSupplierForm.tsx:198,text
suppliers,credit_rating,text,verbatim,suppliers.form.creditRating,Credit Rating,,high,app/suppliers/new/NewSupplierForm.tsx:209,text
suppliers,status,enum,message keys suppliers.status.<v> (8/8 values; used on a page that reads this table),contracts.form.status,Status,,high,app/contracts/new/NewContractForm.tsx:155,supplier_status
suppliers,owner_id,actor,"auth account → person name: loadActorNames (app/components/ActorName.tsx:49), preferred_name || legal_name; fallbacks actor.noEmployeeRecord / actor.unrecorded / common.restricted",,,Owner,,,uuid
suppliers,deleted_at,timestamp_audit,"formatAuditStamp (lib/dates.ts:251) → ""2026-09-01 14:33"" today; DD/MM/YYYY HH:MM if Tim confirms",commissions.deleted,Deleted,,medium,app/sales/commissions/[id]/edit/page.tsx:34,timestamp with time zone
suppliers,notes,text,verbatim,logistics.notes,Notes,,high,app/logistics/forwarders/[id]/page.tsx:180,text
suppliers,created_at,audit_std,hide: the trail entry already says who and when,,,Created on,,,timestamp with time zone
suppliers,created_by,audit_std,hide: the trail entry already says who and when,,,Created by,,,uuid
suppliers,updated_at,audit_std,hide: the trail entry already says who and when,,,Updated on,,,timestamp with time zone
suppliers,updated_by,audit_std,hide: the trail entry already says who and when,,,Updated by,,,uuid
suppliers,default_payment_term_template_id,fk_other,payment_term_templates: composed description (see target table),suppliers.defaultPaymentTerms,Default payment terms,,medium,app/suppliers/new/NewSupplierForm.tsx:182,uuid
suppliers,counterparty_type,enum,message keys suppliers.type.<v> (3/3 values; used on a page that reads this table),suppliers.counterpartyType,What this company is,,high,app/suppliers/new/NewSupplierForm.tsx:151,text
suppliers,supplies_goods,boolean,words: Yes / No (common.yes/common.no if present) or a column-specific phrase [generated column],,,Supplies goods,,,boolean
suppliers,default_tax_code,dict,tax_codes.name_en (via code),suppliers.form.defaultTaxCode,Default tax code,,high,app/suppliers/[id]/edit/EditSupplierForm.tsx:194,text
suppliers,tax_residence,enum,message keys suppliers.form.taxResidence<V> (2/2 values; used on a page that reads this table),suppliers.form.taxResidence,Tax residence (Singapore income tax),,high,app/suppliers/[id]/edit/EditSupplierForm.tsx:177,text
suppliers,approved_by,actor,bare auth-account uuid (no FK) → person name via loadActorNames (app/components/ActorName.tsx:49),,,Approved by,,,uuid
suppliers,approved_at,timestamp_audit,"formatAuditStamp (lib/dates.ts:251) → ""2026-09-01 14:33"" today; DD/MM/YYYY HH:MM if Tim confirms",assetDisposal.status.approved,approved,,text-only,,timestamp with time zone
task_history,id,technical,hide: row identity (the trail names the record in its heading),,,ID,,,uuid
task_history,task_id,fk_document,"tasks.code (document number, prefix TASK)",tasks.participants.promote,Make this a team task,,high,app/tools/tasks/[id]/page.tsx:291,uuid
task_history,change_type,enum,"message keys tasks.history.type.<v> (registered in scripts/check-i18n.mjs, build-checked)",,,Change type,,,text
task_history,node_id,uuid_nofk,"polymorphic / soft reference: resolve by the paired type column, else hide",,,Node,,,uuid
task_history,employee_id,fk_person,"employees.id → person name: loadActorNames(…, employeeIds) space=""employee"" (app/components/ActorName.tsx:49,119); employee_lookup view for readers without hr.view",attendance.colEmployee,Employee,,text-only,,uuid
task_history,old_title,text,verbatim,,,Previous title,,,text
task_history,new_title,text,verbatim,,,New title,,,text
task_history,old_description,text,verbatim,,,Previous description,,,text
task_history,new_description,text,verbatim,,,New description,,,text
task_history,old_status,enum_like,closed value set by convention but no single-column CHECK: needs a value→words map (history old_/new_ columns can reuse the parent column's keys),,,Previous status,,,text
task_history,new_status,enum_like,closed value set by convention but no single-column CHECK: needs a value→words map (history old_/new_ columns can reuse the parent column's keys),,,New status,,,text
task_history,old_priority,text,verbatim,,,Previous priority,,,text
task_history,new_priority,text,verbatim,,,New priority,,,text
task_history,old_due_date,date,"formatDate (lib/dates.ts:193) → today ""01 Sep 2026""; Tim now asks DD/MM/YYYY",,,Previous due date,,,date
task_history,new_due_date,date,"formatDate (lib/dates.ts:193) → today ""01 Sep 2026""; Tim now asks DD/MM/YYYY",,,New due date,,,date
task_history,old_reminder_at,timestamp_audit,"formatAuditStamp (lib/dates.ts:251) → ""2026-09-01 14:33"" today; DD/MM/YYYY HH:MM if Tim confirms",,,Previous reminder on,,,timestamp with time zone
task_history,new_reminder_at,timestamp_audit,"formatAuditStamp (lib/dates.ts:251) → ""2026-09-01 14:33"" today; DD/MM/YYYY HH:MM if Tim confirms",,,New reminder on,,,timestamp with time zone
task_history,old_tags,array,list joined with commas; resolve element codes if they are dictionary codes,,,Previous tags,,,text[]
task_history,new_tags,array,list joined with commas; resolve element codes if they are dictionary codes,,,New tags,,,text[]
task_history,old_node_title,text,verbatim,,,Previous node title,,,text
task_history,new_node_title,text,verbatim,,,New node title,,,text
task_history,old_node_target_date,date,"formatDate (lib/dates.ts:193) → today ""01 Sep 2026""; Tim now asks DD/MM/YYYY",,,Previous node target date,,,date
task_history,new_node_target_date,date,"formatDate (lib/dates.ts:193) → today ""01 Sep 2026""; Tim now asks DD/MM/YYYY",,,New node target date,,,date
task_history,old_node_done,boolean,words: Yes / No (common.yes/common.no if present) or a column-specific phrase,,,Previous node done,,,boolean
task_history,new_node_done,boolean,words: Yes / No (common.yes/common.no if present) or a column-specific phrase,,,New node done,,,boolean
task_history,old_sort_order,number,"number with unit (qty kg, %, rate); Intl en-US grouping",,,Previous sort order,,,integer
task_history,new_sort_order,number,"number with unit (qty kg, %, rate); Intl en-US grouping",,,New sort order,,,integer
task_history,changed_at,timestamp_audit,"formatAuditStamp (lib/dates.ts:251) → ""2026-09-01 14:33"" today; DD/MM/YYYY HH:MM if Tim confirms",assets.history.type.updated,Changed,,text-only,,timestamp with time zone
task_history,changed_by,actor,"employees.id → person name: loadActorNames(…, employeeIds) space=""employee"" (app/components/ActorName.tsx:49,119); employee_lookup view for readers without hr.view",,,Changed by,,,uuid
task_nodes,id,technical,hide: row identity (the trail names the record in its heading),,,ID,,,uuid
task_nodes,task_id,fk_other,task_nodes: composed description (see target table),tasks.participants.promote,Make this a team task,,high,app/tools/tasks/[id]/page.tsx:291,uuid
task_nodes,parent_id,fk_other,task_nodes: composed description (see target table),hr.colParent,Parent,,text-only,,uuid
task_nodes,depth,technical,hide,,,Depth,,,smallint
task_nodes,parent_depth,fk_other,task_nodes: composed description (see target table) [generated column],,,Parent depth,,,smallint
task_nodes,title,text,verbatim,,,Title,,,text
task_nodes,target_date,date,"formatDate (lib/dates.ts:193) → today ""01 Sep 2026""; Tim now asks DD/MM/YYYY",tasks.nodes.targetDate,Target date,,high,app/tools/tasks/[id]/page.tsx:198,date
task_nodes,done,boolean,words: Yes / No (common.yes/common.no if present) or a column-specific phrase,breadcrumb.done,Done,,text-only,,boolean
task_nodes,done_at,timestamp_audit,"formatAuditStamp (lib/dates.ts:251) → ""2026-09-01 14:33"" today; DD/MM/YYYY HH:MM if Tim confirms",breadcrumb.done,Done,,text-only,,timestamp with time zone
task_nodes,done_by,actor,"employees.id → person name: loadActorNames(…, employeeIds) space=""employee"" (app/components/ActorName.tsx:49,119); employee_lookup view for readers without hr.view",equipment.maint.who,Done by,,text-only,,uuid
task_nodes,sort_order,technical,hide,,,Sort order,,,integer
task_nodes,created_at,audit_std,hide: the trail entry already says who and when,,,Created on,,,timestamp with time zone
task_nodes,created_by,audit_std,hide: the trail entry already says who and when,,,Created by,,,uuid
task_nodes,updated_at,audit_std,hide: the trail entry already says who and when,,,Updated on,,,timestamp with time zone
task_nodes,updated_by,audit_std,hide: the trail entry already says who and when,,,Updated by,,,uuid
task_participants,id,technical,hide: row identity (the trail names the record in its heading),,,ID,,,uuid
task_participants,task_id,fk_document,"tasks.code (document number, prefix TASK)",tasks.participants.promote,Make this a team task,,high,app/tools/tasks/[id]/page.tsx:291,uuid
task_participants,employee_id,fk_person,"employees.id → person name: loadActorNames(…, employeeIds) space=""employee"" (app/components/ActorName.tsx:49,119); employee_lookup view for readers without hr.view",attendance.colEmployee,Employee,,text-only,,uuid
task_participants,added_by,actor,"employees.id → person name: loadActorNames(…, employeeIds) space=""employee"" (app/components/ActorName.tsx:49,119); employee_lookup view for readers without hr.view",tasks.participants.addedBy,added by,,high,app/tools/tasks/[id]/page.tsx:235,uuid
task_participants,added_at,timestamp_audit,"formatAuditStamp (lib/dates.ts:251) → ""2026-09-01 14:33"" today; DD/MM/YYYY HH:MM if Tim confirms",tasks.participants.add,Add,,text-only,,timestamp with time zone
task_participants,removed_at,timestamp_audit,"formatAuditStamp (lib/dates.ts:251) → ""2026-09-01 14:33"" today; DD/MM/YYYY HH:MM if Tim confirms",,,Removed on,,,timestamp with time zone
task_participants,removed_by,actor,"employees.id → person name: loadActorNames(…, employeeIds) space=""employee"" (app/components/ActorName.tsx:49,119); employee_lookup view for readers without hr.view",,,Removed by,,,uuid
tasks,id,technical,hide: row identity (the trail names the record in its heading),,,ID,,,uuid
tasks,code,text,verbatim,,,Task number,,,text
tasks,title,text,verbatim,,,Title,,,text
tasks,description,text,verbatim,tasks.form.description,Description,,high,app/tools/tasks/TaskModal.tsx:140,text
tasks,status,enum,"message keys tasks.status.<v> (registered in scripts/check-i18n.mjs, build-checked)",tasks.form.status,Status,,high,app/tools/tasks/TaskModal.tsx:153,text
tasks,priority,enum,"message keys tasks.priority.<v> (registered in scripts/check-i18n.mjs, build-checked)",tasks.form.priority,Priority,,high,app/tools/tasks/TaskModal.tsx:169,text
tasks,due_date,date,"formatDate (lib/dates.ts:193) → today ""01 Sep 2026""; Tim now asks DD/MM/YYYY",tasks.form.dueDate,Due date,,high,app/tools/tasks/TaskModal.tsx:224,date
tasks,reminder_at,timestamp_audit,"formatAuditStamp (lib/dates.ts:251) → ""2026-09-01 14:33"" today; DD/MM/YYYY HH:MM if Tim confirms",tasks.form.reminder,Reminder,,high,app/tools/tasks/[id]/page.tsx:176,timestamp with time zone
tasks,tags,array,list joined with commas; resolve element codes if they are dictionary codes,tasks.form.tags,Tags,,high,app/tools/tasks/TaskModal.tsx:248,text[]
tasks,task_type,enum,"message keys tasks.type.<v> (registered in scripts/check-i18n.mjs, build-checked)",,,Task type,,,text
tasks,owner_id,actor,"employees.id → person name: loadActorNames(…, employeeIds) space=""employee"" (app/components/ActorName.tsx:49,119); employee_lookup view for readers without hr.view",,,Owner,,,uuid
tasks,created_by,audit_std,hide: the trail entry already says who and when,,,Created by,,,uuid
tasks,updated_by,audit_std,hide: the trail entry already says who and when,,,Updated by,,,uuid
tasks,created_at,audit_std,hide: the trail entry already says who and when,,,Created on,,,timestamp with time zone
tasks,updated_at,audit_std,hide: the trail entry already says who and when,,,Updated on,,,timestamp with time zone
tasks,deleted_at,timestamp_audit,"formatAuditStamp (lib/dates.ts:251) → ""2026-09-01 14:33"" today; DD/MM/YYYY HH:MM if Tim confirms",changeHistory.op.DELETE,Deleted,,text-only,,timestamp with time zone
tax_codes,code,own_key,show as-is: the record's own business key (code/number),,,Code,,,text
tax_codes,side,enum,message keys gst.side<V> (2/2 values; used on a page that reads this table),gst.side,Side,,high,app/finance/gst/GstTaxCodesTable.tsx:26,text
tax_codes,name_en,text,verbatim,dict.f.nameEn,Name (EN),,text-only,,text
tax_codes,name_zh,text,verbatim,dict.f.nameZh,Name (ZH),,text-only,,text
tax_codes,description_en,text,verbatim,permissions.descriptionEn,Description (EN),,text-only,,text
tax_codes,description_zh,text,verbatim,permissions.descriptionZh,Description (ZH),,text-only,,text
tax_codes,f5_supply_box,text,verbatim,,,F5 supply box,,,text
tax_codes,f5_purchase_box,text,verbatim,,,F5 purchase box,,,text
tax_codes,f5_tax_box,text,verbatim,,,F5 tax box,,,text
tax_codes,is_claimable,boolean,words: Yes / No (common.yes/common.no if present) or a column-specific phrase,,,Claimable,,,boolean
tax_codes,is_active,boolean,words: Yes / No (common.yes/common.no if present) or a column-specific phrase,assets.status.active,Active,,text-only,,boolean
tax_codes,sort_order,technical,hide,,,Sort order,,,integer
tax_rates,id,technical,hide: row identity (the trail names the record in its heading),,,ID,,,uuid
tax_rates,tax_code,dict,tax_codes.name_en (via code),invoice.form.taxCode,Tax code,,high,app/finance/invoices/new/NewInvoiceForm.tsx:339,text
tax_rates,rate_pct,number,"number with unit (qty kg, %, rate); Intl en-US grouping",,,Rate %,,,"numeric(6,3)"
tax_rates,effective_from,date,"formatDate (lib/dates.ts:193) → today ""01 Sep 2026""; Tim now asks DD/MM/YYYY",reviews.salaryEffective,Effective from,,text-only,,date
tax_rates,effective_to,date,"formatDate (lib/dates.ts:193) → today ""01 Sep 2026""; Tim now asks DD/MM/YYYY",,,Effective to,,,date
tax_rates,note,text,verbatim,attendance.colNote,Note,,text-only,,text
tax_rates,created_at,audit_std,hide: the trail entry already says who and when,,,Created on,,,timestamp with time zone
terms_requests,id,technical,hide: row identity (the trail names the record in its heading),,,ID,,,uuid
terms_requests,kind,enum,"message keys termsRequest.openTitle.<v> | termsRequest.subject.<v> | termsRequest.after.<v> | termsRequest.approveConfirm.<v> | termsRequest.approveBody.<v> (registered in scripts/check-i18n.mjs, build-checked)",assay.colKind,Kind,,text-only,,text
terms_requests,status,enum,"message keys termsRequest.status.<v> (registered in scripts/check-i18n.mjs, build-checked)",assets.history.field.status,Status,,text-only,,text
terms_requests,label,text,verbatim,batchLabel.col,Label,,text-only,,text
terms_requests,formula_id,fk_document,"pricing_formulas.code (document number, prefix PF)",output.sale.pricing.formula,Formula,,text-only,,uuid
terms_requests,contract_id,fk_document,"contracts.code (document number, prefix CON)",contracts.colContract,Contract,,text-only,,uuid
terms_requests,reason,text,verbatim,assay.unapplyReason,Reason,,text-only,,text
terms_requests,proposed,jsonb,no generic rendering: needs a per-column renderer or hide (never raw JSON),termsRequest.after.formula_change,Proposed,,text-only,,jsonb
terms_requests,snapshot,jsonb,no generic rendering: needs a per-column renderer or hide (never raw JSON),breadcrumb.snapshot,Snapshot,,text-only,,jsonb
terms_requests,fingerprint,technical,hide,,,Fingerprint,,,text
terms_requests,decided_at,timestamp_audit,"formatAuditStamp (lib/dates.ts:251) → ""2026-09-01 14:33"" today; DD/MM/YYYY HH:MM if Tim confirms",finance.paymentRequests.decidedAt,Decided,,text-only,,timestamp with time zone
terms_requests,decided_by,actor,bare auth-account uuid (no FK) → person name via loadActorNames (app/components/ActorName.tsx:49),finance.selfApproved.colDecider,Decided by,,text-only,,uuid
terms_requests,decision_notes,text,verbatim,leave.decisionNotes,Decision notes,,text-only,,text
terms_requests,executed_at,timestamp_audit,"formatAuditStamp (lib/dates.ts:251) → ""2026-09-01 14:33"" today; DD/MM/YYYY HH:MM if Tim confirms",,,Executed on,,,timestamp with time zone
terms_requests,withdrawn_at,timestamp_audit,"formatAuditStamp (lib/dates.ts:251) → ""2026-09-01 14:33"" today; DD/MM/YYYY HH:MM if Tim confirms",assetDisposal.status.withdrawn,withdrawn,,text-only,,timestamp with time zone
terms_requests,withdrawn_by,actor,bare auth-account uuid (no FK) → person name via loadActorNames (app/components/ActorName.tsx:49),,,Withdrawn by,,,uuid
terms_requests,withdraw_reason,text,verbatim,,,Withdraw reason,,,text
terms_requests,created_at,audit_std,hide: the trail entry already says who and when,,,Created on,,,timestamp with time zone
terms_requests,created_by,audit_std,hide: the trail entry already says who and when,,,Created by,,,uuid
traceability_report_issues,id,technical,hide: row identity (the trail names the record in its heading),,,ID,,,uuid
traceability_report_issues,output_batch_id,fk_document,"output_batches.code (document number, prefix OUT)",deleted.kind.output_batch,Output batch,,text-only,,uuid
traceability_report_issues,code,text,verbatim,,,Traceability report issue number,,,text
traceability_report_issues,version,technical,hide,,,Version,,,integer
traceability_report_issues,file_path,technical,hide,,,File path,,,text
traceability_report_issues,sha256,text,verbatim,,,Sha256,,,text
traceability_report_issues,issued_at,timestamp_audit,"formatAuditStamp (lib/dates.ts:251) → ""2026-09-01 14:33"" today; DD/MM/YYYY HH:MM if Tim confirms",cn.colIssued,Issued,,text-only,,timestamp with time zone
traceability_report_issues,issued_by,actor,bare auth-account uuid (no FK) → person name via loadActorNames (app/components/ActorName.tsx:49),,,Issued by,,,uuid
training_records,id,technical,hide: row identity (the trail names the record in its heading),,,ID,,,uuid
training_records,employee_id,fk_person,"employees.id → person name: loadActorNames(…, employeeIds) space=""employee"" (app/components/ActorName.tsx:49,119); employee_lookup view for readers without hr.view",hr.colEmployee,Employee,,high,app/hr/training/TrainingTable.tsx:37,uuid
training_records,training_name,text,verbatim,me.trainingName,Training,,high,app/me/MyTrainingTable.tsx:33,text
training_records,category,enum,"message keys hr.trainingCategory.<v> (registered in scripts/check-i18n.mjs, build-checked)",hr.colCategory,Category,,high,app/hr/training/TrainingTable.tsx:47,text
training_records,completed_date,date,"formatDate (lib/dates.ts:193) → today ""01 Sep 2026""; Tim now asks DD/MM/YYYY",hr.colCompletedDate,Completed,,high,app/hr/training/TrainingTable.tsx:48,date
training_records,expiry_date,date,"formatDate (lib/dates.ts:193) → today ""01 Sep 2026""; Tim now asks DD/MM/YYYY",hr.colExpiryDate,Expires,,medium,app/hr/training/TrainingForm.tsx:134,date
training_records,provider,text,verbatim,hr.colProvider,Provider,,high,app/hr/training/TrainingTable.tsx:68,text
training_records,certificate_ref,text,verbatim,hr.colCertificateRef,Certificate ref,,high,app/hr/training/TrainingTable.tsx:69,text
training_records,notes,text,verbatim,hr.colNotes,Notes,,high,app/hr/employees/[id]/page.tsx:375,text
training_records,deleted_at,timestamp_audit,"formatAuditStamp (lib/dates.ts:251) → ""2026-09-01 14:33"" today; DD/MM/YYYY HH:MM if Tim confirms",changeHistory.op.DELETE,Deleted,,text-only,,timestamp with time zone
training_records,created_at,audit_std,hide: the trail entry already says who and when,,,Created on,,,timestamp with time zone
training_records,created_by,audit_std,hide: the trail entry already says who and when,,,Created by,,,uuid
training_records,updated_at,audit_std,hide: the trail entry already says who and when,,,Updated on,,,timestamp with time zone
training_records,updated_by,audit_std,hide: the trail entry already says who and when,,,Updated by,,,uuid
user_roles,id,technical,hide: row identity (the trail names the record in its heading),,,ID,,,uuid
user_roles,user_id,actor,bare auth-account uuid (no FK) → person name via loadActorNames (app/components/ActorName.tsx:49),,,User,,,uuid
user_roles,role_id,dict,roles.name_en (via id),contacts.colRole,Role,,text-only,,uuid
user_roles,granted_at,timestamp_audit,"formatAuditStamp (lib/dates.ts:251) → ""2026-09-01 14:33"" today; DD/MM/YYYY HH:MM if Tim confirms",leave.grantId,Grant,,text-only,,timestamp with time zone
user_roles,granted_by,actor,bare auth-account uuid (no FK) → person name via loadActorNames (app/components/ActorName.tsx:49),,,Granted by,,,uuid
user_roles,revoked_at,timestamp_audit,"formatAuditStamp (lib/dates.ts:251) → ""2026-09-01 14:33"" today; DD/MM/YYYY HH:MM if Tim confirms",company.licence.status.revoked,Revoked,,text-only,,timestamp with time zone
user_roles,revoked_by,actor,bare auth-account uuid (no FK) → person name via loadActorNames (app/components/ActorName.tsx:49),,,Revoked by,,,uuid
user_roles,revoke_reason,text,verbatim,,,Revoke reason,,,text
warehouse_requests,id,technical,hide: row identity (the trail names the record in its heading),,,ID,,,uuid
warehouse_requests,kind,enum,"message keys warehouseRequest.trigger.<v> | warehouseRequest.submitTitle.<v> | warehouseRequest.submitBody.<v> | warehouseRequest.reasonPlaceholder.<v> | warehouseRequest.openTitle.<v> | warehouseRequest.subject.<v> | warehouseRequest.approveConfirm.<v> | warehouseRequest.approveBody.<v> (registered in scripts/check-i18n.mjs, build-checked)",assay.colKind,Kind,,text-only,,text
warehouse_requests,status,enum,"message keys warehouseRequest.status.<v> (registered in scripts/check-i18n.mjs, build-checked)",assets.history.field.status,Status,,text-only,,text
warehouse_requests,label,text,verbatim,batchLabel.col,Label,,text-only,,text
warehouse_requests,inbound_batch_id,fk_document,"inbound_batches.code (document number, prefix IN)",deleted.kind.inbound_batch,Inbound batch,,text-only,,uuid
warehouse_requests,output_batch_id,fk_document,"output_batches.code (document number, prefix OUT)",deleted.kind.output_batch,Output batch,,text-only,,uuid
warehouse_requests,run_id,fk_document,"processing_runs.code (document number, prefix PROC)",finance.costSettle.colRun,Run,,text-only,,uuid
warehouse_requests,cod_id,fk_document,"certificates_of_destruction.code (document number, prefix COD)",import.col.codeRange,Codes,,text-only,,uuid
warehouse_requests,reason,text,verbatim,assay.unapplyReason,Reason,,text-only,,text
warehouse_requests,snapshot,jsonb,no generic rendering: needs a per-column renderer or hide (never raw JSON),breadcrumb.snapshot,Snapshot,,text-only,,jsonb
warehouse_requests,amount_base,money,"formatAmount(n, base currency from getBaseCurrency lib/currency.ts:16) (lib/format.ts:32)",assets.detail.colAmountCcy,Amount,,text-only,,numeric
warehouse_requests,decided_at,timestamp_audit,"formatAuditStamp (lib/dates.ts:251) → ""2026-09-01 14:33"" today; DD/MM/YYYY HH:MM if Tim confirms",finance.paymentRequests.decidedAt,Decided,,text-only,,timestamp with time zone
warehouse_requests,decided_by,actor,bare auth-account uuid (no FK) → person name via loadActorNames (app/components/ActorName.tsx:49),finance.selfApproved.colDecider,Decided by,,text-only,,uuid
warehouse_requests,decision_notes,text,verbatim,leave.decisionNotes,Decision notes,,text-only,,text
warehouse_requests,executed_at,timestamp_audit,"formatAuditStamp (lib/dates.ts:251) → ""2026-09-01 14:33"" today; DD/MM/YYYY HH:MM if Tim confirms",,,Executed on,,,timestamp with time zone
warehouse_requests,result_entry_ids,uuid_nofk,"polymorphic / soft reference: resolve by the paired type column, else hide",,,Result entry ids,,,uuid[]
warehouse_requests,withdrawn_at,timestamp_audit,"formatAuditStamp (lib/dates.ts:251) → ""2026-09-01 14:33"" today; DD/MM/YYYY HH:MM if Tim confirms",assetDisposal.status.withdrawn,withdrawn,,text-only,,timestamp with time zone
warehouse_requests,withdrawn_by,actor,bare auth-account uuid (no FK) → person name via loadActorNames (app/components/ActorName.tsx:49),,,Withdrawn by,,,uuid
warehouse_requests,withdraw_reason,text,verbatim,,,Withdraw reason,,,text
warehouse_requests,created_at,audit_std,hide: the trail entry already says who and when,,,Created on,,,timestamp with time zone
warehouse_requests,created_by,audit_std,hide: the trail entry already says who and when,,,Created by,,,uuid
waste_classifications,code,own_key,show as-is: the record's own business key (code/number),,,Code,,,text
waste_classifications,name_en,text,verbatim,dict.f.nameEn,Name (EN),,text-only,,text
waste_classifications,name_zh,text,verbatim,dict.f.nameZh,Name (ZH),,text-only,,text
waste_classifications,is_controlled,boolean,words: Yes / No (common.yes/common.no if present) or a column-specific phrase,materials.wasteClass.controlled,controlled,,high,app/materials/WasteClassPicker.tsx:30,boolean
waste_classifications,is_active,boolean,words: Yes / No (common.yes/common.no if present) or a column-specific phrase,assets.status.active,Active,,text-only,,boolean
waste_classifications,sort_order,technical,hide,,,Sort order,,,integer
waste_classifications,notes,text,verbatim,assay.notes,Notes,,text-only,,text
waste_classifications,created_at,audit_std,hide: the trail entry already says who and when,,,Created on,,,timestamp with time zone
waste_classifications,updated_at,audit_std,hide: the trail entry already says who and when,,,Updated on,,,timestamp with time zone
waste_classifications,updated_by,audit_std,hide: the trail entry already says who and when,,,Updated by,,,uuid
wht_natures,code,own_key,show as-is: the record's own business key (code/number),,,Code,,,text
wht_natures,name_en,text,verbatim,dict.f.nameEn,Name (EN),,text-only,,text
wht_natures,name_zh,text,verbatim,dict.f.nameZh,Name (ZH),,text-only,,text
wht_natures,description_en,text,verbatim,permissions.descriptionEn,Description (EN),,text-only,,text
wht_natures,description_zh,text,verbatim,permissions.descriptionZh,Description (ZH),,text-only,,text
wht_natures,statute_ref,text,verbatim,,,Statute reference,,,text
wht_natures,is_active,boolean,words: Yes / No (common.yes/common.no if present) or a column-specific phrase,assets.status.active,Active,,text-only,,boolean
wht_natures,sort_order,technical,hide,,,Sort order,,,integer
wht_rates,id,technical,hide: row identity (the trail names the record in its heading),,,ID,,,uuid
wht_rates,nature,dict,wht_natures.name_en (via code),wht.colNature,Nature of payment,,high,app/finance/wht/WhtTables.tsx:123,text
wht_rates,rate_pct,number,"number with unit (qty kg, %, rate); Intl en-US grouping",,,Rate %,,,"numeric(6,3)"
wht_rates,effective_from,date,"formatDate (lib/dates.ts:193) → today ""01 Sep 2026""; Tim now asks DD/MM/YYYY",reviews.salaryEffective,Effective from,,text-only,,date
wht_rates,effective_to,date,"formatDate (lib/dates.ts:193) → today ""01 Sep 2026""; Tim now asks DD/MM/YYYY",,,Effective to,,,date
wht_rates,note,text,verbatim,attendance.colNote,Note,,text-only,,text
wht_rates,created_at,audit_std,hide: the trail entry already says who and when,,,Created on,,,timestamp with time zone
wht_remittances,id,technical,hide: row identity (the trail names the record in its heading),,,ID,,,uuid
wht_remittances,code,text,verbatim,,,Wht remittance number,,,text
wht_remittances,period_month,date,"formatDate (lib/dates.ts:193) → today ""01 Sep 2026""; Tim now asks DD/MM/YYYY",,,Period month,,,date
wht_remittances,remitted_on,date,"formatDate (lib/dates.ts:193) → today ""01 Sep 2026""; Tim now asks DD/MM/YYYY",wht.colRemittedOn,Paid on,,high,app/finance/wht/WhtTables.tsx:87,date
wht_remittances,amount_base,money,"formatAmount(n, base currency from getBaseCurrency lib/currency.ts:16) (lib/format.ts:32)",wht.colAmount,Amount,,high,app/finance/wht/WhtTables.tsx:90,numeric
wht_remittances,filed_reference,text,verbatim,,,Filed reference,,,text
wht_remittances,journal_entry_id,fk_document,"journal_entries.code (document number, prefix JE)",assay.journalLink,Journal entry,,text-only,,uuid
wht_remittances,notes,text,verbatim,wht.remitNotes,Notes,,high,app/finance/wht/WhtControls.tsx:80,text
wht_remittances,created_at,audit_std,hide: the trail entry already says who and when,,,Created on,,,timestamp with time zone
wht_remittances,created_by,audit_std,hide: the trail entry already says who and when,,,Created by,,,uuid
work_order_expected_outputs,id,technical,hide: row identity (the trail names the record in its heading),,,ID,,,uuid
work_order_expected_outputs,work_order_id,fk_document,"work_orders.code (document number, prefix WO)",processing.colWorkOrder,Work order,,text-only,,uuid
work_order_expected_outputs,material_id,fk_document,"materials.code (document number, prefix MAT)",inbound.colMaterial,Material,,text-only,,uuid
work_order_expected_outputs,expected_qty,number,"number with unit (qty kg, %, rate); Intl en-US grouping",,,Expected quantity,,,numeric
work_order_expected_outputs,created_at,audit_std,hide: the trail entry already says who and when,,,Created on,,,timestamp with time zone
work_order_expected_outputs,basis,enum,"message keys processing.wo.basis.<v> (registered in scripts/check-i18n.mjs, build-checked)",processing.wo.colBasis,Where it came from,,high,app/operation/orders/[id]/WorkOrderTables.tsx:91,text
work_order_expected_outputs,basis_reference,text,verbatim,,,Basis reference,,,text
work_order_history,id,technical,hide: row identity (the trail names the record in its heading),,,ID,,,uuid
work_order_history,work_order_id,fk_document,"work_orders.code (document number, prefix WO)",processing.colWorkOrder,Work order,,text-only,,uuid
work_order_history,change_type,enum,"message keys processing.wo.changeType.<v> (registered in scripts/check-i18n.mjs, build-checked)",,,Change type,,,text
work_order_history,detail,text,verbatim,auditTrail.colDetail,Detail,,text-only,,text
work_order_history,changed_at,timestamp_audit,"formatAuditStamp (lib/dates.ts:251) → ""2026-09-01 14:33"" today; DD/MM/YYYY HH:MM if Tim confirms",assets.history.type.updated,Changed,,text-only,,timestamp with time zone
work_order_history,changed_by,actor,bare auth-account uuid (no FK) → person name via loadActorNames (app/components/ActorName.tsx:49),,,Changed by,,,uuid
work_order_history,work_order_line_id,uuid_nofk,"polymorphic / soft reference: resolve by the paired type column, else hide",,,Work order line,,,uuid
work_order_history,work_order_expected_id,uuid_nofk,"polymorphic / soft reference: resolve by the paired type column, else hide",,,Work order expected,,,uuid
work_order_history,old_scheduled_date,date,"formatDate (lib/dates.ts:193) → today ""01 Sep 2026""; Tim now asks DD/MM/YYYY",,,Previous scheduled date,,,date
work_order_history,new_scheduled_date,date,"formatDate (lib/dates.ts:193) → today ""01 Sep 2026""; Tim now asks DD/MM/YYYY",,,New scheduled date,,,date
work_order_history,old_notes,text,verbatim,,,Previous notes,,,text
work_order_history,new_notes,text,verbatim,,,New notes,,,text
work_order_history,old_qty,number,"number with unit (qty kg, %, rate); Intl en-US grouping",,,Previous quantity,,,numeric
work_order_history,new_qty,number,"number with unit (qty kg, %, rate); Intl en-US grouping",,,New quantity,,,numeric
work_order_history,material_id,uuid_nofk,"polymorphic / soft reference: resolve by the paired type column, else hide",inbound.colMaterial,Material,,text-only,,uuid
work_order_history,amend_reason,text,verbatim,,,Amend reason,,,text
work_order_lines,id,technical,hide: row identity (the trail names the record in its heading),,,ID,,,uuid
work_order_lines,work_order_id,fk_document,"work_orders.code (document number, prefix WO)",processing.colWorkOrder,Work order,,text-only,,uuid
work_order_lines,material_id,fk_document,"materials.code (document number, prefix MAT)",inbound.colMaterial,Material,,text-only,,uuid
work_order_lines,planned_qty,number,"number with unit (qty kg, %, rate); Intl en-US grouping",,,Planned quantity,,,numeric
work_order_lines,created_at,audit_std,hide: the trail entry already says who and when,,,Created on,,,timestamp with time zone
work_orders,id,technical,hide: row identity (the trail names the record in its heading),,,ID,,,uuid
work_orders,code,text,verbatim,,,Work order number,,,text
work_orders,status,enum,"message keys processing.wo.status.<v> (registered in scripts/check-i18n.mjs, build-checked)",processing.colStatus,Status,,high,app/operation/processing/ProcessingTable.tsx:48,text
work_orders,scheduled_date,date,"formatDate (lib/dates.ts:193) → today ""01 Sep 2026""; Tim now asks DD/MM/YYYY",processing.wo.form.scheduled,Scheduled date,,text-only,,date
work_orders,notes,text,verbatim,processing.cost.colNotes,Notes,,high,app/operation/processing/[id]/CostPanel.tsx:70,text
work_orders,created_at,audit_std,hide: the trail entry already says who and when,,,Created on,,,timestamp with time zone
work_orders,created_by,audit_std,hide: the trail entry already says who and when,,,Created by,,,uuid
work_orders,updated_at,audit_std,hide: the trail entry already says who and when,,,Updated on,,,timestamp with time zone
work_orders,updated_by,audit_std,hide: the trail entry already says who and when,,,Updated by,,,uuid
work_orders,closed_at,timestamp_audit,"formatAuditStamp (lib/dates.ts:251) → ""2026-09-01 14:33"" today; DD/MM/YYYY HH:MM if Tim confirms",finance.closeStatus.active,Closed,,text-only,,timestamp with time zone
work_orders,closed_by,actor,bare auth-account uuid (no FK) → person name via loadActorNames (app/components/ActorName.tsx:49),,,Closed by,,,uuid
work_orders,close_reason,text,verbatim,,,Close reason,,,text
work_orders,cancelled_at,timestamp_audit,"formatAuditStamp (lib/dates.ts:251) → ""2026-09-01 14:33"" today; DD/MM/YYYY HH:MM if Tim confirms",chases.outcome_cancelled,Cancelled,,text-only,,timestamp with time zone
work_orders,cancelled_by,actor,bare auth-account uuid (no FK) → person name via loadActorNames (app/components/ActorName.tsx:49),,,Cancelled by,,,uuid
work_orders,cancel_reason,text,verbatim,,,Cancel reason,,,text
year_closes,id,technical,hide: row identity (the trail names the record in its heading),,,ID,,,uuid
year_closes,year_end,date,"formatDate (lib/dates.ts:193) → today ""01 Sep 2026""; Tim now asks DD/MM/YYYY",finance.yearClose.colYearEnd,Year end,,high,app/finance/close/YearCloseHistoryTable.tsx:25,date
year_closes,closing_journal_id,fk_document,"journal_entries.code (document number, prefix JE)",,,Closing journal,,,uuid
year_closes,net_result,money,NO determinable currency column,finance.yearClose.netResult,Net result,,high,app/finance/close/YearCloseHistoryTable.tsx:27,numeric
year_closes,notes,text,verbatim,assay.notes,Notes,,text-only,,text
year_closes,closed_at,timestamp_audit,"formatAuditStamp (lib/dates.ts:251) → ""2026-09-01 14:33"" today; DD/MM/YYYY HH:MM if Tim confirms",finance.colClosedAt,Closed at,,high,app/finance/close/CloseHistoryTable.tsx:47,timestamp with time zone
year_closes,closed_by,actor,bare auth-account uuid (no FK) → person name via loadActorNames (app/components/ActorName.tsx:49),,,Closed by,,,uuid
year_closes,reopened_at,timestamp_audit,"formatAuditStamp (lib/dates.ts:251) → ""2026-09-01 14:33"" today; DD/MM/YYYY HH:MM if Tim confirms",bank.unreconcile,Reopen,,text-only,,timestamp with time zone
year_closes,reopened_by,actor,bare auth-account uuid (no FK) → person name via loadActorNames (app/components/ActorName.tsx:49),,,Reopened by,,,uuid
year_closes,reopen_reason,text,verbatim,finance.yearClose.reopenReason,Reason (required),,high,app/finance/close/YearClosePanel.tsx:78,text
year_closes,reversal_journal_id,fk_document,"journal_entries.code (document number, prefix JE)",,,Reversal journal,,,uuid
devices,id,technical,hide: row identity (the trail names the record in its heading),,,ID,,,uuid
devices,code,own_key,show as-is: the record's own business key (code/number),,,Device code,,,text
devices,name,text,verbatim,devices.form.name,Name,,high,app/operation/devices/DeviceForm.tsx,text
devices,kind,enum,message keys devices.kind.<v>,devices.form.kind,Kind,,high,app/operation/devices/DeviceForm.tsx,text
devices,gateway_id,fk_document,"devices.code (document number, prefix DEV)",devices.form.gateway,Carried by gateway,,high,app/operation/devices/DeviceForm.tsx,uuid
devices,data_class,dict,ingest_data_classes (data class name),devices.form.dataClass,Data class,,high,app/operation/devices/DeviceForm.tsx,text
devices,equipment_id,fk_document,"fixed_assets.code (document number, prefix FA)",devices.form.machine,Machine,,high,app/operation/devices/DeviceForm.tsx,uuid
devices,station,text,verbatim,devices.form.station,Station,,high,app/operation/devices/DeviceForm.tsx,text
devices,capacity,number,"number with unit (qty kg, %, rate); Intl en-US grouping",devices.form.capacity,Capacity,,high,app/operation/devices/DeviceForm.tsx,numeric
devices,resolution,number,"number with unit (qty kg, %, rate); Intl en-US grouping",devices.form.resolution,Resolution,,high,app/operation/devices/DeviceForm.tsx,numeric
devices,unit,text,verbatim,devices.form.unit,Unit,,high,app/operation/devices/DeviceForm.tsx,text
devices,protection_rating,text,verbatim,devices.form.protection,Dust and corrosion protection rating,,high,app/operation/devices/DeviceForm.tsx,text
devices,interface_status,enum,message keys devices.interface.<v>,devices.form.interfaceStatus,Interface,,high,app/operation/devices/DeviceForm.tsx,text
devices,term_protocol,enum,message keys devices.termState.<v>,devices.terms.term_protocol,Standard industrial protocol,,high,app/operation/devices/DeviceForm.tsx,text
devices,term_point_list,enum,message keys devices.termState.<v>,devices.terms.term_point_list,Complete list of readable parameters,,high,app/operation/devices/DeviceForm.tsx,text
devices,term_timestamp_precision,enum,message keys devices.termState.<v>,devices.terms.term_timestamp_precision,Sampling rate and timestamp precision,,high,app/operation/devices/DeviceForm.tsx,text
devices,term_no_charge,enum,message keys devices.termState.<v>,devices.terms.term_no_charge,Data interface at no extra charge,,high,app/operation/devices/DeviceForm.tsx,text
devices,term_retention_export,enum,message keys devices.termState.<v>,devices.terms.term_retention_export,Local history retention and bulk export,,high,app/operation/devices/DeviceForm.tsx,text
devices,term_documentation,enum,message keys devices.termState.<v>,devices.terms.term_documentation,Interface documentation delivered,,high,app/operation/devices/DeviceForm.tsx,text
devices,heartbeat_interval_s,number,"number with unit (qty kg, %, rate); Intl en-US grouping",devices.form.heartbeat,Heartbeat interval (seconds),,high,app/operation/devices/DeviceForm.tsx,integer
devices,notes,text,verbatim,devices.form.notes,Notes,,high,app/operation/devices/DeviceForm.tsx,text
devices,retired_at,timestamp_audit,formatAuditStamp,,,Retired on,,,timestamp with time zone
devices,retired_by,actor,person who acted,,,Retired by,,,uuid
devices,retire_reason,text,verbatim,,,Reason for retiring,,,text
devices,created_at,audit_std,hide: the trail entry already says who and when,,,Created on,,,timestamp with time zone
devices,created_by,audit_std,hide: the trail entry already says who and when,,,Created by,,,uuid
devices,updated_at,audit_std,hide: the trail entry already says who and when,,,Updated on,,,timestamp with time zone
devices,updated_by,audit_std,hide: the trail entry already says who and when,,,Updated by,,,uuid
gateway_keys,id,technical,hide: row identity (the trail names the record in its heading),,,ID,,,uuid
gateway_keys,gateway_id,fk_document,"devices.code (document number, prefix DEV)",,,Gateway,,,uuid
gateway_keys,key_prefix,text,verbatim,devices.keys.colKey,Key,,high,app/operation/devices/KeysPanel.tsx,text
gateway_keys,key_hash,technical,hide: a one-way hash nobody is shown (MES-1 Q20),,,Key hash,,,bytea
gateway_keys,issued_at,timestamp_audit,formatAuditStamp,devices.keys.colIssued,Issued,,high,app/operation/devices/KeysPanel.tsx,timestamp with time zone
gateway_keys,issued_by,actor,person who acted,,,Issued by,,,uuid
gateway_keys,revoked_at,timestamp_audit,formatAuditStamp,devices.keys.colRevoked,Revoked,,high,app/operation/devices/KeysPanel.tsx,timestamp with time zone
gateway_keys,revoked_by,actor,person who acted,,,Revoked by,,,uuid
gateway_keys,revoke_reason,text,verbatim,,,Reason for revoking,,,text
ingest_settings,id,own_key,show as-is: the record's own business key (code/number),,,ID,,,boolean
ingest_settings,fail_budget,number,"number with unit (qty kg, %, rate); Intl en-US grouping",,,Failed calls per gateway code before they stop being listed,,,integer
ingest_settings,fail_window_s,number,"number with unit (qty kg, %, rate); Intl en-US grouping",,,Failure window (seconds),,,integer
ingest_settings,global_reject_budget,number,"number with unit (qty kg, %, rate); Intl en-US grouping",,,Failed calls in all before they stop being listed,,,integer
ingest_settings,max_payload_bytes,number,"number with unit (qty kg, %, rate); Intl en-US grouping",,,Largest call (bytes),,,integer
ingest_settings,max_messages,number,"number with unit (qty kg, %, rate); Intl en-US grouping",,,Most messages in one call,,,integer
ingest_settings,clock_ahead_s,number,"number with unit (qty kg, %, rate); Intl en-US grouping",,,Clock-ahead threshold (seconds),,,integer
ingest_settings,updated_at,audit_std,hide: the trail entry already says who and when,,,Updated on,,,timestamp with time zone
ingest_settings,updated_by,audit_std,hide: the trail entry already says who and when,,,Updated by,,,uuid
ingest_data_classes,code,own_key,show as-is: the record's own business key (code/number),,,Code,,,text
ingest_data_classes,name_en,text,verbatim,,,Name (EN),,,text
ingest_data_classes,name_zh,text,verbatim,,,Name (ZH),,,text
ingest_data_classes,target_en,text,verbatim,,,Becomes,,,text
ingest_data_classes,transform_function,technical,hide: an internal function name,,,Transformer,,,text
ingest_data_classes,manual_entry_code,text,verbatim,,,Permission for manual entry,,,text
ingest_data_classes,is_active,boolean,Yes / No,,,Active,,,boolean
ingest_data_classes,sort_order,technical,hide: display order,,,Sort order,,,integer
capture_drafts,id,technical,hide: row identity (the trail names the record in its heading),,,ID,,,uuid
capture_drafts,inbox_id,technical,hide: the inbox row number (the queue shows it),,,Inbox row,,,bigint
capture_drafts,data_class,dict,ingest_data_classes (data class name),,,Data class,,,text
capture_drafts,source,enum,message keys capture.source.<v>,,,Source,,,text
capture_drafts,device_id,fk_document,"devices.code (document number, prefix DEV)",,,Instrument,,,uuid
capture_drafts,station,text,verbatim,,,Station,,,text
capture_drafts,proposed,jsonb,no generic rendering: needs a per-column renderer or hide (never raw JSON),,,Reading as received,,,jsonb
capture_drafts,status,enum_like,Pending / Confirmed / Rejected,,,Status,,,text
capture_drafts,created_at,audit_std,hide: the trail entry already says who and when,,,Created on,,,timestamp with time zone
capture_drafts,confirmed_at,timestamp_audit,formatAuditStamp,,,Confirmed on,,,timestamp with time zone
capture_drafts,confirmed_by,actor,person who acted,,,Confirmed by,,,uuid
capture_drafts,rejected_at,timestamp_audit,formatAuditStamp,,,Rejected on,,,timestamp with time zone
capture_drafts,rejected_by,actor,person who acted,,,Rejected by,,,uuid
capture_drafts,reject_reason,text,verbatim,,,Reason for rejecting,,,text
capture_draft_changes,id,technical,hide: row identity (the trail names the record in its heading),,,ID,,,uuid
capture_draft_changes,draft_id,technical,hide: the draft it belongs to,,,Draft,,,uuid
capture_draft_changes,field,text,verbatim,,,Field,,,text
capture_draft_changes,original_value,jsonb,no generic rendering: needs a per-column renderer or hide (never raw JSON),,,Original value,,,jsonb
capture_draft_changes,confirmed_value,jsonb,no generic rendering: needs a per-column renderer or hide (never raw JSON),,,Confirmed value,,,jsonb
capture_draft_changes,reason,text,verbatim,,,Reason for the change,,,text
capture_draft_changes,created_at,audit_std,hide: the trail entry already says who and when,,,Created on,,,timestamp with time zone
capture_draft_changes,created_by,audit_std,hide: the trail entry already says who and when,,,Created by,,,uuid
weighbridge_tickets,id,technical,hide: row identity (the trail names the record in its heading),,,ID,,,uuid
weighbridge_tickets,code,own_key,show as-is: the record's own business key (code/number),,,Ticket number,,,text
weighbridge_tickets,direction,enum,message keys weighbridge.direction.<v>,,,Direction,,,text
weighbridge_tickets,vehicle_reg,text,verbatim,,,Vehicle registration,,,text
weighbridge_tickets,notes,text,verbatim,,,Notes,,,text
weighbridge_tickets,completed_at,timestamp_audit,formatAuditStamp,,,Completed on,,,timestamp with time zone
weighbridge_tickets,voided_at,timestamp_audit,formatAuditStamp,,,Voided on,,,timestamp with time zone
weighbridge_tickets,voided_by,actor,person who acted,,,Voided by,,,uuid
weighbridge_tickets,void_reason,text,verbatim,,,Reason for voiding,,,text
weighbridge_tickets,created_at,audit_std,hide: the trail entry already says who and when,,,Created on,,,timestamp with time zone
weighbridge_tickets,created_by,audit_std,hide: the trail entry already says who and when,,,Created by,,,uuid
weighbridge_tickets,updated_at,audit_std,hide: the trail entry already says who and when,,,Updated on,,,timestamp with time zone
weighbridge_tickets,updated_by,audit_std,hide: the trail entry already says who and when,,,Updated by,,,uuid
weighings,id,technical,hide: row identity (the trail names the record in its heading),,,ID,,,uuid
weighings,inbox_id,technical,hide: the inbox row number,,,Inbox row,,,bigint
weighings,draft_id,technical,hide: the draft it confirmed,,,Draft,,,uuid
weighings,device_id,fk_document,"devices.code (document number, prefix DEV)",,,Instrument,,,uuid
weighings,source,enum,message keys capture.source.<v>,,,Source,,,text
weighings,weight_kg,number,"number with unit (qty kg, %, rate); Intl en-US grouping",,,Weight (kg),,,numeric
weighings,role,enum,message keys weighing.role.<v>,,,Weighing,,,text
weighings,ticket_id,fk_document,"weighbridge_tickets.code (document number, prefix WB)",,,Weighbridge ticket,,,uuid
weighings,site_from,timestamp_audit,formatAuditStamp,,,Weighed from,,,timestamp with time zone
weighings,site_to,timestamp_audit,formatAuditStamp,,,Weighed until,,,timestamp with time zone
weighings,site_dataset_ref,text,verbatim,,,Raw data at site,,,text
weighings,captured_at,timestamp_audit,formatAuditStamp,,,Weighed at,,,timestamp with time zone
weighings,confirmed_at,timestamp_audit,formatAuditStamp,,,Confirmed on,,,timestamp with time zone
weighings,confirmed_by,actor,person who acted,,,Confirmed by,,,uuid
weighings,corrects_id,technical,hide: the weighing it corrects (the block says Corrected),,,Corrects,,,uuid
weighings,correction_reason,text,verbatim,,,Reason for the correction,,,text
weighbridge_ticket_shares,id,technical,hide: row identity (the trail names the record in its heading),,,ID,,,uuid
weighbridge_ticket_shares,ticket_id,fk_document,"weighbridge_tickets.code (document number, prefix WB)",,,Weighbridge ticket,,,uuid
weighbridge_ticket_shares,inbound_batch_id,fk_document,"inbound_batches.code (document number, prefix IN)",,,Receipt,,,uuid
weighbridge_ticket_shares,shipment_line_id,fk_other,shipment_lines (the shipment's code),,,Shipment line,,,uuid
weighbridge_ticket_shares,kg,number,"number with unit (qty kg, %, rate); Intl en-US grouping",,,Share (kg),,,numeric
weighbridge_ticket_shares,receipt_quantity_reason,text,verbatim,,,Why the receipt quantity differs,,,text
weighbridge_ticket_shares,created_at,audit_std,hide: the trail entry already says who and when,,,Created on,,,timestamp with time zone
weighbridge_ticket_shares,created_by,audit_std,hide: the trail entry already says who and when,,,Created by,,,uuid
weighbridge_ticket_photos,id,technical,hide: row identity (the trail names the record in its heading),,,ID,,,uuid
weighbridge_ticket_photos,ticket_id,fk_document,"weighbridge_tickets.code (document number, prefix WB)",,,Weighbridge ticket,,,uuid
weighbridge_ticket_photos,file_path,technical,hide: a storage key,,,File,,,text
weighbridge_ticket_photos,file_name,text,verbatim,,,File name,,,text
weighbridge_ticket_photos,mime_type,technical,hide: a file type,,,File type,,,text
weighbridge_ticket_photos,size_bytes,technical,hide: a file size,,,File size,,,integer
weighbridge_ticket_photos,uploaded_at,timestamp_audit,formatAuditStamp,,,Uploaded on,,,timestamp with time zone
weighbridge_ticket_photos,uploaded_by,actor,person who acted,,,Uploaded by,,,uuid
weighbridge_ticket_photos,withdrawn_at,timestamp_audit,formatAuditStamp,,,Withdrawn on,,,timestamp with time zone
weighbridge_ticket_photos,withdrawn_by,actor,person who acted,,,Withdrawn by,,,uuid
weighbridge_ticket_photos,withdraw_reason,text,verbatim,,,Reason for withdrawing,,,text
instrument_calibrations,id,technical,hide: row identity (the trail names the record in its heading),,,ID,,,bigint
instrument_calibrations,device_id,fk_document,"devices.code (document number, prefix DEV)",,,Instrument,,,uuid
instrument_calibrations,calibrated_on,date,"formatDate (lib/dates.ts:193) → today ""01 Sep 2026""; Tim now asks DD/MM/YYYY",,,Calibrated on,,,date
instrument_calibrations,valid_until,date,"formatDate (lib/dates.ts:193) → today ""01 Sep 2026""; Tim now asks DD/MM/YYYY",,,Valid until,,,date
instrument_calibrations,result,enum,message keys calibration.result.<v>,,,Result,,,text
instrument_calibrations,certificate_no,text,verbatim,,,Certificate number,,,text
instrument_calibrations,calibrating_body,text,verbatim,,,Calibrated by,,,text
instrument_calibrations,notes,text,verbatim,,,Notes,,,text
instrument_calibrations,recorded_at,audit_std,hide: the trail entry already says who and when,,,Recorded on,,,timestamp with time zone
instrument_calibrations,recorded_by,audit_std,hide: the trail entry already says who and when,,,Recorded by,,,uuid
instrument_calibrations,voided_at,timestamp_audit,formatAuditStamp,,,Voided on,,,timestamp with time zone
instrument_calibrations,voided_by,actor,person who acted,,,Voided by,,,uuid
instrument_calibrations,void_reason,text,verbatim,,,Reason for voiding,,,text
ingest_settings,require_calibrated_since,date,"formatDate (lib/dates.ts:193) → today ""01 Sep 2026""; Tim now asks DD/MM/YYYY",,,Calibration rule applies from,,,date
ingest_settings,calibration_lead_days,number,"number with unit (qty kg, %, rate); Intl en-US grouping",,,Calibration reminder lead (days),,,integer
ingest_data_classes,creates_draft,boolean,Yes / No,,,Waits for confirmation,,,boolean
nea_waste_categories,code,own_key,show as-is: the record's own business key (code/number),,,Code,,,text
nea_waste_categories,name_en,text,verbatim,dict.f.nameEn,Name (EN),,high,app/settings/dictionaries/DictSection.tsx:199,text
nea_waste_categories,name_zh,text,verbatim,dict.f.nameZh,Name (ZH),,high,app/settings/dictionaries/DictSection.tsx:204,text
nea_waste_categories,is_active,boolean,words: Yes / No (common.yes/common.no if present) or a column-specific phrase,dict.f.isActive,Status,,high,app/settings/dictionaries/DictSection.tsx:86,boolean
nea_waste_categories,sort_order,technical,hide,,,Sort order,,,integer
nea_waste_categories,notes,text,verbatim,,,Notes,,,text
nea_waste_categories,created_at,audit_std,hide: the trail entry already says who and when,,,Created on,,,timestamp with time zone
nea_waste_categories,updated_at,audit_std,hide: the trail entry already says who and when,,,Updated on,,,timestamp with time zone
nea_waste_categories,updated_by,audit_std,hide: the trail entry already says who and when,,,Updated by,,,uuid
licence_storage_limits,id,technical,hide: row identity (the trail names the record in its heading),,,ID,,,uuid
licence_storage_limits,licence_id,technical,hide: the licence (the trail is the licence's),,,Licence,,,uuid
licence_storage_limits,category_code,dict,nea_waste_categories.name_en (via code),,,NEA waste category,,,text
licence_storage_limits,limit_tonnes,number,"number with unit (qty kg, %, rate); Intl en-US grouping",,,Storage ceiling (tonnes),,,numeric
licence_storage_limits,notes,text,verbatim,,,Notes,,,text
licence_storage_limits,created_at,audit_std,hide: the trail entry already says who and when,,,Created on,,,timestamp with time zone
licence_storage_limits,created_by,audit_std,hide: the trail entry already says who and when,,,Created by,,,uuid
licence_storage_limits,updated_at,audit_std,hide: the trail entry already says who and when,,,Updated on,,,timestamp with time zone
licence_storage_limits,updated_by,audit_std,hide: the trail entry already says who and when,,,Updated by,,,uuid
receipt_ceiling_checks,id,technical,hide: row identity (the trail names the record in its heading),,,ID,,,uuid
receipt_ceiling_checks,inbound_batch_id,technical,hide: the batch (the trail is the batch's),,,Inbound batch,,,uuid
receipt_ceiling_checks,output_batch_id,technical,hide: the batch (the trail is the batch's),,,Output batch,,,uuid
receipt_ceiling_checks,licence_id,fk_other,company_compliance (the licence number),,,Licence,,,uuid
receipt_ceiling_checks,category_code,dict,nea_waste_categories.name_en (via code),,,NEA waste category,,,text
receipt_ceiling_checks,outcome,enum,ENUM_OVERRIDES receipt_ceiling_checks#outcome,,,Outcome,,,text
receipt_ceiling_checks,quantity_t,number,"number with unit (qty kg, %, rate); Intl en-US grouping",,,This batch (tonnes),,,numeric
receipt_ceiling_checks,on_hand_before_t,number,"number with unit (qty kg, %, rate); Intl en-US grouping",,,On site before (tonnes),,,numeric
receipt_ceiling_checks,limit_t,number,"number with unit (qty kg, %, rate); Intl en-US grouping",,,Category ceiling (tonnes),,,numeric
receipt_ceiling_checks,total_on_hand_before_t,number,"number with unit (qty kg, %, rate); Intl en-US grouping",,,All categories on site before (tonnes),,,numeric
receipt_ceiling_checks,total_limit_t,number,"number with unit (qty kg, %, rate); Intl en-US grouping",,,Licence total ceiling (tonnes),,,numeric
receipt_ceiling_checks,checked_on,date,"formatDate (lib/dates.ts:193) → today ""01 Sep 2026""; Tim now asks DD/MM/YYYY",,,Checked for,,,date
receipt_ceiling_checks,created_at,audit_std,hide: the trail entry already says who and when,,,Created on,,,timestamp with time zone
receipt_ceiling_checks,created_by,audit_std,hide: the trail entry already says who and when,,,Created by,,,uuid
materials,nea_waste_category_code,dict,nea_waste_categories.name_en (via code),materials.form.neaCategory,NEA waste category,,high,app/materials/NeaCategoryPicker.tsx:24,text
storage_locations,is_quarantine,boolean,words: Yes / No (common.yes/common.no if present) or a column-specific phrase,locations.form.quarantine,Quarantine location,,high,app/inventory/locations/LocationForm.tsx:107,boolean
inbound_safety_states,dwell_warning_days,number,"number with unit (qty kg, %, rate); Intl en-US grouping",dict.f.dwell_warning_days,Dwell warning (days),,high,app/settings/dictionaries/registry.ts:121,integer
inbound_safety_states,requires_quarantine,boolean,words: Yes / No (common.yes/common.no if present) or a column-specific phrase,dict.f.requires_quarantine,Requires quarantine,,high,app/settings/dictionaries/registry.ts:123,boolean
inbound_batch_safety_states,id,technical,hide: row identity (the trail names the record in its heading),,,ID,,,uuid
inbound_batch_safety_states,created_by_run_id,technical,hide: the run (the block names it),,,Written by processing run,,,uuid
inbound_batch_safety_states,ended_at,timestamp_audit,formatAuditStamp,,,Ended on,,,timestamp with time zone
inbound_batch_safety_states,ended_by,actor,person who acted,,,Ended by,,,uuid
inbound_batch_safety_states,end_reason,text,verbatim,,,Reason for ending,,,text
inbound_batch_safety_states,ended_by_run_id,technical,hide: the run (the reason names it),,,Ended by processing run,,,uuid
inbound_batch_safety_states,reopened_from_id,technical,hide: the earlier row it reopens,,,Reopens,,,uuid
output_batch_safety_states,id,technical,hide: row identity (the trail names the record in its heading),,,ID,,,uuid
output_batch_safety_states,created_by_run_id,technical,hide: the run (the block names it),,,Written by processing run,,,uuid
output_batch_safety_states,ended_at,timestamp_audit,formatAuditStamp,,,Ended on,,,timestamp with time zone
output_batch_safety_states,ended_by,actor,person who acted,,,Ended by,,,uuid
output_batch_safety_states,end_reason,text,verbatim,,,Reason for ending,,,text
output_batch_safety_states,ended_by_run_id,technical,hide: the run (the reason names it),,,Ended by processing run,,,uuid
output_batch_safety_states,reopened_from_id,technical,hide: the earlier row it reopens,,,Reopens,,,uuid
